image_name,fold
ISIC_2637011,1
ISIC_0015719,3
ISIC_0052212,4
ISIC_0068279,2
ISIC_0074268,3
ISIC_0074311,0
ISIC_0074542,3
ISIC_0075663,3
ISIC_0075914,0
ISIC_0076262,2
ISIC_0076545,1
ISIC_0076742,4
ISIC_0076995,4
ISIC_0077472,3
ISIC_0077735,0
ISIC_0078703,1
ISIC_0078712,1
ISIC_0079038,1
ISIC_0080512,1
ISIC_0080752,0
ISIC_0080817,4
ISIC_0081956,2
ISIC_0082348,2
ISIC_0082543,4
ISIC_0082934,1
ISIC_0083035,2
ISIC_0084086,1
ISIC_0084270,4
ISIC_0084395,0
ISIC_0085172,0
ISIC_0085718,1
ISIC_0085902,4
ISIC_0086349,1
ISIC_0086462,4
ISIC_0086632,2
ISIC_0086709,4
ISIC_0087290,4
ISIC_0087297,2
ISIC_0088137,3
ISIC_0088489,2
ISIC_0089401,0
ISIC_0089569,2
ISIC_0089738,4
ISIC_0090279,4
ISIC_0091016,1
ISIC_0091559,3
ISIC_0091996,4
ISIC_0092726,1
ISIC_0092870,2
ISIC_0094701,1
ISIC_0094755,1
ISIC_0094775,4
ISIC_0095805,2
ISIC_0096201,1
ISIC_0096227,3
ISIC_0096328,3
ISIC_0097499,3
ISIC_0097500,2
ISIC_0097997,1
ISIC_0098198,2
ISIC_0098784,2
ISIC_0099474,4
ISIC_0099546,0
ISIC_0100550,3
ISIC_0103298,0
ISIC_0105145,4
ISIC_0106091,4
ISIC_0109415,1
ISIC_0109568,4
ISIC_0109703,2
ISIC_0109869,1
ISIC_0112097,2
ISIC_0112444,2
ISIC_0112884,1
ISIC_0113820,3
ISIC_0114225,4
ISIC_0120729,3
ISIC_0124849,2
ISIC_0125706,4
ISIC_0134357,3
ISIC_0136526,2
ISIC_0140339,1
ISIC_0147642,0
ISIC_0147817,2
ISIC_0147869,2
ISIC_0148465,0
ISIC_0148643,4
ISIC_0148677,0
ISIC_0148751,4
ISIC_0148783,3
ISIC_0149527,4
ISIC_0149568,0
ISIC_0149698,3
ISIC_0149918,1
ISIC_0150363,3
ISIC_0150975,3
ISIC_0151200,2
ISIC_0152307,2
ISIC_0152823,0
ISIC_0153265,3
ISIC_0153549,3
ISIC_0153589,1
ISIC_0153911,4
ISIC_0153932,0
ISIC_0154032,2
ISIC_0154253,2
ISIC_0154338,2
ISIC_0154813,1
ISIC_0154870,3
ISIC_0154872,0
ISIC_0154880,4
ISIC_0155012,2
ISIC_0155173,4
ISIC_0155273,3
ISIC_0155473,1
ISIC_0155575,2
ISIC_0156460,2
ISIC_0156642,4
ISIC_0156772,1
ISIC_0157530,3
ISIC_0157923,2
ISIC_0158127,2
ISIC_0158187,2
ISIC_0159060,0
ISIC_0159568,3
ISIC_0159663,2
ISIC_0159746,1
ISIC_0159782,1
ISIC_0159996,2
ISIC_0160270,2
ISIC_0160340,2
ISIC_0160455,0
ISIC_0160831,1
ISIC_0161840,3
ISIC_0162627,4
ISIC_0162708,4
ISIC_0162967,0
ISIC_0163110,0
ISIC_0163463,0
ISIC_0163639,0
ISIC_0163765,2
ISIC_0163767,4
ISIC_0163812,0
ISIC_0164145,1
ISIC_0164297,0
ISIC_0164329,4
ISIC_0164388,0
ISIC_0164512,2
ISIC_0164603,1
ISIC_0164809,3
ISIC_0165273,0
ISIC_0165449,2
ISIC_0165903,0
ISIC_0165945,0
ISIC_0166059,1
ISIC_0166202,0
ISIC_0166935,3
ISIC_0166988,4
ISIC_0167093,0
ISIC_0168306,3
ISIC_0168399,3
ISIC_0168418,0
ISIC_0168678,4
ISIC_0169604,0
ISIC_0169687,0
ISIC_0170008,3
ISIC_0170059,0
ISIC_0170101,0
ISIC_0170285,0
ISIC_0170545,4
ISIC_0170583,4
ISIC_0170636,0
ISIC_0170676,4
ISIC_0170696,1
ISIC_0170960,1
ISIC_0171235,4
ISIC_0171946,4
ISIC_0171983,4
ISIC_0172020,1
ISIC_0172163,3
ISIC_0172865,2
ISIC_0172959,3
ISIC_0173137,3
ISIC_0173213,4
ISIC_0173385,4
ISIC_0173485,4
ISIC_0174405,2
ISIC_0174527,2
ISIC_0174903,3
ISIC_0174983,4
ISIC_0175364,1
ISIC_0175486,4
ISIC_0175530,2
ISIC_0175837,2
ISIC_0176577,4
ISIC_0176781,3
ISIC_0177190,1
ISIC_0177304,4
ISIC_0177860,3
ISIC_0178430,3
ISIC_0178744,1
ISIC_0179056,1
ISIC_0179074,4
ISIC_0179104,0
ISIC_0179191,0
ISIC_0179267,1
ISIC_0180194,3
ISIC_0180510,0
ISIC_0180660,0
ISIC_0181017,0
ISIC_0181059,0
ISIC_0181374,1
ISIC_0181445,2
ISIC_0181678,4
ISIC_0182020,4
ISIC_0182730,3
ISIC_0183256,3
ISIC_0183290,2
ISIC_0183925,2
ISIC_0184482,4
ISIC_0184688,3
ISIC_0184944,1
ISIC_0185051,3
ISIC_0185135,2
ISIC_0185177,2
ISIC_0185547,1
ISIC_0185918,0
ISIC_0186161,3
ISIC_0186437,1
ISIC_0186501,2
ISIC_0186820,2
ISIC_0187428,4
ISIC_0187498,1
ISIC_0187812,2
ISIC_0188415,0
ISIC_0188432,1
ISIC_0188926,0
ISIC_0188955,0
ISIC_0189059,0
ISIC_0189333,1
ISIC_0189336,1
ISIC_0189694,3
ISIC_0189837,3
ISIC_0190308,1
ISIC_0190725,2
ISIC_0190870,1
ISIC_0191366,1
ISIC_0191734,3
ISIC_0191871,4
ISIC_0192419,3
ISIC_0192490,2
ISIC_0192596,2
ISIC_0192701,0
ISIC_0192893,0
ISIC_0193456,4
ISIC_0193785,2
ISIC_0193907,0
ISIC_0193920,4
ISIC_0194550,4
ISIC_0194914,1
ISIC_0195078,3
ISIC_0195699,4
ISIC_0195972,2
ISIC_0196273,3
ISIC_0196399,3
ISIC_0196403,1
ISIC_0196502,2
ISIC_0196559,1
ISIC_0196694,3
ISIC_0196945,2
ISIC_0197584,1
ISIC_0197636,2
ISIC_0197873,3
ISIC_0198331,3
ISIC_0198375,2
ISIC_0198392,1
ISIC_0198861,4
ISIC_0199116,3
ISIC_0199261,0
ISIC_0199455,2
ISIC_0199494,4
ISIC_0199538,4
ISIC_0199719,0
ISIC_0200153,4
ISIC_0200174,3
ISIC_0200204,1
ISIC_0200611,3
ISIC_0200921,2
ISIC_0200999,1
ISIC_0201351,4
ISIC_0201689,1
ISIC_0201767,1
ISIC_0202023,2
ISIC_0202120,4
ISIC_0202167,0
ISIC_0202259,0
ISIC_0202576,4
ISIC_0202680,4
ISIC_0202808,0
ISIC_0203016,4
ISIC_0203233,0
ISIC_0204275,0
ISIC_0204355,1
ISIC_0204580,0
ISIC_0204819,0
ISIC_0204994,2
ISIC_0205127,0
ISIC_0205748,3
ISIC_0205926,3
ISIC_0206079,3
ISIC_0206325,0
ISIC_0206442,1
ISIC_0206758,4
ISIC_0207209,3
ISIC_0207268,2
ISIC_0207341,0
ISIC_0207349,3
ISIC_0208378,1
ISIC_0208967,0
ISIC_0209871,1
ISIC_0210282,2
ISIC_0210308,1
ISIC_0210423,1
ISIC_0210830,4
ISIC_0210998,4
ISIC_0212729,0
ISIC_0212774,1
ISIC_0212931,2
ISIC_0213271,2
ISIC_0213336,2
ISIC_0213974,4
ISIC_0214037,3
ISIC_0214186,4
ISIC_0214335,4
ISIC_0214635,4
ISIC_0214903,3
ISIC_0215054,1
ISIC_0215112,3
ISIC_0215966,3
ISIC_0216296,2
ISIC_0216689,4
ISIC_0216690,2
ISIC_0217057,4
ISIC_0217111,4
ISIC_0217267,0
ISIC_0217818,3
ISIC_0218072,4
ISIC_0218575,3
ISIC_0218747,4
ISIC_0219450,1
ISIC_0219493,3
ISIC_0219948,0
ISIC_0220461,3
ISIC_0220649,1
ISIC_0220926,3
ISIC_0221351,1
ISIC_0221590,1
ISIC_0222117,1
ISIC_0222150,2
ISIC_0222299,2
ISIC_0223857,4
ISIC_0224295,3
ISIC_0224300,2
ISIC_0224397,3
ISIC_0224429,0
ISIC_0224678,2
ISIC_0224681,1
ISIC_0224919,2
ISIC_0224921,0
ISIC_0225245,4
ISIC_0225295,4
ISIC_0226034,4
ISIC_0226072,3
ISIC_0226137,3
ISIC_0227038,1
ISIC_0227532,3
ISIC_0228497,4
ISIC_0228659,2
ISIC_0228713,1
ISIC_0228718,0
ISIC_0228772,0
ISIC_0229265,1
ISIC_0229459,1
ISIC_0229510,1
ISIC_0229600,3
ISIC_0229656,1
ISIC_0229659,0
ISIC_0229680,3
ISIC_0229832,1
ISIC_0229871,3
ISIC_0230169,4
ISIC_0230209,0
ISIC_0230332,1
ISIC_0230516,4
ISIC_0230564,3
ISIC_0231167,2
ISIC_0231465,1
ISIC_0231745,1
ISIC_0231828,2
ISIC_0232101,2
ISIC_0232274,2
ISIC_0232767,2
ISIC_0232785,0
ISIC_0232963,2
ISIC_0233487,3
ISIC_0234038,3
ISIC_0234049,4
ISIC_0234096,2
ISIC_0234140,1
ISIC_0234146,1
ISIC_0234248,3
ISIC_0234894,0
ISIC_0235728,2
ISIC_0236237,3
ISIC_0236261,3
ISIC_0236510,2
ISIC_0236531,1
ISIC_0236739,4
ISIC_0236778,2
ISIC_0237514,3
ISIC_0237636,3
ISIC_0237721,1
ISIC_0237862,3
ISIC_0238002,3
ISIC_0238118,4
ISIC_0238215,2
ISIC_0238491,1
ISIC_0238570,1
ISIC_0238711,0
ISIC_0238824,4
ISIC_0238871,0
ISIC_0238940,4
ISIC_0239070,3
ISIC_0239178,1
ISIC_0239597,3
ISIC_0239810,2
ISIC_0239843,0
ISIC_0239949,3
ISIC_0240365,3
ISIC_0240628,1
ISIC_0240778,0
ISIC_0241109,2
ISIC_0242433,4
ISIC_0242571,0
ISIC_0242646,2
ISIC_0242801,4
ISIC_0243148,0
ISIC_0243160,1
ISIC_0243235,3
ISIC_0243683,2
ISIC_0243849,2
ISIC_0244197,4
ISIC_0244240,2
ISIC_0244877,0
ISIC_0245258,4
ISIC_0246090,4
ISIC_0246184,0
ISIC_0247197,2
ISIC_0247242,2
ISIC_0247330,2
ISIC_0247541,0
ISIC_0247964,0
ISIC_0248114,3
ISIC_0248218,3
ISIC_0248321,4
ISIC_0248521,3
ISIC_0248628,0
ISIC_0248936,0
ISIC_0249212,4
ISIC_0249269,0
ISIC_0249560,0
ISIC_0249982,2
ISIC_0250064,1
ISIC_0250069,3
ISIC_0250455,4
ISIC_0250839,2
ISIC_0250842,3
ISIC_0251149,1
ISIC_0252448,2
ISIC_0252649,1
ISIC_0253178,2
ISIC_0253367,4
ISIC_0253516,3
ISIC_0253871,4
ISIC_0254158,4
ISIC_0254447,4
ISIC_0254517,2
ISIC_0254686,2
ISIC_0254698,3
ISIC_0255205,3
ISIC_0255508,2
ISIC_0255796,4
ISIC_0255843,2
ISIC_0255914,2
ISIC_0255997,1
ISIC_0256715,3
ISIC_0256926,0
ISIC_0257447,0
ISIC_0257755,4
ISIC_0258061,4
ISIC_0258065,2
ISIC_0258806,0
ISIC_0258821,2
ISIC_0259179,1
ISIC_0259615,4
ISIC_0260290,0
ISIC_0260316,0
ISIC_0260475,4
ISIC_0261499,0
ISIC_0261693,4
ISIC_0261781,2
ISIC_0262276,0
ISIC_0262401,1
ISIC_0262618,3
ISIC_0262770,0
ISIC_0263178,0
ISIC_0263478,4
ISIC_0263522,3
ISIC_0263916,1
ISIC_0264941,4
ISIC_0265576,3
ISIC_0266468,2
ISIC_0266738,3
ISIC_0267054,4
ISIC_0267586,0
ISIC_0268080,1
ISIC_0268179,3
ISIC_0268187,0
ISIC_0268371,4
ISIC_0268557,2
ISIC_0268633,0
ISIC_0268701,1
ISIC_0268703,0
ISIC_0268784,3
ISIC_0268811,2
ISIC_0270101,3
ISIC_0270289,2
ISIC_0270582,2
ISIC_0271017,3
ISIC_0271121,4
ISIC_0271299,2
ISIC_0271408,4
ISIC_0271922,1
ISIC_0272026,4
ISIC_0272509,0
ISIC_0272567,1
ISIC_0273046,1
ISIC_0273222,4
ISIC_0273594,2
ISIC_0273664,0
ISIC_0273685,4
ISIC_0274382,2
ISIC_0274625,4
ISIC_0274900,1
ISIC_0275409,2
ISIC_0275661,1
ISIC_0275693,4
ISIC_0275783,0
ISIC_0275828,4
ISIC_0275984,4
ISIC_0276167,0
ISIC_0276435,1
ISIC_0277115,2
ISIC_0277164,4
ISIC_0277320,0
ISIC_0277340,4
ISIC_0277354,2
ISIC_0277705,0
ISIC_0277727,1
ISIC_0277859,4
ISIC_0278021,3
ISIC_0278116,0
ISIC_0278126,3
ISIC_0278130,2
ISIC_0278346,1
ISIC_0279526,1
ISIC_0280208,4
ISIC_0280404,2
ISIC_0280603,1
ISIC_0280749,0
ISIC_0280912,2
ISIC_0280943,3
ISIC_0281179,0
ISIC_0281286,0
ISIC_0281291,1
ISIC_0281404,3
ISIC_0281631,1
ISIC_0281658,2
ISIC_0281753,1
ISIC_0282040,0
ISIC_0282166,1
ISIC_0282281,2
ISIC_0282321,4
ISIC_0282422,1
ISIC_0282681,1
ISIC_0283463,2
ISIC_0283506,1
ISIC_0283511,3
ISIC_0283541,4
ISIC_0283957,0
ISIC_0284295,1
ISIC_0284422,0
ISIC_0284505,1
ISIC_0284664,0
ISIC_0285051,2
ISIC_0285095,3
ISIC_0285157,4
ISIC_0286360,2
ISIC_0286750,0
ISIC_0287510,2
ISIC_0287683,3
ISIC_0287784,0
ISIC_0287804,1
ISIC_0288421,0
ISIC_0288916,3
ISIC_0289191,3
ISIC_0289478,0
ISIC_0289491,4
ISIC_0290785,2
ISIC_0290881,2
ISIC_0291277,3
ISIC_0291282,3
ISIC_0291394,2
ISIC_0291473,2
ISIC_0291882,4
ISIC_0292158,4
ISIC_0292349,2
ISIC_0292616,2
ISIC_0292775,4
ISIC_0293086,4
ISIC_0293409,2
ISIC_0293416,1
ISIC_0293607,2
ISIC_0293967,4
ISIC_0294170,4
ISIC_0294249,2
ISIC_0294399,1
ISIC_0294687,3
ISIC_0294733,4
ISIC_0294910,2
ISIC_0295003,3
ISIC_0295104,4
ISIC_0295178,0
ISIC_0295323,0
ISIC_0295507,4
ISIC_0295820,0
ISIC_0296109,3
ISIC_0296580,2
ISIC_0296785,0
ISIC_0297032,0
ISIC_0297186,1
ISIC_0297558,2
ISIC_0297595,2
ISIC_0297795,2
ISIC_0298093,4
ISIC_0298274,1
ISIC_0299242,1
ISIC_0299504,0
ISIC_0299520,2
ISIC_0299741,0
ISIC_0300915,2
ISIC_0301191,4
ISIC_0301404,4
ISIC_0301568,4
ISIC_0301734,2
ISIC_0301931,4
ISIC_0302103,1
ISIC_0302441,3
ISIC_0302804,2
ISIC_0303196,1
ISIC_0303421,1
ISIC_0304019,3
ISIC_0304042,2
ISIC_0304649,0
ISIC_0304703,1
ISIC_0305250,1
ISIC_0305679,1
ISIC_0305798,1
ISIC_0305800,1
ISIC_0305842,3
ISIC_0305879,2
ISIC_0305928,3
ISIC_0307377,0
ISIC_0307909,3
ISIC_0307958,2
ISIC_0308127,3
ISIC_0308133,4
ISIC_0308722,4
ISIC_0308888,2
ISIC_0309317,1
ISIC_0309642,0
ISIC_0309912,2
ISIC_0310231,1
ISIC_0310341,3
ISIC_0310588,4
ISIC_0310734,4
ISIC_0311112,2
ISIC_0311369,3
ISIC_0311412,1
ISIC_0311783,4
ISIC_0311853,1
ISIC_0312662,3
ISIC_0313067,4
ISIC_0313422,4
ISIC_0313507,1
ISIC_0313653,2
ISIC_0313924,2
ISIC_0314462,1
ISIC_0315525,0
ISIC_0315631,1
ISIC_0316025,3
ISIC_0316484,1
ISIC_0316656,4
ISIC_0316668,4
ISIC_0316788,1
ISIC_0316826,1
ISIC_0316933,1
ISIC_0317589,0
ISIC_0317682,2
ISIC_0318642,0
ISIC_0319410,4
ISIC_0319491,4
ISIC_0319715,4
ISIC_0319928,3
ISIC_0320013,3
ISIC_0320227,2
ISIC_0320334,0
ISIC_0321114,3
ISIC_0322004,2
ISIC_0322340,3
ISIC_0322371,3
ISIC_0322637,4
ISIC_0322818,2
ISIC_0322967,0
ISIC_0323624,1
ISIC_0323792,0
ISIC_0324255,3
ISIC_0324380,3
ISIC_0324600,1
ISIC_0325416,2
ISIC_0325664,0
ISIC_0325761,4
ISIC_0325771,2
ISIC_0326523,3
ISIC_0326608,4
ISIC_0327120,2
ISIC_0327225,4
ISIC_0327406,1
ISIC_0329458,2
ISIC_0330567,1
ISIC_0331124,1
ISIC_0331159,2
ISIC_0331389,0
ISIC_0331767,3
ISIC_0331947,4
ISIC_0332337,3
ISIC_0332865,1
ISIC_0333051,0
ISIC_0333091,4
ISIC_0333102,0
ISIC_0333215,3
ISIC_0333246,0
ISIC_0333589,4
ISIC_0333641,2
ISIC_0333736,1
ISIC_0333899,4
ISIC_0334024,4
ISIC_0334101,1
ISIC_0334153,4
ISIC_0334227,3
ISIC_0335172,3
ISIC_0335396,3
ISIC_0337401,3
ISIC_0337541,1
ISIC_0337631,2
ISIC_0337921,2
ISIC_0337940,1
ISIC_0338377,3
ISIC_0338712,0
ISIC_0338723,2
ISIC_0338752,4
ISIC_0339099,1
ISIC_0339773,0
ISIC_0339922,4
ISIC_0339930,4
ISIC_0339959,1
ISIC_0340091,2
ISIC_0340256,3
ISIC_0340453,1
ISIC_0340931,3
ISIC_0340995,3
ISIC_0341159,2
ISIC_0341262,3
ISIC_0341298,3
ISIC_0341350,3
ISIC_0341663,1
ISIC_0341785,4
ISIC_0342557,0
ISIC_0342587,4
ISIC_0342608,2
ISIC_0342869,0
ISIC_0343061,4
ISIC_0343860,1
ISIC_0343957,1
ISIC_0344052,0
ISIC_0344658,4
ISIC_0345499,3
ISIC_0345845,1
ISIC_0347263,2
ISIC_0347795,3
ISIC_0347824,2
ISIC_0347984,4
ISIC_0348150,4
ISIC_0348503,1
ISIC_0348633,4
ISIC_0349484,3
ISIC_0349996,1
ISIC_0350117,0
ISIC_0350269,3
ISIC_0350472,1
ISIC_0350663,2
ISIC_0350875,3
ISIC_0351084,3
ISIC_0351188,0
ISIC_0351240,2
ISIC_0351547,0
ISIC_0351666,1
ISIC_0352239,1
ISIC_0353165,0
ISIC_0353280,1
ISIC_0353655,4
ISIC_0354123,3
ISIC_0354535,0
ISIC_0354589,3
ISIC_0354635,3
ISIC_0355023,4
ISIC_0355177,4
ISIC_0355197,4
ISIC_0355222,3
ISIC_0355705,1
ISIC_0355920,2
ISIC_0356238,1
ISIC_0356611,4
ISIC_0356904,1
ISIC_0356995,0
ISIC_0357043,2
ISIC_0357231,3
ISIC_0357525,0
ISIC_0358071,2
ISIC_0358285,1
ISIC_0358326,0
ISIC_0358490,1
ISIC_0359307,0
ISIC_0359698,4
ISIC_0360068,0
ISIC_0360367,1
ISIC_0360822,2
ISIC_0360832,4
ISIC_0360988,2
ISIC_0361034,2
ISIC_0361149,3
ISIC_0361341,0
ISIC_0361529,4
ISIC_0361741,0
ISIC_0361901,2
ISIC_0361914,2
ISIC_0362039,4
ISIC_0362190,1
ISIC_0362853,4
ISIC_0363130,2
ISIC_0363161,3
ISIC_0363251,2
ISIC_0363576,2
ISIC_0363695,4
ISIC_0364478,4
ISIC_0364641,3
ISIC_0365032,2
ISIC_0365216,0
ISIC_0365410,0
ISIC_0365540,1
ISIC_0366021,0
ISIC_0366085,2
ISIC_0367225,1
ISIC_0367913,4
ISIC_0368894,1
ISIC_0369348,4
ISIC_0369831,4
ISIC_0370008,2
ISIC_0370132,4
ISIC_0370932,0
ISIC_0371038,1
ISIC_0371763,3
ISIC_0371772,0
ISIC_0372299,4
ISIC_0372318,0
ISIC_0372350,4
ISIC_0372376,4
ISIC_0372456,3
ISIC_0372902,0
ISIC_0373585,1
ISIC_0374029,0
ISIC_0374231,2
ISIC_0374710,4
ISIC_0374954,2
ISIC_0375068,0
ISIC_0375073,4
ISIC_0375775,1
ISIC_0376301,1
ISIC_0377184,1
ISIC_0377213,3
ISIC_0377420,2
ISIC_0377965,2
ISIC_0378118,3
ISIC_0378169,1
ISIC_0378399,4
ISIC_0378714,4
ISIC_0379551,1
ISIC_0379624,4
ISIC_0379863,0
ISIC_0379931,0
ISIC_0379979,3
ISIC_0380545,4
ISIC_0380622,4
ISIC_0380779,3
ISIC_0380954,2
ISIC_0381051,1
ISIC_0381169,4
ISIC_0381255,2
ISIC_0381342,2
ISIC_0381930,0
ISIC_0381980,0
ISIC_0382519,2
ISIC_0383524,3
ISIC_0383804,1
ISIC_0384107,0
ISIC_0384200,3
ISIC_0384214,4
ISIC_0384407,1
ISIC_0384664,1
ISIC_0385579,3
ISIC_0385609,2
ISIC_0385627,1
ISIC_0385633,0
ISIC_0386664,0
ISIC_0387297,4
ISIC_0388873,0
ISIC_0389629,2
ISIC_0389955,2
ISIC_0390920,1
ISIC_0391694,4
ISIC_0391767,0
ISIC_0392105,2
ISIC_0392334,1
ISIC_0392759,0
ISIC_0392942,1
ISIC_0392966,0
ISIC_0393088,1
ISIC_0394030,1
ISIC_0394140,4
ISIC_0394157,1
ISIC_0394664,1
ISIC_0395456,0
ISIC_0395933,3
ISIC_0396184,0
ISIC_0396641,0
ISIC_0396865,4
ISIC_0397464,3
ISIC_0397577,4
ISIC_0397620,4
ISIC_0397658,0
ISIC_0398005,2
ISIC_0398069,4
ISIC_0398140,3
ISIC_0398435,2
ISIC_0399051,4
ISIC_0399220,4
ISIC_0399416,3
ISIC_0400685,4
ISIC_0401078,4
ISIC_0401116,3
ISIC_0401250,4
ISIC_0401401,2
ISIC_0401416,0
ISIC_0401425,4
ISIC_0401522,0
ISIC_0401528,4
ISIC_0402533,3
ISIC_0402674,2
ISIC_0403458,0
ISIC_0403893,0
ISIC_0404479,0
ISIC_0404568,0
ISIC_0404809,4
ISIC_0404840,1
ISIC_0405146,3
ISIC_0405163,2
ISIC_0405211,2
ISIC_0405253,4
ISIC_0405554,3
ISIC_0405652,0
ISIC_0405780,3
ISIC_0407005,1
ISIC_0407040,3
ISIC_0407905,3
ISIC_0408358,1
ISIC_0409172,3
ISIC_0409276,3
ISIC_0410165,2
ISIC_0410311,3
ISIC_0410824,2
ISIC_0410826,3
ISIC_0411005,0
ISIC_0411589,2
ISIC_0411688,0
ISIC_0411829,1
ISIC_0412319,3
ISIC_0412482,3
ISIC_0412659,4
ISIC_0412915,0
ISIC_0412939,1
ISIC_0413084,1
ISIC_0413111,3
ISIC_0413154,0
ISIC_0413173,0
ISIC_0413247,1
ISIC_0413372,4
ISIC_0413472,4
ISIC_0413512,3
ISIC_0413575,1
ISIC_0413715,4
ISIC_0413804,2
ISIC_0413901,0
ISIC_0414259,0
ISIC_0414670,2
ISIC_0414816,4
ISIC_0415496,2
ISIC_0416856,4
ISIC_0417530,3
ISIC_0417994,0
ISIC_0418519,2
ISIC_0418738,1
ISIC_0418746,1
ISIC_0419212,1
ISIC_0419302,4
ISIC_0419875,0
ISIC_0420174,2
ISIC_0420249,0
ISIC_0420331,4
ISIC_0420381,3
ISIC_0420477,0
ISIC_0420624,2
ISIC_0420777,3
ISIC_0421041,0
ISIC_0421558,1
ISIC_0422061,1
ISIC_0422139,4
ISIC_0422225,0
ISIC_0422283,0
ISIC_0422299,4
ISIC_0422301,0
ISIC_0422799,3
ISIC_0423201,0
ISIC_0423312,3
ISIC_0423395,3
ISIC_0423483,1
ISIC_0423722,3
ISIC_0423788,2
ISIC_0424324,2
ISIC_0424646,4
ISIC_0424700,1
ISIC_0424784,1
ISIC_0425276,2
ISIC_0426487,2
ISIC_0426592,4
ISIC_0426657,3
ISIC_0427209,3
ISIC_0427760,1
ISIC_0427813,1
ISIC_0428257,2
ISIC_0428383,1
ISIC_0428482,3
ISIC_0428656,1
ISIC_0429310,4
ISIC_0429932,1
ISIC_0430348,1
ISIC_0430356,1
ISIC_0430646,3
ISIC_0430837,1
ISIC_0430904,0
ISIC_0431008,4
ISIC_0431547,3
ISIC_0432077,4
ISIC_0432164,3
ISIC_0432236,1
ISIC_0432484,3
ISIC_0433142,0
ISIC_0433569,3
ISIC_0433594,1
ISIC_0433647,2
ISIC_0433742,4
ISIC_0434114,2
ISIC_0434354,2
ISIC_0434532,1
ISIC_0434566,1
ISIC_0435434,4
ISIC_0435596,3
ISIC_0436161,1
ISIC_0436964,2
ISIC_0436994,4
ISIC_0437018,4
ISIC_0437284,1
ISIC_0437567,3
ISIC_0437593,2
ISIC_0437828,1
ISIC_0437978,0
ISIC_0438115,1
ISIC_0438136,3
ISIC_0438234,4
ISIC_0438437,0
ISIC_0439040,1
ISIC_0439452,4
ISIC_0439527,0
ISIC_0439726,0
ISIC_0439839,3
ISIC_0439950,3
ISIC_0440291,4
ISIC_0440394,0
ISIC_0440582,1
ISIC_0440584,1
ISIC_0440848,4
ISIC_0441120,0
ISIC_0441148,3
ISIC_0441415,3
ISIC_0441845,0
ISIC_0441886,1
ISIC_0442290,1
ISIC_0442425,3
ISIC_0442749,4
ISIC_0442837,0
ISIC_0443266,4
ISIC_0443835,0
ISIC_0444339,0
ISIC_0444347,1
ISIC_0444603,4
ISIC_0444937,4
ISIC_0445189,2
ISIC_0445267,3
ISIC_0445347,3
ISIC_0445396,4
ISIC_0445911,4
ISIC_0447631,1
ISIC_0448016,1
ISIC_0448050,0
ISIC_0448195,0
ISIC_0448485,1
ISIC_0448964,4
ISIC_0449405,2
ISIC_0449568,2
ISIC_0449824,2
ISIC_0449983,4
ISIC_0450108,3
ISIC_0450142,2
ISIC_0450295,3
ISIC_0450401,2
ISIC_0451095,4
ISIC_0452356,4
ISIC_0452379,2
ISIC_0452388,1
ISIC_0452459,4
ISIC_0452656,2
ISIC_0453714,1
ISIC_0454594,0
ISIC_0455262,0
ISIC_0455456,2
ISIC_0455625,0
ISIC_0455687,4
ISIC_0455743,4
ISIC_0455800,2
ISIC_0456090,0
ISIC_0456901,2
ISIC_0456905,4
ISIC_0457030,0
ISIC_0457235,1
ISIC_0457385,4
ISIC_0457868,0
ISIC_0458106,2
ISIC_0458240,3
ISIC_0458561,4
ISIC_0459035,2
ISIC_0459155,4
ISIC_0460240,4
ISIC_0460608,2
ISIC_0460815,1
ISIC_0460833,0
ISIC_0461085,4
ISIC_0461128,1
ISIC_0461550,1
ISIC_0461634,4
ISIC_0461706,1
ISIC_0462956,2
ISIC_0463308,2
ISIC_0463621,4
ISIC_0463755,2
ISIC_0463832,3
ISIC_0464200,1
ISIC_0464315,4
ISIC_0464730,0
ISIC_0464836,1
ISIC_0465018,0
ISIC_0465385,2
ISIC_0465476,2
ISIC_0465938,4
ISIC_0467100,1
ISIC_0467553,2
ISIC_0467724,3
ISIC_0467850,0
ISIC_0468433,0
ISIC_0468611,2
ISIC_0469314,2
ISIC_0469542,3
ISIC_0469872,2
ISIC_0470210,4
ISIC_0470224,4
ISIC_0470433,2
ISIC_0470629,0
ISIC_0470731,4
ISIC_0471681,1
ISIC_0471825,1
ISIC_0472490,2
ISIC_0472513,3
ISIC_0472534,2
ISIC_0472796,4
ISIC_0473135,3
ISIC_0473257,0
ISIC_0473607,3
ISIC_0474406,2
ISIC_0474481,1
ISIC_0474551,2
ISIC_0474975,3
ISIC_0475341,2
ISIC_0475506,1
ISIC_0475718,1
ISIC_0475746,2
ISIC_0476011,1
ISIC_0476606,4
ISIC_0476670,1
ISIC_0476762,4
ISIC_0477201,0
ISIC_0477898,2
ISIC_0478536,4
ISIC_0478571,2
ISIC_0479013,3
ISIC_0479264,4
ISIC_0479757,0
ISIC_0480590,4
ISIC_0481059,4
ISIC_0481425,1
ISIC_0481453,2
ISIC_0481652,4
ISIC_0481702,0
ISIC_0481910,2
ISIC_0482297,3
ISIC_0482495,0
ISIC_0482585,0
ISIC_0483289,2
ISIC_0483469,2
ISIC_0483649,3
ISIC_0483872,0
ISIC_0484163,4
ISIC_0484171,0
ISIC_0484568,4
ISIC_0485417,4
ISIC_0485529,0
ISIC_0485537,4
ISIC_0485753,4
ISIC_0485815,1
ISIC_0485881,2
ISIC_0485914,2
ISIC_0485996,0
ISIC_0486478,2
ISIC_0486498,0
ISIC_0486516,3
ISIC_0487460,3
ISIC_0487660,4
ISIC_0488192,3
ISIC_0488252,0
ISIC_0488413,4
ISIC_0488595,2
ISIC_0489267,4
ISIC_0489611,3
ISIC_0489729,0
ISIC_0490442,3
ISIC_0490714,1
ISIC_0491818,4
ISIC_0492473,2
ISIC_0492483,1
ISIC_0492862,3
ISIC_0493185,2
ISIC_0493653,0
ISIC_0494046,1
ISIC_0494257,0
ISIC_0494263,2
ISIC_0494344,4
ISIC_0494383,0
ISIC_0494655,2
ISIC_0494865,3
ISIC_0494868,3
ISIC_0494885,1
ISIC_0495405,4
ISIC_0495675,3
ISIC_0496209,1
ISIC_0496971,4
ISIC_0496975,2
ISIC_0497390,4
ISIC_0497800,4
ISIC_0497817,1
ISIC_0497873,2
ISIC_0498037,0
ISIC_0498040,2
ISIC_0498374,0
ISIC_0499554,4
ISIC_0499719,0
ISIC_0499801,0
ISIC_0499971,4
ISIC_0499977,2
ISIC_0500253,3
ISIC_0500312,2
ISIC_0500526,0
ISIC_0501506,4
ISIC_0501843,4
ISIC_0502016,1
ISIC_0502419,0
ISIC_0502582,3
ISIC_0503937,0
ISIC_0503961,0
ISIC_0504165,2
ISIC_0504730,4
ISIC_0504868,4
ISIC_0505770,1
ISIC_0506309,4
ISIC_0506617,4
ISIC_0506843,2
ISIC_0506901,1
ISIC_0507002,3
ISIC_0507189,2
ISIC_0507787,3
ISIC_0508284,4
ISIC_0508937,2
ISIC_0509247,2
ISIC_0509406,4
ISIC_0509567,1
ISIC_0509700,3
ISIC_0509901,2
ISIC_0510145,0
ISIC_0510617,4
ISIC_0510785,2
ISIC_0510835,2
ISIC_0511356,1
ISIC_0511526,4
ISIC_0511782,4
ISIC_0512005,0
ISIC_0512155,0
ISIC_0513013,1
ISIC_0513207,0
ISIC_0513392,2
ISIC_0513488,4
ISIC_0514672,1
ISIC_0515441,3
ISIC_0515736,4
ISIC_0515794,3
ISIC_0515851,0
ISIC_0516183,1
ISIC_0516315,2
ISIC_0516337,3
ISIC_0516613,4
ISIC_0516982,4
ISIC_0517121,3
ISIC_0517460,4
ISIC_0517643,1
ISIC_0517716,0
ISIC_0517814,1
ISIC_0518018,4
ISIC_0518127,3
ISIC_0518233,0
ISIC_0518352,3
ISIC_0518459,1
ISIC_0519386,0
ISIC_0519705,2
ISIC_0519719,3
ISIC_0519765,1
ISIC_0520202,3
ISIC_0520584,4
ISIC_0520791,4
ISIC_0522024,1
ISIC_0522076,0
ISIC_0522785,0
ISIC_0522865,1
ISIC_0522926,4
ISIC_0522974,1
ISIC_0523031,2
ISIC_0523125,3
ISIC_0523228,4
ISIC_0523247,4
ISIC_0523251,4
ISIC_0523771,1
ISIC_0524046,3
ISIC_0524477,0
ISIC_0524863,1
ISIC_0525318,1
ISIC_0525376,1
ISIC_0525554,2
ISIC_0525687,2
ISIC_0526291,3
ISIC_0526705,4
ISIC_0526861,1
ISIC_0526904,3
ISIC_0526973,0
ISIC_0527088,3
ISIC_0527166,1
ISIC_0527170,2
ISIC_0527350,1
ISIC_0527593,2
ISIC_0527870,2
ISIC_0528044,0
ISIC_0528380,4
ISIC_0528495,4
ISIC_0528791,2
ISIC_0529262,3
ISIC_0529486,2
ISIC_0529518,4
ISIC_0529784,2
ISIC_0530054,3
ISIC_0530355,2
ISIC_0531490,3
ISIC_0532824,4
ISIC_0533122,4
ISIC_0533180,1
ISIC_0533349,2
ISIC_0533498,0
ISIC_0533930,1
ISIC_0533986,4
ISIC_0534191,0
ISIC_0534529,0
ISIC_0534674,2
ISIC_0535416,4
ISIC_0535654,1
ISIC_0535843,2
ISIC_0535920,0
ISIC_0536104,4
ISIC_0536321,2
ISIC_0536433,0
ISIC_0536454,1
ISIC_0536865,0
ISIC_0536980,4
ISIC_0537537,4
ISIC_0538042,4
ISIC_0538298,2
ISIC_0538688,1
ISIC_0538711,2
ISIC_0539038,4
ISIC_0539380,2
ISIC_0539398,3
ISIC_0539604,1
ISIC_0540848,1
ISIC_0541345,4
ISIC_0541724,0
ISIC_0542222,4
ISIC_0543132,1
ISIC_0543290,4
ISIC_0543351,2
ISIC_0543494,4
ISIC_0544840,1
ISIC_0544886,1
ISIC_0545237,0
ISIC_0545322,1
ISIC_0545838,2
ISIC_0545930,2
ISIC_0546209,3
ISIC_0546225,2
ISIC_0546675,1
ISIC_0546980,4
ISIC_0547097,0
ISIC_0547769,4
ISIC_0547893,2
ISIC_0547934,0
ISIC_0548022,2
ISIC_0548447,1
ISIC_0548904,1
ISIC_0549163,4
ISIC_0549211,4
ISIC_0549531,1
ISIC_0549791,1
ISIC_0550051,0
ISIC_0550406,2
ISIC_0550736,3
ISIC_0551392,0
ISIC_0551684,3
ISIC_0551708,4
ISIC_0551712,2
ISIC_0552221,3
ISIC_0552296,0
ISIC_0552437,4
ISIC_0552442,0
ISIC_0552911,3
ISIC_0552953,0
ISIC_0552960,4
ISIC_0553164,4
ISIC_0553509,3
ISIC_0553565,2
ISIC_0553932,2
ISIC_0554135,0
ISIC_0554499,4
ISIC_0555146,4
ISIC_0555529,2
ISIC_0557067,0
ISIC_0557109,2
ISIC_0557377,0
ISIC_0558046,3
ISIC_0558485,1
ISIC_0559314,0
ISIC_0559335,4
ISIC_0559481,2
ISIC_0559530,0
ISIC_0559541,3
ISIC_0559566,0
ISIC_0559686,4
ISIC_0560916,0
ISIC_0561104,4
ISIC_0561249,1
ISIC_0561295,1
ISIC_0561634,2
ISIC_0561802,2
ISIC_0561846,0
ISIC_0561873,2
ISIC_0561944,0
ISIC_0562223,1
ISIC_0562430,2
ISIC_0562807,0
ISIC_0562987,4
ISIC_0563516,0
ISIC_0563533,2
ISIC_0563705,4
ISIC_0564568,2
ISIC_0565046,4
ISIC_0565080,2
ISIC_0565120,0
ISIC_0565251,4
ISIC_0565743,1
ISIC_0565836,2
ISIC_0565905,3
ISIC_0566341,0
ISIC_0566527,3
ISIC_0566530,3
ISIC_0566804,3
ISIC_0567128,4
ISIC_0567142,0
ISIC_0567676,0
ISIC_0567814,3
ISIC_0568828,1
ISIC_0568867,4
ISIC_0569360,2
ISIC_0570393,4
ISIC_0570690,3
ISIC_0570742,1
ISIC_0571058,4
ISIC_0571560,1
ISIC_0571637,1
ISIC_0571654,4
ISIC_0572205,2
ISIC_0572450,3
ISIC_0573518,3
ISIC_0573656,4
ISIC_0573666,0
ISIC_0573934,3
ISIC_0574489,2
ISIC_0574880,3
ISIC_0574925,3
ISIC_0575072,3
ISIC_0575350,3
ISIC_0576265,4
ISIC_0576455,1
ISIC_0576644,1
ISIC_0576951,3
ISIC_0577311,1
ISIC_0578534,2
ISIC_0578806,3
ISIC_0579047,1
ISIC_0579562,4
ISIC_0579836,3
ISIC_0580054,0
ISIC_0580068,0
ISIC_0580222,2
ISIC_0580273,1
ISIC_0581293,4
ISIC_0581628,2
ISIC_0582315,0
ISIC_0582672,0
ISIC_0583539,1
ISIC_0583827,3
ISIC_0584130,1
ISIC_0584461,3
ISIC_0584464,3
ISIC_0584566,3
ISIC_0584978,3
ISIC_0585155,0
ISIC_0585396,0
ISIC_0586053,2
ISIC_0586396,1
ISIC_0586680,2
ISIC_0586782,2
ISIC_0587664,2
ISIC_0587860,4
ISIC_0588103,0
ISIC_0588322,2
ISIC_0588328,4
ISIC_0588744,0
ISIC_0588827,2
ISIC_0588855,0
ISIC_0589461,1
ISIC_0589744,0
ISIC_0590658,1
ISIC_0590790,2
ISIC_0591011,3
ISIC_0591057,3
ISIC_0591097,3
ISIC_0591226,1
ISIC_0591828,3
ISIC_0592026,4
ISIC_0592068,0
ISIC_0592088,2
ISIC_0592552,0
ISIC_0592946,2
ISIC_0592973,2
ISIC_0593591,3
ISIC_0593756,4
ISIC_0594068,3
ISIC_0594289,4
ISIC_0594534,3
ISIC_0594695,4
ISIC_0595018,0
ISIC_0595080,4
ISIC_0595199,3
ISIC_0595472,3
ISIC_0595676,3
ISIC_0596043,0
ISIC_0596089,4
ISIC_0596524,0
ISIC_0596607,4
ISIC_0596942,3
ISIC_0597012,4
ISIC_0597158,0
ISIC_0597414,0
ISIC_0597581,1
ISIC_0599047,4
ISIC_0599605,0
ISIC_0599755,1
ISIC_0599918,4
ISIC_0600084,0
ISIC_0600789,1
ISIC_0600866,2
ISIC_0601107,3
ISIC_0601576,0
ISIC_0602494,1
ISIC_0602529,2
ISIC_0602697,1
ISIC_0602723,2
ISIC_0602889,3
ISIC_0603439,2
ISIC_0603689,4
ISIC_0603777,2
ISIC_0603993,4
ISIC_0604062,2
ISIC_0604088,1
ISIC_0604532,0
ISIC_0604752,0
ISIC_0605128,4
ISIC_0605145,2
ISIC_0605180,4
ISIC_0605205,1
ISIC_0606437,2
ISIC_0606583,0
ISIC_0607205,3
ISIC_0607324,3
ISIC_0607836,2
ISIC_0607852,1
ISIC_0608454,2
ISIC_0608613,4
ISIC_0608625,3
ISIC_0609043,3
ISIC_0609067,3
ISIC_0609800,4
ISIC_0610141,4
ISIC_0610477,0
ISIC_0610499,0
ISIC_0610849,1
ISIC_0611629,3
ISIC_0611793,2
ISIC_0612080,1
ISIC_0612291,3
ISIC_0612374,3
ISIC_0612624,1
ISIC_0612816,2
ISIC_0612834,0
ISIC_0613014,1
ISIC_0613076,2
ISIC_0613362,4
ISIC_0613457,2
ISIC_0614259,2
ISIC_0614271,2
ISIC_0614681,0
ISIC_0615053,4
ISIC_0615335,0
ISIC_0615782,0
ISIC_0615970,2
ISIC_0616348,4
ISIC_0616456,3
ISIC_0616491,2
ISIC_0616698,1
ISIC_0617442,0
ISIC_0617767,4
ISIC_0618119,2
ISIC_0618123,2
ISIC_0618194,2
ISIC_0618524,4
ISIC_0618939,0
ISIC_0619244,0
ISIC_0619514,1
ISIC_0619848,4
ISIC_0620199,3
ISIC_0620587,2
ISIC_0621010,1
ISIC_0621550,3
ISIC_0621866,1
ISIC_0622084,2
ISIC_0622112,0
ISIC_0622841,0
ISIC_0623284,0
ISIC_0623386,1
ISIC_0623444,0
ISIC_0623642,2
ISIC_0623857,2
ISIC_0623875,4
ISIC_0624498,3
ISIC_0624747,3
ISIC_0624779,3
ISIC_0624783,0
ISIC_0625629,3
ISIC_0625777,3
ISIC_0626118,2
ISIC_0626390,1
ISIC_0626501,4
ISIC_0626653,4
ISIC_0626815,0
ISIC_0626832,0
ISIC_0626986,3
ISIC_0627369,3
ISIC_0627979,0
ISIC_0628277,1
ISIC_0628352,3
ISIC_0628662,4
ISIC_0628726,2
ISIC_0629437,4
ISIC_0630780,2
ISIC_0631420,1
ISIC_0631669,1
ISIC_0631689,2
ISIC_0632512,4
ISIC_0632876,1
ISIC_0633013,3
ISIC_0633126,4
ISIC_0633259,0
ISIC_0633835,4
ISIC_0634028,3
ISIC_0634107,2
ISIC_0634521,1
ISIC_0636481,1
ISIC_0636587,3
ISIC_0637043,0
ISIC_0637539,1
ISIC_0637965,1
ISIC_0638468,2
ISIC_0638575,1
ISIC_0638652,4
ISIC_0638857,3
ISIC_0638889,1
ISIC_0639077,0
ISIC_0639140,0
ISIC_0639162,3
ISIC_0639414,0
ISIC_0639415,2
ISIC_0639769,2
ISIC_0639951,1
ISIC_0640770,2
ISIC_0640806,4
ISIC_0640895,2
ISIC_0641173,3
ISIC_0641330,2
ISIC_0641480,2
ISIC_0641973,1
ISIC_0642200,1
ISIC_0642269,1
ISIC_0642715,2
ISIC_0643659,2
ISIC_0644253,1
ISIC_0644461,0
ISIC_0644590,1
ISIC_0644964,3
ISIC_0644970,0
ISIC_0645116,3
ISIC_0645454,0
ISIC_0645462,3
ISIC_0645742,1
ISIC_0645769,2
ISIC_0645777,4
ISIC_0645834,3
ISIC_0645950,3
ISIC_0646515,3
ISIC_0647224,3
ISIC_0647450,3
ISIC_0648067,0
ISIC_0648310,2
ISIC_0648752,0
ISIC_0648773,1
ISIC_0649544,3
ISIC_0649705,0
ISIC_0650027,4
ISIC_0650126,4
ISIC_0650282,1
ISIC_0650784,2
ISIC_0651114,3
ISIC_0651166,0
ISIC_0651200,1
ISIC_0651353,1
ISIC_0651379,3
ISIC_0651741,4
ISIC_0651760,3
ISIC_0652203,4
ISIC_0652205,2
ISIC_0652867,4
ISIC_0653308,2
ISIC_0653456,3
ISIC_0653633,4
ISIC_0653706,0
ISIC_0653785,4
ISIC_0654104,1
ISIC_0654269,4
ISIC_0654462,0
ISIC_0654636,2
ISIC_0654672,3
ISIC_0654846,1
ISIC_0655205,2
ISIC_0655316,2
ISIC_0655635,3
ISIC_0655722,1
ISIC_0656395,2
ISIC_0656543,4
ISIC_0657123,2
ISIC_0657485,0
ISIC_0657596,4
ISIC_0657811,4
ISIC_0658225,3
ISIC_0658963,1
ISIC_0659153,2
ISIC_0659400,1
ISIC_0659540,2
ISIC_0659600,4
ISIC_0659878,4
ISIC_0660331,3
ISIC_0660449,2
ISIC_0660770,3
ISIC_0661120,1
ISIC_0661284,4
ISIC_0661926,2
ISIC_0662000,4
ISIC_0662183,0
ISIC_0662867,1
ISIC_0662911,4
ISIC_0663446,1
ISIC_0663588,2
ISIC_0663631,4
ISIC_0663824,0
ISIC_0663941,3
ISIC_0664031,0
ISIC_0664113,0
ISIC_0664115,3
ISIC_0664452,4
ISIC_0666481,0
ISIC_0666591,4
ISIC_0666641,3
ISIC_0667108,4
ISIC_0667136,2
ISIC_0667149,2
ISIC_0667315,4
ISIC_0667763,1
ISIC_0668165,0
ISIC_0668739,3
ISIC_0668772,1
ISIC_0668924,0
ISIC_0668969,3
ISIC_0669411,1
ISIC_0669605,4
ISIC_0669666,0
ISIC_0669766,3
ISIC_0670398,3
ISIC_0670561,4
ISIC_0671251,0
ISIC_0671826,0
ISIC_0672304,4
ISIC_0672985,2
ISIC_0673183,1
ISIC_0674472,0
ISIC_0674629,3
ISIC_0674644,0
ISIC_0674662,4
ISIC_0674717,2
ISIC_0674746,4
ISIC_0675028,0
ISIC_0675512,0
ISIC_0675767,0
ISIC_0675785,0
ISIC_0675972,0
ISIC_0676126,1
ISIC_0677159,4
ISIC_0677230,3
ISIC_0678121,3
ISIC_0678196,1
ISIC_0678299,4
ISIC_0678543,1
ISIC_0678569,2
ISIC_0678649,2
ISIC_0678758,2
ISIC_0678913,2
ISIC_0679155,1
ISIC_0679359,2
ISIC_0679494,4
ISIC_0679553,1
ISIC_0679781,2
ISIC_0679972,0
ISIC_0680023,3
ISIC_0680210,2
ISIC_0680599,4
ISIC_0680651,2
ISIC_0680823,4
ISIC_0681153,3
ISIC_0681666,4
ISIC_0681844,3
ISIC_0682086,1
ISIC_0682255,3
ISIC_0682366,4
ISIC_0682403,4
ISIC_0682543,1
ISIC_0682795,0
ISIC_0683077,3
ISIC_0683259,1
ISIC_0683389,2
ISIC_0683925,2
ISIC_0683986,3
ISIC_0684951,0
ISIC_0684995,4
ISIC_0685123,1
ISIC_0685154,4
ISIC_0685898,1
ISIC_0686446,4
ISIC_0686467,3
ISIC_0686826,1
ISIC_0686839,2
ISIC_0687455,1
ISIC_0687554,4
ISIC_0687593,0
ISIC_0687788,4
ISIC_0687823,4
ISIC_0688622,0
ISIC_0689091,2
ISIC_0689354,4
ISIC_0690237,3
ISIC_0690264,0
ISIC_0690527,3
ISIC_0690734,1
ISIC_0690822,0
ISIC_0691030,2
ISIC_0691329,0
ISIC_0691357,1
ISIC_0691454,1
ISIC_0691554,3
ISIC_0692285,3
ISIC_0692478,1
ISIC_0692839,2
ISIC_0692990,2
ISIC_0693902,3
ISIC_0693968,1
ISIC_0694033,1
ISIC_0694037,0
ISIC_0694188,3
ISIC_0694381,0
ISIC_0694559,2
ISIC_0694677,1
ISIC_0694924,2
ISIC_0695014,2
ISIC_0695029,0
ISIC_0695059,1
ISIC_0695428,0
ISIC_0695575,0
ISIC_0696027,2
ISIC_0696150,2
ISIC_0696303,1
ISIC_0696408,3
ISIC_0696556,3
ISIC_0696797,3
ISIC_0697138,1
ISIC_0697622,2
ISIC_0697691,4
ISIC_0697951,0
ISIC_0697953,1
ISIC_0698821,3
ISIC_0699098,2
ISIC_0699205,1
ISIC_0699772,1
ISIC_0700213,0
ISIC_0700768,3
ISIC_0700870,4
ISIC_0701449,2
ISIC_0701455,1
ISIC_0702042,3
ISIC_0702174,2
ISIC_0702317,2
ISIC_0702876,1
ISIC_0703540,3
ISIC_0704233,1
ISIC_0704618,2
ISIC_0704859,4
ISIC_0704895,0
ISIC_0705313,0
ISIC_0705586,3
ISIC_0705641,1
ISIC_0706512,2
ISIC_0706891,0
ISIC_0707244,2
ISIC_0707446,2
ISIC_0707619,4
ISIC_0707756,1
ISIC_0707824,0
ISIC_0708003,0
ISIC_0708011,2
ISIC_0708542,2
ISIC_0708552,3
ISIC_0708600,3
ISIC_0708747,0
ISIC_0709041,2
ISIC_0709380,0
ISIC_0709699,1
ISIC_0709934,0
ISIC_0710064,3
ISIC_0710431,3
ISIC_0710501,1
ISIC_0711360,2
ISIC_0711790,4
ISIC_0711803,4
ISIC_0711820,2
ISIC_0711907,1
ISIC_0712254,0
ISIC_0712270,4
ISIC_0712615,3
ISIC_0713368,3
ISIC_0714147,4
ISIC_0714807,3
ISIC_0715086,1
ISIC_0715115,3
ISIC_0715335,2
ISIC_0715702,3
ISIC_0715869,1
ISIC_0716541,4
ISIC_0716674,2
ISIC_0716858,2
ISIC_0717497,0
ISIC_0717851,0
ISIC_0718436,1
ISIC_0718586,4
ISIC_0718834,3
ISIC_0719366,0
ISIC_0719381,4
ISIC_0719631,3
ISIC_0719704,2
ISIC_0720013,0
ISIC_0720105,1
ISIC_0720915,2
ISIC_0721010,3
ISIC_0721819,3
ISIC_0722086,0
ISIC_0722367,2
ISIC_0723083,0
ISIC_0723112,2
ISIC_0723505,1
ISIC_0723595,4
ISIC_0723780,0
ISIC_0723895,4
ISIC_0725711,1
ISIC_0725958,1
ISIC_0726170,0
ISIC_0726626,1
ISIC_0727016,1
ISIC_0727322,1
ISIC_0727425,2
ISIC_0727489,1
ISIC_0728291,2
ISIC_0728350,4
ISIC_0728413,2
ISIC_0728868,1
ISIC_0728967,2
ISIC_0729264,3
ISIC_0732102,3
ISIC_0732124,3
ISIC_0732375,2
ISIC_0732389,3
ISIC_0732626,1
ISIC_0732636,4
ISIC_0732688,1
ISIC_0733140,1
ISIC_0733981,1
ISIC_0734540,2
ISIC_0736508,3
ISIC_0736928,1
ISIC_0737013,4
ISIC_0737125,4
ISIC_0737354,1
ISIC_0737399,4
ISIC_0737413,1
ISIC_0737883,0
ISIC_0738443,3
ISIC_0738510,4
ISIC_0738587,1
ISIC_0740001,1
ISIC_0740118,4
ISIC_0740199,3
ISIC_0740449,2
ISIC_0740716,0
ISIC_0740862,1
ISIC_0741694,3
ISIC_0742607,4
ISIC_0742879,4
ISIC_0742933,0
ISIC_0743090,0
ISIC_0743096,2
ISIC_0743540,3
ISIC_0744013,1
ISIC_0744177,1
ISIC_0744553,1
ISIC_0744870,0
ISIC_0745395,3
ISIC_0745450,2
ISIC_0745718,0
ISIC_0745721,1
ISIC_0746397,2
ISIC_0747101,4
ISIC_0747812,3
ISIC_0747870,2
ISIC_0748377,1
ISIC_0748416,2
ISIC_0749089,2
ISIC_0749263,3
ISIC_0750244,3
ISIC_0750403,0
ISIC_0750683,0
ISIC_0751145,4
ISIC_0751211,0
ISIC_0751219,3
ISIC_0751582,0
ISIC_0751846,2
ISIC_0752546,2
ISIC_0752831,4
ISIC_0753080,4
ISIC_0753112,2
ISIC_0753250,1
ISIC_0753336,0
ISIC_0753491,4
ISIC_0753656,1
ISIC_0753765,0
ISIC_0753802,0
ISIC_0754049,0
ISIC_0754156,2
ISIC_0754233,4
ISIC_0754555,4
ISIC_0754561,2
ISIC_0754586,4
ISIC_0754658,4
ISIC_0754749,1
ISIC_0754789,3
ISIC_0755331,1
ISIC_0755477,1
ISIC_0755565,3
ISIC_0755778,2
ISIC_0756080,3
ISIC_0757147,1
ISIC_0757401,2
ISIC_0757532,1
ISIC_0757639,2
ISIC_0757711,4
ISIC_0757818,1
ISIC_0758009,1
ISIC_0758283,1
ISIC_0758633,0
ISIC_0758641,2
ISIC_0758704,2
ISIC_0758729,3
ISIC_0758797,0
ISIC_0759120,4
ISIC_0759561,0
ISIC_0759612,3
ISIC_0760028,3
ISIC_0760168,1
ISIC_0760281,4
ISIC_0760601,3
ISIC_0760740,4
ISIC_0760892,3
ISIC_0761049,0
ISIC_0761158,3
ISIC_0761472,2
ISIC_0761623,0
ISIC_0761693,3
ISIC_0761713,2
ISIC_0761975,2
ISIC_0762262,3
ISIC_0762367,1
ISIC_0762591,2
ISIC_0762958,3
ISIC_0763117,3
ISIC_0763140,3
ISIC_0763328,2
ISIC_0763578,3
ISIC_0763883,1
ISIC_0763957,1
ISIC_0764189,3
ISIC_0764975,0
ISIC_0765397,0
ISIC_0765568,1
ISIC_0765584,0
ISIC_0765585,4
ISIC_0765632,1
ISIC_0765658,1
ISIC_0765973,3
ISIC_0766328,2
ISIC_0766345,1
ISIC_0766365,0
ISIC_0766666,1
ISIC_0766724,2
ISIC_0766935,2
ISIC_0767006,1
ISIC_0767028,3
ISIC_0768514,1
ISIC_0769159,4
ISIC_0769469,0
ISIC_0769700,0
ISIC_0769854,4
ISIC_0770206,1
ISIC_0770257,1
ISIC_0770328,0
ISIC_0770723,0
ISIC_0770772,0
ISIC_0770814,0
ISIC_0770861,4
ISIC_0770920,3
ISIC_0770930,2
ISIC_0770935,0
ISIC_0771048,0
ISIC_0771051,0
ISIC_0771151,2
ISIC_0771168,1
ISIC_0771537,3
ISIC_0771953,2
ISIC_0772833,0
ISIC_0772836,2
ISIC_0772957,0
ISIC_0773096,1
ISIC_0773193,3
ISIC_0773907,1
ISIC_0775040,1
ISIC_0775393,0
ISIC_0776189,4
ISIC_0776193,0
ISIC_0776486,0
ISIC_0776581,1
ISIC_0776605,0
ISIC_0776657,0
ISIC_0776935,1
ISIC_0777538,4
ISIC_0778327,0
ISIC_0778477,2
ISIC_0778724,3
ISIC_0779135,0
ISIC_0779920,4
ISIC_0780232,2
ISIC_0780259,4
ISIC_0780589,3
ISIC_0780947,1
ISIC_0781161,2
ISIC_0781315,2
ISIC_0781336,3
ISIC_0781380,3
ISIC_0781588,1
ISIC_0782037,1
ISIC_0783177,4
ISIC_0783945,4
ISIC_0784284,4
ISIC_0784774,3
ISIC_0786170,3
ISIC_0786233,4
ISIC_0786366,2
ISIC_0786913,3
ISIC_0787229,4
ISIC_0787585,2
ISIC_0787745,1
ISIC_0787851,4
ISIC_0788453,0
ISIC_0788721,3
ISIC_0788875,4
ISIC_0789732,2
ISIC_0789997,4
ISIC_0790575,1
ISIC_0790942,4
ISIC_0791303,2
ISIC_0791761,4
ISIC_0792589,2
ISIC_0792805,1
ISIC_0792879,2
ISIC_0793465,1
ISIC_0793501,1
ISIC_0794216,4
ISIC_0794912,3
ISIC_0795514,0
ISIC_0795802,4
ISIC_0796325,2
ISIC_0796345,0
ISIC_0796372,3
ISIC_0796973,4
ISIC_0797473,0
ISIC_0797476,1
ISIC_0797931,3
ISIC_0798355,3
ISIC_0798837,2
ISIC_0799347,1
ISIC_0799535,3
ISIC_0800069,1
ISIC_0800079,2
ISIC_0800269,1
ISIC_0800628,3
ISIC_0800882,4
ISIC_0801281,3
ISIC_0801563,1
ISIC_0801704,1
ISIC_0803154,2
ISIC_0803575,3
ISIC_0803667,0
ISIC_0803685,3
ISIC_0803691,0
ISIC_0803755,1
ISIC_0803850,1
ISIC_0804420,4
ISIC_0804511,1
ISIC_0805464,1
ISIC_0805472,0
ISIC_0805941,2
ISIC_0806138,1
ISIC_0806303,4
ISIC_0808057,2
ISIC_0808108,2
ISIC_0808309,4
ISIC_0809112,1
ISIC_0809173,0
ISIC_0809241,2
ISIC_0809467,1
ISIC_0809845,0
ISIC_0809927,0
ISIC_0810640,1
ISIC_0811352,3
ISIC_0811406,3
ISIC_0811783,4
ISIC_0812078,0
ISIC_0812223,0
ISIC_0812959,3
ISIC_0813156,1
ISIC_0813342,1
ISIC_0813386,2
ISIC_0813423,4
ISIC_0813485,0
ISIC_0813508,4
ISIC_0813856,3
ISIC_0814097,3
ISIC_0814592,2
ISIC_0814894,2
ISIC_0815664,0
ISIC_0815802,2
ISIC_0816076,4
ISIC_0816628,1
ISIC_0816917,4
ISIC_0817091,2
ISIC_0817140,0
ISIC_0817172,4
ISIC_0817569,3
ISIC_0817654,4
ISIC_0817914,4
ISIC_0818033,0
ISIC_0818181,2
ISIC_0818517,4
ISIC_0818550,1
ISIC_0818621,4
ISIC_0818914,4
ISIC_0819357,0
ISIC_0819380,0
ISIC_0819729,3
ISIC_0819765,3
ISIC_0820029,4
ISIC_0820559,2
ISIC_0820729,3
ISIC_0820978,4
ISIC_0821104,0
ISIC_0821121,2
ISIC_0821520,0
ISIC_0821645,3
ISIC_0822116,4
ISIC_0822238,4
ISIC_0822656,0
ISIC_0822842,2
ISIC_0824361,1
ISIC_0824821,3
ISIC_0825026,3
ISIC_0825113,1
ISIC_0825763,1
ISIC_0826213,1
ISIC_0826710,2
ISIC_0826813,2
ISIC_0826834,0
ISIC_0826847,2
ISIC_0826998,3
ISIC_0827099,1
ISIC_0827854,0
ISIC_0828069,0
ISIC_0828120,3
ISIC_0828310,2
ISIC_0828475,3
ISIC_0828916,0
ISIC_0829303,3
ISIC_0829433,0
ISIC_0829565,3
ISIC_0829904,0
ISIC_0829995,0
ISIC_0830131,1
ISIC_0830217,4
ISIC_0830806,2
ISIC_0830876,1
ISIC_0831173,2
ISIC_0831791,2
ISIC_0831884,3
ISIC_0832651,0
ISIC_0832676,2
ISIC_0832987,3
ISIC_0833336,1
ISIC_0833682,4
ISIC_0833889,2
ISIC_0834335,4
ISIC_0834704,2
ISIC_0834745,0
ISIC_0834775,2
ISIC_0835067,3
ISIC_0835578,3
ISIC_0835700,3
ISIC_0835985,2
ISIC_0836257,4
ISIC_0836546,1
ISIC_0836727,2
ISIC_0836854,1
ISIC_0837618,0
ISIC_0837789,2
ISIC_0837796,3
ISIC_0839323,1
ISIC_0839367,1
ISIC_0839675,3
ISIC_0840255,0
ISIC_0840295,1
ISIC_0840730,4
ISIC_0841234,3
ISIC_0841327,0
ISIC_0841762,4
ISIC_0842426,3
ISIC_0842848,0
ISIC_0842999,3
ISIC_0843662,2
ISIC_0844312,0
ISIC_0844341,0
ISIC_0844805,0
ISIC_0844854,0
ISIC_0845105,0
ISIC_0845275,3
ISIC_0845791,0
ISIC_0845897,4
ISIC_0846205,1
ISIC_0846338,3
ISIC_0846482,4
ISIC_0846837,0
ISIC_0846915,0
ISIC_0847420,0
ISIC_0847730,4
ISIC_0848126,1
ISIC_0849028,3
ISIC_0849256,0
ISIC_0849385,1
ISIC_0849702,2
ISIC_0850065,0
ISIC_0850099,3
ISIC_0850181,3
ISIC_0850253,4
ISIC_0850854,1
ISIC_0851556,2
ISIC_0852790,1
ISIC_0852852,0
ISIC_0852869,1
ISIC_0853121,1
ISIC_0853280,3
ISIC_0853325,2
ISIC_0853430,3
ISIC_0853576,0
ISIC_0853825,2
ISIC_0853884,2
ISIC_0854201,0
ISIC_0854335,0
ISIC_0854601,4
ISIC_0854727,4
ISIC_0855990,1
ISIC_0856633,2
ISIC_0856856,2
ISIC_0857924,0
ISIC_0857978,1
ISIC_0858513,1
ISIC_0859438,0
ISIC_0860318,3
ISIC_0860320,4
ISIC_0860384,1
ISIC_0860622,1
ISIC_0861066,1
ISIC_0861128,0
ISIC_0861322,2
ISIC_0862063,1
ISIC_0862183,0
ISIC_0862337,4
ISIC_0862745,3
ISIC_0862797,3
ISIC_0862930,1
ISIC_0863691,3
ISIC_0863989,3
ISIC_0864226,4
ISIC_0864527,4
ISIC_0865443,3
ISIC_0865521,4
ISIC_0865887,0
ISIC_0867090,2
ISIC_0867357,1
ISIC_0867503,1
ISIC_0867709,1
ISIC_0868636,3
ISIC_0868656,3
ISIC_0868876,3
ISIC_0869142,4
ISIC_0869231,3
ISIC_0869745,0
ISIC_0870696,2
ISIC_0870751,4
ISIC_0871035,4
ISIC_0871833,1
ISIC_0871853,0
ISIC_0872145,3
ISIC_0872350,0
ISIC_0872409,2
ISIC_0872420,0
ISIC_0872477,0
ISIC_0872821,3
ISIC_0872845,4
ISIC_0873044,1
ISIC_0873114,3
ISIC_0873358,0
ISIC_0873568,4
ISIC_0873571,4
ISIC_0873657,0
ISIC_0873923,1
ISIC_0874243,1
ISIC_0874261,1
ISIC_0875528,0
ISIC_0875971,4
ISIC_0876230,2
ISIC_0876506,2
ISIC_0876733,2
ISIC_0876992,4
ISIC_0877543,3
ISIC_0878122,1
ISIC_0878210,3
ISIC_0878530,2
ISIC_0878793,4
ISIC_0878910,0
ISIC_0879020,3
ISIC_0879097,4
ISIC_0879635,0
ISIC_0879962,4
ISIC_0880061,0
ISIC_0880095,2
ISIC_0880208,2
ISIC_0880312,4
ISIC_0880405,2
ISIC_0881520,4
ISIC_0881573,1
ISIC_0882617,2
ISIC_0882619,1
ISIC_0882687,0
ISIC_0882705,2
ISIC_0883408,3
ISIC_0883681,4
ISIC_0884000,1
ISIC_0884397,1
ISIC_0884463,1
ISIC_0884550,0
ISIC_0884576,2
ISIC_0885048,3
ISIC_0885166,3
ISIC_0885209,4
ISIC_0885785,0
ISIC_0885962,1
ISIC_0886205,3
ISIC_0886519,4
ISIC_0886700,1
ISIC_0886727,4
ISIC_0886805,2
ISIC_0886853,3
ISIC_0886878,3
ISIC_0886964,0
ISIC_0887224,4
ISIC_0887488,3
ISIC_0887530,1
ISIC_0887792,4
ISIC_0887871,0
ISIC_0888084,2
ISIC_0888799,4
ISIC_0889205,1
ISIC_0889483,0
ISIC_0889988,0
ISIC_0890364,2
ISIC_0890398,4
ISIC_0890639,0
ISIC_0891469,3
ISIC_0892089,4
ISIC_0892306,1
ISIC_0892453,3
ISIC_0892926,3
ISIC_0892980,3
ISIC_0893100,4
ISIC_0893160,4
ISIC_0893399,1
ISIC_0893996,4
ISIC_0894057,3
ISIC_0894136,1
ISIC_0894220,4
ISIC_0894381,3
ISIC_0894608,1
ISIC_0894785,3
ISIC_0895547,3
ISIC_0895906,0
ISIC_0896313,4
ISIC_0896635,3
ISIC_0897190,0
ISIC_0897248,3
ISIC_0897459,2
ISIC_0897526,2
ISIC_0897876,4
ISIC_0898454,0
ISIC_0898483,2
ISIC_0899891,1
ISIC_0899961,1
ISIC_0900210,4
ISIC_0900216,3
ISIC_0900349,3
ISIC_0900587,0
ISIC_0901012,0
ISIC_0901213,3
ISIC_0901403,2
ISIC_0901472,4
ISIC_0901864,0
ISIC_0902830,1
ISIC_0903020,0
ISIC_0903175,2
ISIC_0903330,1
ISIC_0903548,0
ISIC_0903595,0
ISIC_0903608,1
ISIC_0904214,1
ISIC_0904712,1
ISIC_0905000,3
ISIC_0905455,3
ISIC_0905652,3
ISIC_0906053,4
ISIC_0906076,2
ISIC_0906465,2
ISIC_0906613,1
ISIC_0906639,0
ISIC_0906999,2
ISIC_0907214,3
ISIC_0907518,2
ISIC_0908367,2
ISIC_0908431,4
ISIC_0908662,4
ISIC_0908770,2
ISIC_0909082,1
ISIC_0909206,4
ISIC_0909402,1
ISIC_0909808,1
ISIC_0911264,4
ISIC_0911363,0
ISIC_0911414,4
ISIC_0911448,3
ISIC_0911783,3
ISIC_0911989,0
ISIC_0912033,1
ISIC_0912196,1
ISIC_0912291,2
ISIC_0912649,4
ISIC_0913027,1
ISIC_0913811,1
ISIC_0914038,3
ISIC_0914168,3
ISIC_0914251,0
ISIC_0914537,4
ISIC_0914700,2
ISIC_0914812,3
ISIC_0914920,0
ISIC_0914968,3
ISIC_0915216,0
ISIC_0915311,0
ISIC_0915342,0
ISIC_0915750,1
ISIC_0917117,3
ISIC_0917416,1
ISIC_0918078,3
ISIC_0918831,4
ISIC_0919089,2
ISIC_0919271,0
ISIC_0919351,1
ISIC_0919396,2
ISIC_0919467,3
ISIC_0919903,0
ISIC_0920000,4
ISIC_0920064,1
ISIC_0920968,0
ISIC_0922251,3
ISIC_0922292,2
ISIC_0922552,4
ISIC_0923157,0
ISIC_0924146,2
ISIC_0924215,2
ISIC_0924302,2
ISIC_0924427,1
ISIC_0924701,3
ISIC_0924724,4
ISIC_0924902,1
ISIC_0925139,4
ISIC_0925174,4
ISIC_0925310,4
ISIC_0925531,4
ISIC_0925758,0
ISIC_0926306,3
ISIC_0926571,3
ISIC_0926728,2
ISIC_0927057,1
ISIC_0927719,1
ISIC_0927854,0
ISIC_0927960,3
ISIC_0928025,0
ISIC_0928087,1
ISIC_0928264,2
ISIC_0928581,1
ISIC_0928604,4
ISIC_0928633,4
ISIC_0928982,1
ISIC_0929483,0
ISIC_0929517,3
ISIC_0930135,3
ISIC_0930417,1
ISIC_0930924,2
ISIC_0930944,0
ISIC_0930980,2
ISIC_0931218,2
ISIC_0931454,4
ISIC_0931725,4
ISIC_0932428,4
ISIC_0932862,0
ISIC_0933075,1
ISIC_0933647,4
ISIC_0933689,2
ISIC_0933821,1
ISIC_0934204,0
ISIC_0934223,1
ISIC_0934367,0
ISIC_0934368,4
ISIC_0935859,2
ISIC_0936865,3
ISIC_0937257,4
ISIC_0937261,2
ISIC_0937346,4
ISIC_0937378,3
ISIC_0938463,3
ISIC_0938864,4
ISIC_0938927,3
ISIC_0939062,2
ISIC_0939558,0
ISIC_0939642,1
ISIC_0939648,2
ISIC_0940070,4
ISIC_0940385,1
ISIC_0940521,1
ISIC_0940561,2
ISIC_0941085,2
ISIC_0941302,2
ISIC_0941332,1
ISIC_0941527,0
ISIC_0941656,4
ISIC_0941700,2
ISIC_0942056,1
ISIC_0942654,1
ISIC_0943089,4
ISIC_0943299,1
ISIC_0943717,2
ISIC_0944103,4
ISIC_0944273,2
ISIC_0944753,1
ISIC_0944828,2
ISIC_0945332,2
ISIC_0945844,0
ISIC_0946485,2
ISIC_0946696,4
ISIC_0946777,4
ISIC_0946787,1
ISIC_0946923,3
ISIC_0946977,0
ISIC_0947409,3
ISIC_0947467,4
ISIC_0947525,4
ISIC_0947634,1
ISIC_0948152,2
ISIC_0948240,2
ISIC_0949164,2
ISIC_0950828,2
ISIC_0951377,1
ISIC_0951438,2
ISIC_0951519,0
ISIC_0951557,1
ISIC_0951791,2
ISIC_0951915,4
ISIC_0952098,3
ISIC_0952221,4
ISIC_0952472,3
ISIC_0952665,1
ISIC_0953094,3
ISIC_0953133,4
ISIC_0953317,0
ISIC_0953500,1
ISIC_0953675,4
ISIC_0953709,4
ISIC_0954236,4
ISIC_0954462,3
ISIC_0954522,0
ISIC_0954841,3
ISIC_0955786,2
ISIC_0955945,4
ISIC_0956237,1
ISIC_0956348,1
ISIC_0956407,1
ISIC_0956523,3
ISIC_0956562,2
ISIC_0956720,4
ISIC_0956818,3
ISIC_0956923,4
ISIC_0957034,1
ISIC_0957641,3
ISIC_0958328,1
ISIC_0958701,0
ISIC_0959085,0
ISIC_0959160,0
ISIC_0959562,0
ISIC_0959735,1
ISIC_0959863,1
ISIC_0960088,0
ISIC_0960741,1
ISIC_0961055,4
ISIC_0961235,0
ISIC_0961888,1
ISIC_0962321,4
ISIC_0962601,4
ISIC_0962787,2
ISIC_0963117,1
ISIC_0963211,2
ISIC_0963460,4
ISIC_0963531,3
ISIC_0963536,3
ISIC_0964270,0
ISIC_0964827,2
ISIC_0965224,4
ISIC_0965382,1
ISIC_0965652,3
ISIC_0965885,1
ISIC_0966066,4
ISIC_0966527,3
ISIC_0966987,2
ISIC_0967540,0
ISIC_0967746,4
ISIC_0969139,1
ISIC_0969170,3
ISIC_0969178,2
ISIC_0969561,0
ISIC_0970069,1
ISIC_0970616,3
ISIC_0971027,2
ISIC_0971518,3
ISIC_0973194,2
ISIC_0973856,3
ISIC_0974159,1
ISIC_0974233,4
ISIC_0974293,2
ISIC_0974833,0
ISIC_0975117,3
ISIC_0975393,2
ISIC_0975874,3
ISIC_0976232,1
ISIC_0976659,1
ISIC_0977333,2
ISIC_0977596,3
ISIC_0977861,1
ISIC_0978194,3
ISIC_0978259,1
ISIC_0978386,4
ISIC_0978548,1
ISIC_0978977,1
ISIC_0979454,0
ISIC_0979974,0
ISIC_0980012,1
ISIC_0980513,3
ISIC_0981462,4
ISIC_0981639,1
ISIC_0981657,4
ISIC_0981661,1
ISIC_0981775,4
ISIC_0981883,1
ISIC_0982046,4
ISIC_0982543,0
ISIC_0982757,2
ISIC_0982855,0
ISIC_0982984,3
ISIC_0983294,0
ISIC_0983360,1
ISIC_0983447,3
ISIC_0983569,3
ISIC_0984151,3
ISIC_0984825,4
ISIC_0984972,2
ISIC_0985052,3
ISIC_0985269,3
ISIC_0985298,0
ISIC_0985395,3
ISIC_0985863,2
ISIC_0985874,1
ISIC_0986600,0
ISIC_0986702,0
ISIC_0986890,4
ISIC_0986955,1
ISIC_0987042,2
ISIC_0987176,1
ISIC_0987360,0
ISIC_0987523,3
ISIC_0987727,2
ISIC_0987749,2
ISIC_0987757,3
ISIC_0987830,0
ISIC_0988623,4
ISIC_0988665,3
ISIC_0988712,0
ISIC_0988766,4
ISIC_0988860,0
ISIC_0990073,0
ISIC_0990403,4
ISIC_0990942,1
ISIC_0991133,0
ISIC_0991332,0
ISIC_0991731,4
ISIC_0993929,1
ISIC_0994556,2
ISIC_0995161,2
ISIC_0995838,4
ISIC_0996465,1
ISIC_0996501,2
ISIC_0996566,4
ISIC_0998408,1
ISIC_0998639,2
ISIC_0998651,3
ISIC_0999592,1
ISIC_0999642,4
ISIC_1000328,3
ISIC_1000360,0
ISIC_1000399,3
ISIC_1000648,0
ISIC_1001320,4
ISIC_1001348,4
ISIC_1001477,2
ISIC_1001562,1
ISIC_1001731,2
ISIC_1002107,3
ISIC_1002473,2
ISIC_1002979,3
ISIC_1003459,2
ISIC_1003701,0
ISIC_1003703,3
ISIC_1004225,3
ISIC_1004265,2
ISIC_1004416,0
ISIC_1005038,0
ISIC_1005048,3
ISIC_1005544,2
ISIC_1005597,4
ISIC_1005683,0
ISIC_1005745,3
ISIC_1006632,1
ISIC_1006874,0
ISIC_1007014,2
ISIC_1007608,1
ISIC_1007838,4
ISIC_1008321,0
ISIC_1008609,1
ISIC_1009042,2
ISIC_1009273,2
ISIC_1009378,0
ISIC_1009958,3
ISIC_1010416,1
ISIC_1010525,0
ISIC_1010991,4
ISIC_1011089,2
ISIC_1011603,0
ISIC_1011754,4
ISIC_1012387,2
ISIC_1012570,1
ISIC_1013648,1
ISIC_1013796,1
ISIC_1013841,1
ISIC_1014075,0
ISIC_1014210,3
ISIC_1014701,4
ISIC_1014729,2
ISIC_1015191,0
ISIC_1015264,3
ISIC_1015644,1
ISIC_1016695,2
ISIC_1017015,4
ISIC_1017035,0
ISIC_1017159,4
ISIC_1017377,3
ISIC_1017622,3
ISIC_1017936,2
ISIC_1018048,0
ISIC_1018102,0
ISIC_1018265,4
ISIC_1019987,1
ISIC_1020208,1
ISIC_1020369,1
ISIC_1020405,3
ISIC_1020569,2
ISIC_1020608,1
ISIC_1020661,1
ISIC_1020809,0
ISIC_1020862,0
ISIC_1020968,0
ISIC_1020999,4
ISIC_1021110,1
ISIC_1021883,0
ISIC_1022263,4
ISIC_1022653,3
ISIC_1022958,0
ISIC_1023010,1
ISIC_1023339,3
ISIC_1023354,0
ISIC_1023676,4
ISIC_1023685,0
ISIC_1023741,0
ISIC_1023810,4
ISIC_1024269,3
ISIC_1024569,0
ISIC_1024677,1
ISIC_1025009,1
ISIC_1025192,2
ISIC_1025481,1
ISIC_1026239,3
ISIC_1026382,3
ISIC_1026757,1
ISIC_1026770,0
ISIC_1027512,1
ISIC_1027856,4
ISIC_1028550,3
ISIC_1029536,3
ISIC_1029550,2
ISIC_1029700,3
ISIC_1030453,1
ISIC_1030777,4
ISIC_1030920,3
ISIC_1031166,2
ISIC_1031178,2
ISIC_1031993,0
ISIC_1032034,2
ISIC_1032115,0
ISIC_1032630,0
ISIC_1032826,0
ISIC_1033336,4
ISIC_1033406,4
ISIC_1034126,1
ISIC_1034397,2
ISIC_1034411,3
ISIC_1034419,1
ISIC_1034492,0
ISIC_1035480,3
ISIC_1036491,4
ISIC_1037260,3
ISIC_1037315,1
ISIC_1037380,3
ISIC_1037860,4
ISIC_1037945,4
ISIC_1037947,2
ISIC_1039396,2
ISIC_1039431,1
ISIC_1039970,2
ISIC_1040340,2
ISIC_1040841,3
ISIC_1041406,3
ISIC_1041621,2
ISIC_1042111,0
ISIC_1042588,1
ISIC_1042960,1
ISIC_1043157,4
ISIC_1043219,4
ISIC_1043267,4
ISIC_1043313,0
ISIC_1043405,3
ISIC_1043817,2
ISIC_1044129,2
ISIC_1044290,2
ISIC_1044344,2
ISIC_1044438,3
ISIC_1044758,0
ISIC_1045084,4
ISIC_1045252,0
ISIC_1045706,4
ISIC_1046678,0
ISIC_1046786,4
ISIC_1048077,2
ISIC_1048741,1
ISIC_1048856,1
ISIC_1048895,4
ISIC_1048913,3
ISIC_1049664,0
ISIC_1050000,0
ISIC_1050158,1
ISIC_1050268,1
ISIC_1050386,0
ISIC_1050945,3
ISIC_1050950,1
ISIC_1051076,3
ISIC_1051208,2
ISIC_1051448,3
ISIC_1051595,4
ISIC_1051787,4
ISIC_1052148,4
ISIC_1052782,3
ISIC_1053021,4
ISIC_1053427,3
ISIC_1054090,4
ISIC_1054769,1
ISIC_1054883,2
ISIC_1056183,0
ISIC_1056788,4
ISIC_1056868,1
ISIC_1057521,4
ISIC_1057607,1
ISIC_1057817,4
ISIC_1058326,1
ISIC_1059054,0
ISIC_1059147,0
ISIC_1059525,4
ISIC_1060006,0
ISIC_1060161,1
ISIC_1060448,2
ISIC_1060932,1
ISIC_1061363,1
ISIC_1062359,3
ISIC_1063407,0
ISIC_1064163,4
ISIC_1064919,1
ISIC_1065110,1
ISIC_1065160,2
ISIC_1065699,0
ISIC_1066052,1
ISIC_1066801,4
ISIC_1066973,4
ISIC_1067251,0
ISIC_1067390,4
ISIC_1067806,0
ISIC_1067985,4
ISIC_1068489,2
ISIC_1068686,4
ISIC_1069587,0
ISIC_1069960,4
ISIC_1070631,1
ISIC_1070715,0
ISIC_1070864,0
ISIC_1070883,1
ISIC_1071355,4
ISIC_1071371,1
ISIC_1071458,1
ISIC_1071617,0
ISIC_1072321,1
ISIC_1072531,0
ISIC_1073233,1
ISIC_1073245,0
ISIC_1073350,4
ISIC_1073659,4
ISIC_1074482,2
ISIC_1074551,1
ISIC_1074629,3
ISIC_1074939,3
ISIC_1074985,3
ISIC_1075054,3
ISIC_1075126,2
ISIC_1075192,3
ISIC_1075231,0
ISIC_1075605,2
ISIC_1075654,2
ISIC_1075968,2
ISIC_1076091,1
ISIC_1076339,3
ISIC_1076474,0
ISIC_1076554,3
ISIC_1077375,2
ISIC_1077822,3
ISIC_1077911,1
ISIC_1078527,2
ISIC_1078563,3
ISIC_1078707,2
ISIC_1078823,3
ISIC_1078854,0
ISIC_1079069,0
ISIC_1079829,0
ISIC_1080640,3
ISIC_1080647,0
ISIC_1081051,4
ISIC_1081430,0
ISIC_1081510,0
ISIC_1081635,3
ISIC_1082020,2
ISIC_1082748,4
ISIC_1083365,0
ISIC_1083392,4
ISIC_1083466,3
ISIC_1083584,0
ISIC_1083668,2
ISIC_1083672,0
ISIC_1083681,2
ISIC_1084154,4
ISIC_1084298,3
ISIC_1084452,3
ISIC_1085285,3
ISIC_1085358,4
ISIC_1086387,4
ISIC_1086902,1
ISIC_1087367,1
ISIC_1087658,1
ISIC_1087705,0
ISIC_1087923,3
ISIC_1087924,3
ISIC_1088190,1
ISIC_1088705,4
ISIC_1089617,0
ISIC_1089746,1
ISIC_1090364,1
ISIC_1090562,0
ISIC_1090614,3
ISIC_1090983,3
ISIC_1091253,2
ISIC_1091280,3
ISIC_1091626,4
ISIC_1091902,4
ISIC_1092241,1
ISIC_1092323,3
ISIC_1092432,4
ISIC_1092604,1
ISIC_1092809,2
ISIC_1092935,2
ISIC_1093390,4
ISIC_1093647,0
ISIC_1093722,1
ISIC_1094526,3
ISIC_1094844,1
ISIC_1095325,2
ISIC_1096503,0
ISIC_1097249,1
ISIC_1098112,4
ISIC_1098361,0
ISIC_1100216,3
ISIC_1100665,2
ISIC_1101631,1
ISIC_1101667,4
ISIC_1101755,4
ISIC_1102075,3
ISIC_1102391,0
ISIC_1102766,3
ISIC_1102861,1
ISIC_1103365,1
ISIC_1103955,3
ISIC_1104171,3
ISIC_1104374,4
ISIC_1104594,3
ISIC_1104762,2
ISIC_1104953,0
ISIC_1105059,2
ISIC_1105133,3
ISIC_1105263,4
ISIC_1105772,4
ISIC_1106080,2
ISIC_1106211,0
ISIC_1106702,1
ISIC_1106851,2
ISIC_1106860,3
ISIC_1107381,4
ISIC_1107521,1
ISIC_1107538,0
ISIC_1107549,4
ISIC_1107820,3
ISIC_1107954,0
ISIC_1108178,3
ISIC_1108204,3
ISIC_1109485,4
ISIC_1109516,0
ISIC_1109641,3
ISIC_1109667,4
ISIC_1110383,2
ISIC_1110583,0
ISIC_1110691,0
ISIC_1110949,2
ISIC_1111050,0
ISIC_1111163,2
ISIC_1111173,2
ISIC_1111313,3
ISIC_1112205,2
ISIC_1112803,3
ISIC_1113265,3
ISIC_1113271,1
ISIC_1113490,4
ISIC_1113629,1
ISIC_1113686,3
ISIC_1114283,3
ISIC_1114312,2
ISIC_1114860,4
ISIC_1114966,1
ISIC_1115013,1
ISIC_1115160,1
ISIC_1115266,4
ISIC_1115695,0
ISIC_1116037,3
ISIC_1116483,0
ISIC_1116949,3
ISIC_1117214,4
ISIC_1117369,3
ISIC_1117976,2
ISIC_1117996,2
ISIC_1118147,3
ISIC_1118894,4
ISIC_1119066,4
ISIC_1119559,0
ISIC_1120241,3
ISIC_1120654,3
ISIC_1121740,1
ISIC_1121883,1
ISIC_1121984,4
ISIC_1122023,0
ISIC_1122524,1
ISIC_1122727,4
ISIC_1122796,3
ISIC_1123231,3
ISIC_1123509,3
ISIC_1124434,4
ISIC_1124566,3
ISIC_1124696,3
ISIC_1124744,4
ISIC_1125652,4
ISIC_1125852,0
ISIC_1126202,3
ISIC_1126306,2
ISIC_1127057,1
ISIC_1127430,0
ISIC_1127639,4
ISIC_1127653,0
ISIC_1128193,0
ISIC_1128317,3
ISIC_1128371,2
ISIC_1128846,2
ISIC_1128858,3
ISIC_1129508,4
ISIC_1129825,1
ISIC_1130669,2
ISIC_1130830,4
ISIC_1130888,3
ISIC_1130936,3
ISIC_1131588,1
ISIC_1131772,0
ISIC_1132496,3
ISIC_1132788,1
ISIC_1132966,2
ISIC_1133347,4
ISIC_1133501,3
ISIC_1133590,4
ISIC_1134319,4
ISIC_1134437,4
ISIC_1134882,3
ISIC_1135213,3
ISIC_1135340,3
ISIC_1135485,1
ISIC_1135977,0
ISIC_1136589,1
ISIC_1136870,2
ISIC_1136902,1
ISIC_1137043,2
ISIC_1137178,3
ISIC_1137455,4
ISIC_1137915,1
ISIC_1138232,3
ISIC_1138868,2
ISIC_1138872,3
ISIC_1138880,0
ISIC_1139248,3
ISIC_1140182,2
ISIC_1140410,2
ISIC_1140610,2
ISIC_1140717,4
ISIC_1141622,3
ISIC_1141666,1
ISIC_1142158,1
ISIC_1142764,4
ISIC_1142933,2
ISIC_1142962,2
ISIC_1143268,1
ISIC_1143655,3
ISIC_1144024,0
ISIC_1144286,2
ISIC_1144466,0
ISIC_1144769,1
ISIC_1145290,2
ISIC_1145442,1
ISIC_1145562,1
ISIC_1145706,4
ISIC_1145799,3
ISIC_1145963,4
ISIC_1146341,3
ISIC_1147442,4
ISIC_1147681,1
ISIC_1147733,3
ISIC_1147795,1
ISIC_1147965,0
ISIC_1148874,2
ISIC_1148932,3
ISIC_1149061,2
ISIC_1149469,3
ISIC_1149693,0
ISIC_1150399,0
ISIC_1150482,1
ISIC_1151269,2
ISIC_1151651,0
ISIC_1151910,3
ISIC_1151929,3
ISIC_1152051,3
ISIC_1152559,0
ISIC_1152648,3
ISIC_1152737,1
ISIC_1153069,1
ISIC_1153106,4
ISIC_1153335,0
ISIC_1153940,2
ISIC_1154064,3
ISIC_1154072,4
ISIC_1154109,3
ISIC_1154756,0
ISIC_1155407,1
ISIC_1155483,2
ISIC_1155612,3
ISIC_1155782,3
ISIC_1156157,3
ISIC_1156392,2
ISIC_1157007,1
ISIC_1157032,0
ISIC_1157099,0
ISIC_1157790,3
ISIC_1157850,4
ISIC_1158065,0
ISIC_1158466,4
ISIC_1158816,2
ISIC_1159177,3
ISIC_1159773,1
ISIC_1159891,0
ISIC_1160040,3
ISIC_1160733,2
ISIC_1160953,3
ISIC_1161054,3
ISIC_1161171,2
ISIC_1161247,2
ISIC_1161370,3
ISIC_1161490,3
ISIC_1161591,3
ISIC_1161650,1
ISIC_1161936,2
ISIC_1162156,3
ISIC_1162288,0
ISIC_1162337,4
ISIC_1162576,2
ISIC_1163139,0
ISIC_1163224,0
ISIC_1163258,0
ISIC_1163426,4
ISIC_1163624,4
ISIC_1164283,3
ISIC_1164360,2
ISIC_1164529,2
ISIC_1164612,1
ISIC_1164824,3
ISIC_1164890,2
ISIC_1165497,3
ISIC_1165548,0
ISIC_1165669,1
ISIC_1166337,3
ISIC_1166446,1
ISIC_1166491,2
ISIC_1166522,1
ISIC_1166678,0
ISIC_1166920,0
ISIC_1167108,0
ISIC_1167258,3
ISIC_1168311,3
ISIC_1168355,4
ISIC_1169095,2
ISIC_1169724,2
ISIC_1170029,1
ISIC_1170134,1
ISIC_1170910,3
ISIC_1170961,2
ISIC_1171426,2
ISIC_1171646,1
ISIC_1171655,1
ISIC_1171704,2
ISIC_1172768,0
ISIC_1172804,2
ISIC_1172855,2
ISIC_1172952,1
ISIC_1172955,3
ISIC_1173350,0
ISIC_1173776,0
ISIC_1173962,3
ISIC_1174017,4
ISIC_1174039,1
ISIC_1174073,3
ISIC_1175170,0
ISIC_1175215,3
ISIC_1175291,3
ISIC_1175776,3
ISIC_1176099,3
ISIC_1176231,4
ISIC_1176575,1
ISIC_1176970,1
ISIC_1176987,3
ISIC_1177153,0
ISIC_1177505,2
ISIC_1178018,3
ISIC_1178227,4
ISIC_1178367,3
ISIC_1178461,2
ISIC_1178491,0
ISIC_1178518,4
ISIC_1178847,0
ISIC_1179160,1
ISIC_1179209,2
ISIC_1180286,4
ISIC_1180551,0
ISIC_1181483,2
ISIC_1181626,1
ISIC_1181853,3
ISIC_1182470,4
ISIC_1182612,2
ISIC_1182624,4
ISIC_1183565,4
ISIC_1184373,4
ISIC_1185006,4
ISIC_1185128,4
ISIC_1185134,0
ISIC_1185468,4
ISIC_1185497,2
ISIC_1185853,2
ISIC_1185894,2
ISIC_1185906,1
ISIC_1186077,3
ISIC_1186495,2
ISIC_1186655,2
ISIC_1187477,4
ISIC_1187983,0
ISIC_1188141,2
ISIC_1188525,3
ISIC_1189461,2
ISIC_1189627,2
ISIC_1189712,2
ISIC_1189827,0
ISIC_1190567,0
ISIC_1190827,0
ISIC_1190994,1
ISIC_1191367,4
ISIC_1192253,3
ISIC_1192835,4
ISIC_1192917,0
ISIC_1192974,1
ISIC_1193108,3
ISIC_1193513,0
ISIC_1194127,2
ISIC_1194836,2
ISIC_1194944,3
ISIC_1195254,3
ISIC_1195354,2
ISIC_1195563,3
ISIC_1195689,0
ISIC_1195961,0
ISIC_1196284,3
ISIC_1196326,1
ISIC_1196376,0
ISIC_1196660,3
ISIC_1196752,1
ISIC_1196936,2
ISIC_1197080,3
ISIC_1197584,4
ISIC_1197692,2
ISIC_1197737,2
ISIC_1197816,2
ISIC_1197876,1
ISIC_1198047,4
ISIC_1198405,3
ISIC_1198422,4
ISIC_1198561,3
ISIC_1198929,0
ISIC_1199236,2
ISIC_1199706,0
ISIC_1199843,4
ISIC_1199920,1
ISIC_1200075,1
ISIC_1200192,0
ISIC_1200689,0
ISIC_1200790,0
ISIC_1200819,4
ISIC_1200846,3
ISIC_1201523,4
ISIC_1201857,2
ISIC_1201873,0
ISIC_1202355,4
ISIC_1202561,1
ISIC_1202785,3
ISIC_1202976,3
ISIC_1203017,1
ISIC_1203254,0
ISIC_1203434,0
ISIC_1203596,0
ISIC_1203983,2
ISIC_1204284,1
ISIC_1204286,2
ISIC_1204619,4
ISIC_1204729,0
ISIC_1205438,2
ISIC_1205826,1
ISIC_1206021,1
ISIC_1206384,1
ISIC_1206571,3
ISIC_1206585,0
ISIC_1207371,2
ISIC_1207387,3
ISIC_1207456,3
ISIC_1207652,4
ISIC_1207789,4
ISIC_1207811,3
ISIC_1208705,1
ISIC_1208737,2
ISIC_1209365,4
ISIC_1209492,2
ISIC_1209726,0
ISIC_1210011,1
ISIC_1210338,3
ISIC_1210565,4
ISIC_1210620,3
ISIC_1210893,4
ISIC_1211024,4
ISIC_1211506,2
ISIC_1212555,4
ISIC_1212587,2
ISIC_1213303,2
ISIC_1213493,4
ISIC_1215482,0
ISIC_1215640,3
ISIC_1216139,4
ISIC_1216201,3
ISIC_1216381,4
ISIC_1216698,0
ISIC_1216822,1
ISIC_1217314,2
ISIC_1217717,4
ISIC_1218358,0
ISIC_1218931,3
ISIC_1219154,4
ISIC_1219427,4
ISIC_1219783,3
ISIC_1219894,0
ISIC_1220029,2
ISIC_1220154,2
ISIC_1221361,0
ISIC_1221691,0
ISIC_1222640,1
ISIC_1222771,0
ISIC_1222905,2
ISIC_1223648,0
ISIC_1223849,0
ISIC_1223998,1
ISIC_1224295,2
ISIC_1224329,3
ISIC_1224650,2
ISIC_1225078,2
ISIC_1225369,3
ISIC_1225412,1
ISIC_1225511,1
ISIC_1226440,0
ISIC_1226868,1
ISIC_1226882,3
ISIC_1227931,1
ISIC_1228005,0
ISIC_1228845,2
ISIC_1228909,2
ISIC_1228927,1
ISIC_1229366,1
ISIC_1229548,3
ISIC_1229835,3
ISIC_1229954,2
ISIC_1230738,2
ISIC_1230862,2
ISIC_1231419,4
ISIC_1231722,2
ISIC_1232371,1
ISIC_1232778,3
ISIC_1233016,0
ISIC_1233068,4
ISIC_1233104,0
ISIC_1233389,4
ISIC_1233830,1
ISIC_1234240,3
ISIC_1234254,3
ISIC_1234310,0
ISIC_1234463,1
ISIC_1234618,2
ISIC_1235053,2
ISIC_1235335,3
ISIC_1235597,0
ISIC_1235777,0
ISIC_1236107,3
ISIC_1236761,2
ISIC_1237232,1
ISIC_1237266,3
ISIC_1237271,4
ISIC_1237500,3
ISIC_1238146,2
ISIC_1239088,3
ISIC_1239373,0
ISIC_1239785,1
ISIC_1240189,4
ISIC_1240485,0
ISIC_1241304,4
ISIC_1241645,4
ISIC_1241680,2
ISIC_1241817,1
ISIC_1241918,0
ISIC_1242176,2
ISIC_1242543,3
ISIC_1242852,2
ISIC_1242992,2
ISIC_1243184,4
ISIC_1243346,4
ISIC_1243938,3
ISIC_1244831,0
ISIC_1245414,1
ISIC_1245630,0
ISIC_1246016,1
ISIC_1246184,4
ISIC_1246334,2
ISIC_1246630,4
ISIC_1246666,3
ISIC_1247037,2
ISIC_1247254,4
ISIC_1247284,1
ISIC_1247683,2
ISIC_1247773,2
ISIC_1247979,4
ISIC_1248073,3
ISIC_1248275,4
ISIC_1248372,3
ISIC_1248740,0
ISIC_1248876,2
ISIC_1249358,0
ISIC_1249539,2
ISIC_1249665,1
ISIC_1249702,4
ISIC_1249969,3
ISIC_1250266,1
ISIC_1250318,3
ISIC_1250680,2
ISIC_1250770,4
ISIC_1250861,3
ISIC_1251020,1
ISIC_1251364,0
ISIC_1251639,1
ISIC_1251721,3
ISIC_1251811,2
ISIC_1252029,2
ISIC_1252797,1
ISIC_1252871,1
ISIC_1252944,4
ISIC_1253009,0
ISIC_1253150,2
ISIC_1253227,4
ISIC_1253292,2
ISIC_1253435,2
ISIC_1253960,0
ISIC_1254526,0
ISIC_1255210,0
ISIC_1255336,3
ISIC_1255440,4
ISIC_1255700,4
ISIC_1256143,3
ISIC_1257045,1
ISIC_1257540,1
ISIC_1257854,4
ISIC_1258127,4
ISIC_1258271,4
ISIC_1258362,2
ISIC_1258435,0
ISIC_1258756,1
ISIC_1258763,1
ISIC_1258986,3
ISIC_1259014,0
ISIC_1259091,4
ISIC_1259230,1
ISIC_1259465,1
ISIC_1259537,3
ISIC_1259590,4
ISIC_1259851,1
ISIC_1260198,4
ISIC_1260515,4
ISIC_1260545,2
ISIC_1261315,3
ISIC_1261530,3
ISIC_1261939,1
ISIC_1262252,0
ISIC_1262966,0
ISIC_1263378,2
ISIC_1263585,0
ISIC_1264576,4
ISIC_1264722,1
ISIC_1264725,2
ISIC_1264914,3
ISIC_1264950,0
ISIC_1264993,4
ISIC_1265230,4
ISIC_1265381,4
ISIC_1265382,0
ISIC_1265427,4
ISIC_1265609,1
ISIC_1265653,3
ISIC_1265755,3
ISIC_1266424,0
ISIC_1266447,2
ISIC_1266695,3
ISIC_1266707,2
ISIC_1267108,1
ISIC_1267793,1
ISIC_1268027,0
ISIC_1269048,1
ISIC_1269461,1
ISIC_1269601,2
ISIC_1270091,0
ISIC_1270305,0
ISIC_1270307,3
ISIC_1270339,0
ISIC_1270351,1
ISIC_1271157,2
ISIC_1271286,3
ISIC_1271536,1
ISIC_1272071,3
ISIC_1272233,0
ISIC_1272768,3
ISIC_1272961,3
ISIC_1273077,2
ISIC_1273230,1
ISIC_1273353,4
ISIC_1274150,2
ISIC_1274220,3
ISIC_1274228,3
ISIC_1274550,3
ISIC_1274851,4
ISIC_1275188,0
ISIC_1275964,1
ISIC_1276037,1
ISIC_1276130,3
ISIC_1277620,2
ISIC_1277862,0
ISIC_1278629,3
ISIC_1278971,2
ISIC_1279650,0
ISIC_1280112,2
ISIC_1280780,1
ISIC_1281285,1
ISIC_1281431,3
ISIC_1281742,4
ISIC_1282063,2
ISIC_1282857,4
ISIC_1282922,4
ISIC_1283320,2
ISIC_1283518,1
ISIC_1283950,4
ISIC_1284089,4
ISIC_1284397,3
ISIC_1284496,2
ISIC_1285203,1
ISIC_1285870,1
ISIC_1285997,2
ISIC_1286298,0
ISIC_1286857,1
ISIC_1287050,0
ISIC_1287173,4
ISIC_1287370,2
ISIC_1287495,1
ISIC_1288751,1
ISIC_1288895,0
ISIC_1289608,2
ISIC_1289942,1
ISIC_1290184,2
ISIC_1290295,1
ISIC_1290366,1
ISIC_1290465,2
ISIC_1290677,2
ISIC_1290821,0
ISIC_1290920,1
ISIC_1292006,1
ISIC_1292165,0
ISIC_1292357,4
ISIC_1292607,1
ISIC_1292799,0
ISIC_1293199,1
ISIC_1293403,4
ISIC_1293501,3
ISIC_1293743,3
ISIC_1294049,4
ISIC_1294456,2
ISIC_1296073,4
ISIC_1296141,2
ISIC_1296490,1
ISIC_1296663,4
ISIC_1296817,1
ISIC_1297965,1
ISIC_1298092,2
ISIC_1298253,0
ISIC_1298356,4
ISIC_1299388,1
ISIC_1299998,4
ISIC_1300006,0
ISIC_1300318,2
ISIC_1300891,4
ISIC_1300967,1
ISIC_1301544,3
ISIC_1301591,2
ISIC_1302264,4
ISIC_1302281,0
ISIC_1302879,1
ISIC_1303205,2
ISIC_1303315,4
ISIC_1303825,1
ISIC_1303854,2
ISIC_1304077,4
ISIC_1304105,4
ISIC_1304291,2
ISIC_1304761,4
ISIC_1305180,4
ISIC_1305537,2
ISIC_1305924,3
ISIC_1306020,1
ISIC_1306050,1
ISIC_1306790,1
ISIC_1307045,0
ISIC_1307134,2
ISIC_1307396,1
ISIC_1307419,3
ISIC_1307651,3
ISIC_1307957,4
ISIC_1308081,0
ISIC_1308177,2
ISIC_1308649,4
ISIC_1308847,3
ISIC_1308938,2
ISIC_1309015,2
ISIC_1309130,4
ISIC_1310183,1
ISIC_1310639,4
ISIC_1311771,4
ISIC_1311781,2
ISIC_1312208,0
ISIC_1312827,0
ISIC_1313105,4
ISIC_1313659,1
ISIC_1313747,4
ISIC_1313882,4
ISIC_1314417,3
ISIC_1314474,3
ISIC_1314502,2
ISIC_1315068,3
ISIC_1315123,1
ISIC_1315424,0
ISIC_1316185,0
ISIC_1316518,1
ISIC_1317344,1
ISIC_1318018,2
ISIC_1318137,2
ISIC_1318493,2
ISIC_1318753,2
ISIC_1318781,4
ISIC_1319537,2
ISIC_1320600,2
ISIC_1320837,1
ISIC_1320957,4
ISIC_1321376,2
ISIC_1321427,3
ISIC_1322575,1
ISIC_1322621,3
ISIC_1323043,4
ISIC_1323048,1
ISIC_1323427,3
ISIC_1323471,2
ISIC_1323743,4
ISIC_1323775,1
ISIC_1323909,2
ISIC_1324208,2
ISIC_1324390,2
ISIC_1324618,1
ISIC_1324816,1
ISIC_1325342,3
ISIC_1325449,0
ISIC_1325727,1
ISIC_1326292,2
ISIC_1326295,4
ISIC_1326366,0
ISIC_1326483,1
ISIC_1326757,1
ISIC_1326906,1
ISIC_1327412,4
ISIC_1327515,4
ISIC_1328417,2
ISIC_1328488,4
ISIC_1328717,0
ISIC_1328804,0
ISIC_1328868,1
ISIC_1329146,2
ISIC_1329224,1
ISIC_1329932,0
ISIC_1330008,4
ISIC_1330242,1
ISIC_1330546,1
ISIC_1330763,0
ISIC_1331104,4
ISIC_1331112,0
ISIC_1331993,1
ISIC_1332281,2
ISIC_1332309,1
ISIC_1332597,3
ISIC_1332766,3
ISIC_1333049,3
ISIC_1333230,3
ISIC_1334006,1
ISIC_1334038,2
ISIC_1334110,3
ISIC_1334438,0
ISIC_1336250,2
ISIC_1336351,2
ISIC_1336519,3
ISIC_1336572,3
ISIC_1336705,3
ISIC_1336905,1
ISIC_1337144,3
ISIC_1337534,3
ISIC_1337726,3
ISIC_1338045,1
ISIC_1338055,1
ISIC_1338069,1
ISIC_1338882,2
ISIC_1338915,3
ISIC_1338975,3
ISIC_1338986,0
ISIC_1339720,1
ISIC_1340435,2
ISIC_1341068,4
ISIC_1341106,3
ISIC_1341272,0
ISIC_1341445,2
ISIC_1341586,0
ISIC_1342082,1
ISIC_1342117,1
ISIC_1342739,0
ISIC_1342801,1
ISIC_1342851,2
ISIC_1343433,2
ISIC_1343607,1
ISIC_1344155,1
ISIC_1344213,0
ISIC_1344537,2
ISIC_1344585,0
ISIC_1344757,3
ISIC_1345925,0
ISIC_1346209,1
ISIC_1346347,3
ISIC_1346562,0
ISIC_1346688,2
ISIC_1346695,0
ISIC_1347099,1
ISIC_1348050,1
ISIC_1348254,1
ISIC_1348538,4
ISIC_1348539,1
ISIC_1348843,1
ISIC_1349042,3
ISIC_1349213,4
ISIC_1349234,0
ISIC_1349353,0
ISIC_1349725,1
ISIC_1349890,1
ISIC_1350519,0
ISIC_1350659,3
ISIC_1350991,1
ISIC_1351048,1
ISIC_1351604,2
ISIC_1351682,0
ISIC_1351965,4
ISIC_1352190,3
ISIC_1352280,2
ISIC_1352631,1
ISIC_1352841,1
ISIC_1352911,4
ISIC_1353051,0
ISIC_1353094,1
ISIC_1353530,0
ISIC_1353532,4
ISIC_1353653,4
ISIC_1353668,4
ISIC_1353949,3
ISIC_1354862,0
ISIC_1355104,1
ISIC_1355214,1
ISIC_1355286,1
ISIC_1355494,2
ISIC_1355722,0
ISIC_1355890,4
ISIC_1355907,0
ISIC_1356715,3
ISIC_1356907,3
ISIC_1356945,3
ISIC_1357166,4
ISIC_1357175,1
ISIC_1357836,1
ISIC_1358147,3
ISIC_1358348,0
ISIC_1358441,2
ISIC_1358527,4
ISIC_1358757,3
ISIC_1359156,4
ISIC_1359296,2
ISIC_1359387,2
ISIC_1359533,2
ISIC_1360595,4
ISIC_1361124,4
ISIC_1361325,2
ISIC_1361355,0
ISIC_1361391,4
ISIC_1361799,1
ISIC_1361832,2
ISIC_1362234,0
ISIC_1362265,3
ISIC_1363047,1
ISIC_1363051,1
ISIC_1363299,1
ISIC_1363372,0
ISIC_1363718,4
ISIC_1363719,0
ISIC_1363787,1
ISIC_1364368,2
ISIC_1364848,2
ISIC_1364977,0
ISIC_1365061,0
ISIC_1365434,1
ISIC_1365628,0
ISIC_1366715,1
ISIC_1366765,2
ISIC_1366993,3
ISIC_1367080,2
ISIC_1367357,0
ISIC_1367387,1
ISIC_1367610,3
ISIC_1368217,3
ISIC_1368313,1
ISIC_1368336,1
ISIC_1368367,4
ISIC_1368549,3
ISIC_1369273,3
ISIC_1369310,1
ISIC_1369967,4
ISIC_1370034,3
ISIC_1370142,0
ISIC_1370277,4
ISIC_1371195,0
ISIC_1371223,3
ISIC_1372003,3
ISIC_1372318,4
ISIC_1373468,1
ISIC_1373540,1
ISIC_1373573,0
ISIC_1373747,1
ISIC_1373908,1
ISIC_1374795,3
ISIC_1375200,1
ISIC_1375476,1
ISIC_1376098,4
ISIC_1376528,3
ISIC_1376797,0
ISIC_1377133,0
ISIC_1377409,4
ISIC_1378570,1
ISIC_1378910,4
ISIC_1379405,2
ISIC_1379601,1
ISIC_1380069,1
ISIC_1382198,2
ISIC_1382220,0
ISIC_1382271,0
ISIC_1382677,2
ISIC_1382763,3
ISIC_1383347,2
ISIC_1383620,0
ISIC_1383664,2
ISIC_1383815,2
ISIC_1383822,4
ISIC_1384176,3
ISIC_1384331,1
ISIC_1384413,1
ISIC_1384527,1
ISIC_1384614,2
ISIC_1384932,0
ISIC_1385033,3
ISIC_1385122,0
ISIC_1385549,1
ISIC_1386612,4
ISIC_1386874,4
ISIC_1387456,4
ISIC_1387589,0
ISIC_1387722,3
ISIC_1388032,1
ISIC_1388230,3
ISIC_1388297,0
ISIC_1388552,0
ISIC_1388650,1
ISIC_1388822,0
ISIC_1388984,3
ISIC_1389141,1
ISIC_1389406,2
ISIC_1389438,0
ISIC_1389563,3
ISIC_1389620,1
ISIC_1390111,4
ISIC_1390222,1
ISIC_1390308,1
ISIC_1390784,0
ISIC_1390987,4
ISIC_1391191,0
ISIC_1391289,4
ISIC_1392139,2
ISIC_1392459,3
ISIC_1392702,2
ISIC_1392776,0
ISIC_1392808,3
ISIC_1393085,3
ISIC_1393528,4
ISIC_1393672,2
ISIC_1393771,1
ISIC_1393849,1
ISIC_1394013,4
ISIC_1394029,1
ISIC_1394746,0
ISIC_1394786,4
ISIC_1395443,0
ISIC_1395471,4
ISIC_1395664,1
ISIC_1396276,3
ISIC_1396306,3
ISIC_1396321,4
ISIC_1396510,0
ISIC_1396573,0
ISIC_1396767,1
ISIC_1396857,3
ISIC_1397669,1
ISIC_1398480,4
ISIC_1398485,2
ISIC_1398618,1
ISIC_1398625,0
ISIC_1398631,1
ISIC_1398930,3
ISIC_1399572,1
ISIC_1399694,2
ISIC_1399765,1
ISIC_1400235,3
ISIC_1400825,2
ISIC_1401045,4
ISIC_1401235,1
ISIC_1401396,3
ISIC_1401969,0
ISIC_1402009,1
ISIC_1402103,4
ISIC_1402148,3
ISIC_1402156,4
ISIC_1402407,0
ISIC_1402840,1
ISIC_1402884,3
ISIC_1403974,1
ISIC_1404148,3
ISIC_1404316,1
ISIC_1404472,1
ISIC_1404780,4
ISIC_1405391,4
ISIC_1405454,0
ISIC_1405602,0
ISIC_1406022,4
ISIC_1407205,3
ISIC_1408033,1
ISIC_1409677,4
ISIC_1410153,0
ISIC_1410344,2
ISIC_1410408,3
ISIC_1410481,1
ISIC_1410556,4
ISIC_1410927,3
ISIC_1411047,1
ISIC_1411366,4
ISIC_1411384,2
ISIC_1411567,1
ISIC_1412137,4
ISIC_1412350,3
ISIC_1412409,0
ISIC_1412620,1
ISIC_1412759,1
ISIC_1412843,1
ISIC_1412906,0
ISIC_1412976,2
ISIC_1413120,0
ISIC_1413242,1
ISIC_1413343,1
ISIC_1413366,3
ISIC_1413589,1
ISIC_1414224,1
ISIC_1414247,0
ISIC_1414751,3
ISIC_1414967,2
ISIC_1415237,0
ISIC_1416869,3
ISIC_1416995,3
ISIC_1417643,4
ISIC_1418166,3
ISIC_1418304,4
ISIC_1418391,4
ISIC_1418788,1
ISIC_1418941,1
ISIC_1419399,0
ISIC_1419510,4
ISIC_1419980,3
ISIC_1420201,4
ISIC_1420555,2
ISIC_1421074,4
ISIC_1421568,3
ISIC_1421644,1
ISIC_1422217,2
ISIC_1422429,0
ISIC_1422973,0
ISIC_1423497,3
ISIC_1424529,4
ISIC_1424655,1
ISIC_1425404,4
ISIC_1425958,3
ISIC_1425961,2
ISIC_1426279,4
ISIC_1426331,1
ISIC_1426781,2
ISIC_1426974,2
ISIC_1427744,3
ISIC_1428310,3
ISIC_1428473,4
ISIC_1428637,2
ISIC_1429159,2
ISIC_1429437,4
ISIC_1429439,0
ISIC_1429608,0
ISIC_1429954,3
ISIC_1431236,2
ISIC_1431332,3
ISIC_1431777,3
ISIC_1432058,0
ISIC_1432485,0
ISIC_1433669,0
ISIC_1433739,1
ISIC_1433921,1
ISIC_1434141,3
ISIC_1434244,0
ISIC_1434340,3
ISIC_1434362,2
ISIC_1435102,4
ISIC_1435455,4
ISIC_1435656,4
ISIC_1435944,4
ISIC_1435946,4
ISIC_1436124,2
ISIC_1436341,0
ISIC_1436572,0
ISIC_1436856,1
ISIC_1436929,3
ISIC_1437020,4
ISIC_1437529,3
ISIC_1437718,0
ISIC_1437817,2
ISIC_1437974,4
ISIC_1438269,0
ISIC_1438382,1
ISIC_1438584,1
ISIC_1438669,0
ISIC_1439681,3
ISIC_1440033,1
ISIC_1440063,4
ISIC_1440361,0
ISIC_1440377,0
ISIC_1440985,4
ISIC_1441211,3
ISIC_1441260,0
ISIC_1442157,1
ISIC_1442186,4
ISIC_1442601,3
ISIC_1443134,0
ISIC_1444154,2
ISIC_1444214,2
ISIC_1444573,1
ISIC_1444918,2
ISIC_1444924,4
ISIC_1445277,2
ISIC_1445790,4
ISIC_1445957,4
ISIC_1446344,0
ISIC_1447118,3
ISIC_1447330,3
ISIC_1447559,1
ISIC_1448526,1
ISIC_1448835,1
ISIC_1448992,4
ISIC_1449910,3
ISIC_1449915,4
ISIC_1450003,3
ISIC_1450186,3
ISIC_1450273,4
ISIC_1450315,3
ISIC_1450474,4
ISIC_1450548,1
ISIC_1450745,1
ISIC_1451092,0
ISIC_1451330,2
ISIC_1451530,0
ISIC_1452175,1
ISIC_1452259,2
ISIC_1452314,3
ISIC_1452412,1
ISIC_1452549,2
ISIC_1452626,3
ISIC_1453053,1
ISIC_1453101,4
ISIC_1453146,0
ISIC_1453526,1
ISIC_1453604,1
ISIC_1453671,0
ISIC_1453787,2
ISIC_1453899,0
ISIC_1454004,3
ISIC_1454176,0
ISIC_1454692,2
ISIC_1455332,2
ISIC_1455822,3
ISIC_1456390,0
ISIC_1456444,1
ISIC_1456623,3
ISIC_1456688,0
ISIC_1456827,0
ISIC_1457263,1
ISIC_1457687,4
ISIC_1458551,1
ISIC_1459086,1
ISIC_1459948,4
ISIC_1460088,0
ISIC_1460786,1
ISIC_1460932,2
ISIC_1461068,0
ISIC_1461419,4
ISIC_1461507,2
ISIC_1461940,3
ISIC_1462268,1
ISIC_1462872,0
ISIC_1462996,4
ISIC_1463406,4
ISIC_1463838,3
ISIC_1463850,0
ISIC_1463947,3
ISIC_1464217,0
ISIC_1464284,0
ISIC_1464309,4
ISIC_1464862,0
ISIC_1464939,4
ISIC_1465113,0
ISIC_1465841,2
ISIC_1465913,2
ISIC_1466047,4
ISIC_1466051,1
ISIC_1466584,1
ISIC_1467006,4
ISIC_1467083,1
ISIC_1467232,3
ISIC_1467289,3
ISIC_1467430,1
ISIC_1467552,0
ISIC_1467583,1
ISIC_1468122,1
ISIC_1468241,1
ISIC_1468354,2
ISIC_1469380,4
ISIC_1469636,1
ISIC_1469861,2
ISIC_1470245,4
ISIC_1470250,2
ISIC_1470271,0
ISIC_1470522,3
ISIC_1470642,4
ISIC_1470917,2
ISIC_1470934,3
ISIC_1471329,4
ISIC_1471394,0
ISIC_1471649,4
ISIC_1472637,1
ISIC_1472731,3
ISIC_1472777,3
ISIC_1472868,0
ISIC_1473139,3
ISIC_1473379,0
ISIC_1473511,1
ISIC_1473522,1
ISIC_1474461,2
ISIC_1474577,2
ISIC_1475463,1
ISIC_1475598,4
ISIC_1475867,0
ISIC_1476176,4
ISIC_1476281,2
ISIC_1476323,2
ISIC_1476361,2
ISIC_1477056,3
ISIC_1477057,4
ISIC_1477076,3
ISIC_1477534,3
ISIC_1477615,3
ISIC_1477664,2
ISIC_1477990,1
ISIC_1478794,4
ISIC_1479073,1
ISIC_1479183,3
ISIC_1479521,0
ISIC_1479592,3
ISIC_1479729,3
ISIC_1479822,2
ISIC_1479891,3
ISIC_1479949,2
ISIC_1480119,2
ISIC_1480787,2
ISIC_1481147,0
ISIC_1481473,4
ISIC_1481586,1
ISIC_1481965,2
ISIC_1482167,2
ISIC_1482346,3
ISIC_1482710,2
ISIC_1483503,0
ISIC_1483604,0
ISIC_1483952,3
ISIC_1484109,4
ISIC_1484525,0
ISIC_1484621,0
ISIC_1484659,2
ISIC_1484841,4
ISIC_1485132,0
ISIC_1485908,1
ISIC_1485969,1
ISIC_1486076,4
ISIC_1486154,4
ISIC_1486209,2
ISIC_1486589,2
ISIC_1487253,2
ISIC_1487443,0
ISIC_1487510,3
ISIC_1487601,4
ISIC_1487640,0
ISIC_1487670,0
ISIC_1487856,1
ISIC_1488047,2
ISIC_1488127,1
ISIC_1488569,0
ISIC_1488598,3
ISIC_1488722,4
ISIC_1488725,4
ISIC_1488727,2
ISIC_1489699,4
ISIC_1489934,1
ISIC_1490117,3
ISIC_1490161,3
ISIC_1490986,1
ISIC_1491993,2
ISIC_1492055,3
ISIC_1492455,3
ISIC_1492760,3
ISIC_1493051,0
ISIC_1493172,2
ISIC_1493235,2
ISIC_1493314,1
ISIC_1493565,2
ISIC_1494033,2
ISIC_1494688,2
ISIC_1495081,1
ISIC_1495182,4
ISIC_1495792,3
ISIC_1495793,4
ISIC_1496111,2
ISIC_1496194,2
ISIC_1496482,4
ISIC_1497049,3
ISIC_1497121,1
ISIC_1497180,1
ISIC_1497394,4
ISIC_1497525,4
ISIC_1497576,0
ISIC_1497800,0
ISIC_1497880,1
ISIC_1497992,1
ISIC_1499329,4
ISIC_1499915,4
ISIC_1500060,4
ISIC_1500139,1
ISIC_1500815,1
ISIC_1500843,4
ISIC_1501034,1
ISIC_1501465,3
ISIC_1501483,2
ISIC_1502140,1
ISIC_1502309,3
ISIC_1502442,4
ISIC_1502460,3
ISIC_1503020,3
ISIC_1503257,0
ISIC_1504257,0
ISIC_1504363,3
ISIC_1505069,4
ISIC_1505951,3
ISIC_1505989,3
ISIC_1506212,3
ISIC_1506285,1
ISIC_1506528,2
ISIC_1506601,0
ISIC_1506794,0
ISIC_1506912,4
ISIC_1506954,1
ISIC_1507010,4
ISIC_1507090,2
ISIC_1507333,2
ISIC_1507577,0
ISIC_1507583,0
ISIC_1508162,1
ISIC_1508215,0
ISIC_1508733,0
ISIC_1508810,4
ISIC_1509056,2
ISIC_1509246,1
ISIC_1509417,4
ISIC_1509635,0
ISIC_1509840,1
ISIC_1509976,0
ISIC_1510160,2
ISIC_1510207,0
ISIC_1510504,0
ISIC_1510902,4
ISIC_1510984,2
ISIC_1511109,3
ISIC_1511227,3
ISIC_1511536,2
ISIC_1511613,1
ISIC_1511661,4
ISIC_1511913,1
ISIC_1513596,2
ISIC_1513720,2
ISIC_1514098,3
ISIC_1514102,1
ISIC_1514117,4
ISIC_1514228,0
ISIC_1514364,0
ISIC_1514401,2
ISIC_1514642,3
ISIC_1514920,2
ISIC_1515363,4
ISIC_1515410,2
ISIC_1515413,1
ISIC_1515543,1
ISIC_1515947,3
ISIC_1517730,0
ISIC_1517999,3
ISIC_1518280,4
ISIC_1518461,3
ISIC_1518678,0
ISIC_1519000,1
ISIC_1519429,2
ISIC_1519645,0
ISIC_1519698,4
ISIC_1519891,3
ISIC_1520342,0
ISIC_1520897,4
ISIC_1521135,4
ISIC_1521226,1
ISIC_1521803,4
ISIC_1522266,4
ISIC_1522268,4
ISIC_1522625,4
ISIC_1523062,4
ISIC_1525284,0
ISIC_1526502,4
ISIC_1526547,1
ISIC_1526593,2
ISIC_1526608,3
ISIC_1527418,4
ISIC_1527888,1
ISIC_1528092,0
ISIC_1528643,3
ISIC_1528994,3
ISIC_1529534,0
ISIC_1530981,1
ISIC_1531048,3
ISIC_1531204,4
ISIC_1531548,2
ISIC_1531971,1
ISIC_1532403,1
ISIC_1532469,0
ISIC_1532684,2
ISIC_1532912,0
ISIC_1533305,0
ISIC_1533383,2
ISIC_1533630,2
ISIC_1534391,0
ISIC_1534609,2
ISIC_1534800,1
ISIC_1535233,2
ISIC_1535599,4
ISIC_1535915,2
ISIC_1536014,0
ISIC_1536126,4
ISIC_1536177,2
ISIC_1537141,1
ISIC_1537566,4
ISIC_1537638,2
ISIC_1537779,4
ISIC_1537939,2
ISIC_1537958,1
ISIC_1538414,2
ISIC_1538510,0
ISIC_1539069,2
ISIC_1539145,1
ISIC_1539769,2
ISIC_1540317,0
ISIC_1541028,0
ISIC_1541303,2
ISIC_1541348,4
ISIC_1541362,0
ISIC_1541659,0
ISIC_1541716,0
ISIC_1541817,1
ISIC_1542389,3
ISIC_1543544,4
ISIC_1543770,4
ISIC_1543772,4
ISIC_1543862,4
ISIC_1544093,3
ISIC_1544818,1
ISIC_1545213,0
ISIC_1545353,2
ISIC_1545489,3
ISIC_1545544,3
ISIC_1545675,4
ISIC_1545851,2
ISIC_1546020,4
ISIC_1546149,3
ISIC_1546399,3
ISIC_1546653,1
ISIC_1546811,3
ISIC_1546958,4
ISIC_1547311,2
ISIC_1548258,4
ISIC_1548329,3
ISIC_1548638,3
ISIC_1549005,4
ISIC_1549804,1
ISIC_1549857,1
ISIC_1550349,2
ISIC_1550427,4
ISIC_1550621,4
ISIC_1550721,0
ISIC_1550785,1
ISIC_1550915,1
ISIC_1551130,1
ISIC_1551323,3
ISIC_1552127,4
ISIC_1552232,0
ISIC_1552507,3
ISIC_1552570,0
ISIC_1553853,3
ISIC_1554131,2
ISIC_1554843,1
ISIC_1554893,3
ISIC_1554992,4
ISIC_1555147,4
ISIC_1556209,1
ISIC_1556765,0
ISIC_1556906,0
ISIC_1557225,1
ISIC_1557301,0
ISIC_1558639,1
ISIC_1558731,2
ISIC_1559267,1
ISIC_1559422,0
ISIC_1560026,2
ISIC_1560272,1
ISIC_1560455,0
ISIC_1560888,2
ISIC_1561068,4
ISIC_1561091,3
ISIC_1561177,3
ISIC_1561369,4
ISIC_1562512,3
ISIC_1562894,4
ISIC_1564127,3
ISIC_1564564,3
ISIC_1564741,3
ISIC_1565384,3
ISIC_1565567,3
ISIC_1565701,3
ISIC_1565767,4
ISIC_1565890,2
ISIC_1566101,4
ISIC_1566215,3
ISIC_1566312,4
ISIC_1566381,2
ISIC_1566428,1
ISIC_1566523,0
ISIC_1566931,3
ISIC_1567128,0
ISIC_1567219,2
ISIC_1567290,1
ISIC_1567686,2
ISIC_1567899,0
ISIC_1568268,4
ISIC_1568752,4
ISIC_1569119,2
ISIC_1569403,3
ISIC_1569524,4
ISIC_1569775,0
ISIC_1570390,1
ISIC_1570468,3
ISIC_1570580,4
ISIC_1570758,1
ISIC_1570838,1
ISIC_1570960,1
ISIC_1571442,2
ISIC_1571498,3
ISIC_1571860,1
ISIC_1572182,1
ISIC_1572957,0
ISIC_1573677,4
ISIC_1573905,3
ISIC_1573974,3
ISIC_1574020,1
ISIC_1574123,2
ISIC_1574374,4
ISIC_1574947,2
ISIC_1575034,1
ISIC_1575396,2
ISIC_1576437,4
ISIC_1576838,3
ISIC_1577472,1
ISIC_1577621,2
ISIC_1577876,2
ISIC_1578194,0
ISIC_1578203,2
ISIC_1578253,2
ISIC_1578391,1
ISIC_1578399,2
ISIC_1578507,1
ISIC_1578705,3
ISIC_1578811,2
ISIC_1578998,0
ISIC_1579116,2
ISIC_1579463,2
ISIC_1579497,4
ISIC_1579745,4
ISIC_1580022,0
ISIC_1580034,0
ISIC_1580068,3
ISIC_1580619,0
ISIC_1580767,4
ISIC_1581026,0
ISIC_1581376,1
ISIC_1582030,4
ISIC_1582195,0
ISIC_1582577,3
ISIC_1582969,2
ISIC_1583201,0
ISIC_1583439,2
ISIC_1583673,2
ISIC_1583715,3
ISIC_1584187,2
ISIC_1584206,4
ISIC_1584242,4
ISIC_1584535,2
ISIC_1584543,0
ISIC_1584693,4
ISIC_1584861,0
ISIC_1585370,3
ISIC_1585511,3
ISIC_1585604,1
ISIC_1585605,4
ISIC_1585919,2
ISIC_1587362,3
ISIC_1588022,2
ISIC_1588382,3
ISIC_1589136,0
ISIC_1589997,1
ISIC_1590725,0
ISIC_1590814,4
ISIC_1590829,1
ISIC_1590877,2
ISIC_1591010,1
ISIC_1591911,2
ISIC_1591931,3
ISIC_1592517,4
ISIC_1592715,2
ISIC_1592874,3
ISIC_1593175,1
ISIC_1593260,4
ISIC_1593431,3
ISIC_1593638,0
ISIC_1594110,3
ISIC_1594415,1
ISIC_1594422,2
ISIC_1594456,2
ISIC_1595103,4
ISIC_1595157,1
ISIC_1595325,1
ISIC_1595496,0
ISIC_1595658,1
ISIC_1595760,3
ISIC_1596297,1
ISIC_1596868,0
ISIC_1597414,1
ISIC_1597566,0
ISIC_1598039,1
ISIC_1598068,3
ISIC_1598478,0
ISIC_1599163,0
ISIC_1599679,4
ISIC_1600448,2
ISIC_1600554,0
ISIC_1600975,4
ISIC_1601244,2
ISIC_1601623,0
ISIC_1601764,0
ISIC_1601784,3
ISIC_1602348,3
ISIC_1602440,3
ISIC_1602466,4
ISIC_1602554,4
ISIC_1602561,2
ISIC_1603003,4
ISIC_1603038,4
ISIC_1603509,2
ISIC_1603834,3
ISIC_1604206,4
ISIC_1604307,3
ISIC_1604845,2
ISIC_1604935,4
ISIC_1605629,0
ISIC_1605937,3
ISIC_1605988,2
ISIC_1606398,0
ISIC_1606970,1
ISIC_1607824,0
ISIC_1607971,2
ISIC_1608013,3
ISIC_1608192,2
ISIC_1608524,3
ISIC_1608727,4
ISIC_1608772,3
ISIC_1610092,3
ISIC_1610104,1
ISIC_1610401,2
ISIC_1611092,3
ISIC_1611285,0
ISIC_1611503,2
ISIC_1611600,2
ISIC_1611703,0
ISIC_1612236,1
ISIC_1612350,2
ISIC_1612947,2
ISIC_1613289,3
ISIC_1613292,0
ISIC_1613328,0
ISIC_1614400,2
ISIC_1614712,1
ISIC_1614795,3
ISIC_1615215,2
ISIC_1615753,0
ISIC_1615996,1
ISIC_1616031,4
ISIC_1616451,3
ISIC_1616809,1
ISIC_1617139,2
ISIC_1617282,0
ISIC_1617520,4
ISIC_1617676,3
ISIC_1617888,0
ISIC_1617896,3
ISIC_1618302,0
ISIC_1618305,2
ISIC_1618730,2
ISIC_1618832,2
ISIC_1619011,0
ISIC_1619470,3
ISIC_1619640,3
ISIC_1619814,3
ISIC_1620401,4
ISIC_1620413,3
ISIC_1620801,3
ISIC_1620808,1
ISIC_1620841,3
ISIC_1621431,4
ISIC_1621479,2
ISIC_1621961,0
ISIC_1624520,3
ISIC_1624873,3
ISIC_1625064,3
ISIC_1625688,4
ISIC_1626033,1
ISIC_1626069,3
ISIC_1626359,2
ISIC_1626814,0
ISIC_1626834,0
ISIC_1626843,1
ISIC_1627019,1
ISIC_1627111,2
ISIC_1627241,2
ISIC_1627328,2
ISIC_1627427,4
ISIC_1627900,2
ISIC_1628425,0
ISIC_1628539,2
ISIC_1628853,1
ISIC_1629433,1
ISIC_1629539,3
ISIC_1630209,3
ISIC_1630301,3
ISIC_1630515,0
ISIC_1631050,3
ISIC_1631082,3
ISIC_1631125,2
ISIC_1631397,1
ISIC_1631440,4
ISIC_1631649,0
ISIC_1632009,2
ISIC_1632118,0
ISIC_1632313,2
ISIC_1632655,4
ISIC_1632696,4
ISIC_1632949,0
ISIC_1633078,2
ISIC_1633315,3
ISIC_1633379,3
ISIC_1633463,1
ISIC_1633816,4
ISIC_1634561,3
ISIC_1634619,0
ISIC_1635633,1
ISIC_1636177,0
ISIC_1636399,0
ISIC_1636849,3
ISIC_1636931,0
ISIC_1636996,0
ISIC_1637401,1
ISIC_1637536,4
ISIC_1637588,2
ISIC_1637671,4
ISIC_1637750,2
ISIC_1638230,0
ISIC_1638357,4
ISIC_1638436,0
ISIC_1638625,4
ISIC_1638953,0
ISIC_1639011,1
ISIC_1639343,4
ISIC_1639570,2
ISIC_1639605,0
ISIC_1639724,0
ISIC_1639765,3
ISIC_1640023,0
ISIC_1640113,2
ISIC_1640164,4
ISIC_1640392,3
ISIC_1640426,1
ISIC_1640614,4
ISIC_1640666,1
ISIC_1640823,0
ISIC_1641032,1
ISIC_1641226,2
ISIC_1641298,2
ISIC_1641301,3
ISIC_1641366,2
ISIC_1641476,2
ISIC_1641637,4
ISIC_1641823,0
ISIC_1641839,0
ISIC_1642090,3
ISIC_1642131,0
ISIC_1642421,0
ISIC_1642441,2
ISIC_1642492,1
ISIC_1642618,1
ISIC_1643439,4
ISIC_1643801,1
ISIC_1643932,1
ISIC_1643979,1
ISIC_1644520,3
ISIC_1644625,0
ISIC_1645535,1
ISIC_1645567,4
ISIC_1645587,3
ISIC_1645738,1
ISIC_1646084,1
ISIC_1646694,4
ISIC_1646813,1
ISIC_1646954,4
ISIC_1648233,3
ISIC_1648826,4
ISIC_1649410,2
ISIC_1650001,2
ISIC_1650127,3
ISIC_1650233,2
ISIC_1650523,2
ISIC_1651402,0
ISIC_1651723,1
ISIC_1652008,4
ISIC_1652015,4
ISIC_1652238,3
ISIC_1652568,2
ISIC_1652746,3
ISIC_1652897,0
ISIC_1653156,3
ISIC_1653283,1
ISIC_1653309,2
ISIC_1653366,1
ISIC_1654183,1
ISIC_1654318,0
ISIC_1654342,3
ISIC_1654357,4
ISIC_1655469,2
ISIC_1655475,1
ISIC_1655513,3
ISIC_1655590,0
ISIC_1655600,4
ISIC_1655662,3
ISIC_1655731,1
ISIC_1655931,1
ISIC_1656186,1
ISIC_1656255,2
ISIC_1656452,4
ISIC_1656510,1
ISIC_1656752,4
ISIC_1657007,3
ISIC_1657434,2
ISIC_1657475,2
ISIC_1658065,4
ISIC_1658623,0
ISIC_1658780,2
ISIC_1658978,2
ISIC_1659054,3
ISIC_1659261,3
ISIC_1659460,0
ISIC_1659656,2
ISIC_1659777,3
ISIC_1660143,2
ISIC_1660279,3
ISIC_1660316,2
ISIC_1660381,3
ISIC_1660495,1
ISIC_1660565,2
ISIC_1661324,4
ISIC_1661411,2
ISIC_1661837,1
ISIC_1662344,0
ISIC_1662872,3
ISIC_1663002,4
ISIC_1663144,3
ISIC_1664345,4
ISIC_1664381,0
ISIC_1664534,3
ISIC_1664845,4
ISIC_1665118,3
ISIC_1665153,1
ISIC_1665248,4
ISIC_1665254,3
ISIC_1665735,3
ISIC_1665944,3
ISIC_1666470,4
ISIC_1666516,0
ISIC_1666652,3
ISIC_1666715,4
ISIC_1666840,1
ISIC_1666976,3
ISIC_1667108,1
ISIC_1667579,0
ISIC_1667953,4
ISIC_1668077,1
ISIC_1668346,0
ISIC_1668698,3
ISIC_1668831,4
ISIC_1668944,4
ISIC_1669323,1
ISIC_1669486,1
ISIC_1669561,3
ISIC_1669804,2
ISIC_1669883,3
ISIC_1670106,2
ISIC_1670165,4
ISIC_1671258,2
ISIC_1671282,1
ISIC_1672458,2
ISIC_1672661,4
ISIC_1672688,3
ISIC_1672779,1
ISIC_1672821,1
ISIC_1674126,3
ISIC_1674580,2
ISIC_1674754,4
ISIC_1674776,0
ISIC_1674797,3
ISIC_1675800,0
ISIC_1675806,1
ISIC_1675814,2
ISIC_1675915,2
ISIC_1676261,4
ISIC_1676353,3
ISIC_1676689,2
ISIC_1676778,2
ISIC_1676826,1
ISIC_1676844,4
ISIC_1676939,3
ISIC_1677088,2
ISIC_1677092,0
ISIC_1678175,4
ISIC_1678872,0
ISIC_1680153,0
ISIC_1680502,0
ISIC_1680600,0
ISIC_1681627,0
ISIC_1681934,3
ISIC_1681964,0
ISIC_1682693,2
ISIC_1683052,1
ISIC_1684067,2
ISIC_1684107,0
ISIC_1684127,3
ISIC_1684266,3
ISIC_1684603,3
ISIC_1684829,0
ISIC_1684948,4
ISIC_1685257,2
ISIC_1685333,0
ISIC_1685653,2
ISIC_1685833,2
ISIC_1686113,2
ISIC_1686254,4
ISIC_1686556,4
ISIC_1687004,4
ISIC_1687278,4
ISIC_1687478,1
ISIC_1687584,2
ISIC_1688150,4
ISIC_1688160,0
ISIC_1688271,0
ISIC_1688301,4
ISIC_1688776,4
ISIC_1689309,0
ISIC_1689678,0
ISIC_1689686,4
ISIC_1690499,0
ISIC_1690665,3
ISIC_1690909,2
ISIC_1691050,2
ISIC_1691175,4
ISIC_1691387,1
ISIC_1691676,4
ISIC_1691732,4
ISIC_1691740,2
ISIC_1691901,1
ISIC_1692144,1
ISIC_1692206,3
ISIC_1692734,1
ISIC_1692939,3
ISIC_1693454,1
ISIC_1693458,0
ISIC_1693686,1
ISIC_1693912,3
ISIC_1694480,4
ISIC_1694996,3
ISIC_1695065,3
ISIC_1695158,2
ISIC_1695360,4
ISIC_1695424,1
ISIC_1695724,0
ISIC_1695805,4
ISIC_1696070,3
ISIC_1696516,1
ISIC_1696845,2
ISIC_1696862,1
ISIC_1697381,0
ISIC_1697847,0
ISIC_1698119,1
ISIC_1698228,2
ISIC_1698302,1
ISIC_1698805,2
ISIC_1698942,0
ISIC_1699154,4
ISIC_1699221,3
ISIC_1699530,0
ISIC_1700029,4
ISIC_1700051,3
ISIC_1700513,2
ISIC_1700687,2
ISIC_1700928,1
ISIC_1702152,0
ISIC_1703130,1
ISIC_1704026,1
ISIC_1706318,0
ISIC_1706912,2
ISIC_1706950,0
ISIC_1706973,4
ISIC_1707030,4
ISIC_1707324,3
ISIC_1707420,3
ISIC_1708068,3
ISIC_1708568,0
ISIC_1708681,0
ISIC_1709233,0
ISIC_1709377,0
ISIC_1709788,3
ISIC_1709900,3
ISIC_1710179,2
ISIC_1710970,4
ISIC_1711134,2
ISIC_1711185,2
ISIC_1711408,4
ISIC_1711643,0
ISIC_1711706,3
ISIC_1711973,0
ISIC_1712329,2
ISIC_1713413,0
ISIC_1714635,2
ISIC_1714905,2
ISIC_1714941,2
ISIC_1715007,1
ISIC_1715110,0
ISIC_1715277,0
ISIC_1715406,2
ISIC_1715821,2
ISIC_1716135,0
ISIC_1716193,1
ISIC_1716299,1
ISIC_1716626,3
ISIC_1718403,2
ISIC_1718418,4
ISIC_1718707,3
ISIC_1719236,4
ISIC_1719300,1
ISIC_1719433,3
ISIC_1719523,0
ISIC_1720411,1
ISIC_1720840,1
ISIC_1720856,3
ISIC_1722135,0
ISIC_1722254,1
ISIC_1722494,2
ISIC_1722909,1
ISIC_1723279,2
ISIC_1723904,0
ISIC_1724526,1
ISIC_1724802,2
ISIC_1725019,0
ISIC_1725541,1
ISIC_1725961,3
ISIC_1725997,2
ISIC_1726410,2
ISIC_1726444,1
ISIC_1727369,0
ISIC_1727499,0
ISIC_1727542,2
ISIC_1727562,1
ISIC_1727818,3
ISIC_1727826,2
ISIC_1728198,1
ISIC_1728564,3
ISIC_1728767,4
ISIC_1729039,3
ISIC_1729223,2
ISIC_1729351,3
ISIC_1729465,3
ISIC_1729949,0
ISIC_1730121,0
ISIC_1730202,1
ISIC_1730282,2
ISIC_1730477,0
ISIC_1730495,2
ISIC_1731109,3
ISIC_1731230,4
ISIC_1731411,0
ISIC_1731721,4
ISIC_1732527,1
ISIC_1732652,3
ISIC_1732761,0
ISIC_1732965,3
ISIC_1733108,3
ISIC_1733130,2
ISIC_1733239,4
ISIC_1733499,4
ISIC_1733714,1
ISIC_1733794,2
ISIC_1733995,3
ISIC_1734817,2
ISIC_1735204,0
ISIC_1735703,3
ISIC_1735950,1
ISIC_1736706,1
ISIC_1736735,3
ISIC_1736914,2
ISIC_1737247,2
ISIC_1737276,0
ISIC_1737600,0
ISIC_1738117,3
ISIC_1738296,4
ISIC_1738297,1
ISIC_1738348,0
ISIC_1738649,4
ISIC_1738738,0
ISIC_1739120,2
ISIC_1739659,4
ISIC_1739667,1
ISIC_1739742,0
ISIC_1739748,0
ISIC_1739800,3
ISIC_1740186,0
ISIC_1740379,3
ISIC_1740430,3
ISIC_1740912,3
ISIC_1740983,3
ISIC_1741219,1
ISIC_1741487,4
ISIC_1741747,1
ISIC_1743974,1
ISIC_1743989,0
ISIC_1744704,2
ISIC_1744817,3
ISIC_1744866,1
ISIC_1745182,1
ISIC_1745458,0
ISIC_1745477,2
ISIC_1745646,3
ISIC_1745731,3
ISIC_1745816,0
ISIC_1746070,2
ISIC_1746081,2
ISIC_1746597,2
ISIC_1746702,2
ISIC_1746717,4
ISIC_1746861,2
ISIC_1746873,4
ISIC_1746875,2
ISIC_1747417,0
ISIC_1747531,1
ISIC_1748718,1
ISIC_1748719,4
ISIC_1748818,2
ISIC_1748931,3
ISIC_1749857,3
ISIC_1750064,2
ISIC_1750235,2
ISIC_1750424,4
ISIC_1750621,2
ISIC_1750674,2
ISIC_1752228,2
ISIC_1752306,2
ISIC_1752589,2
ISIC_1752665,4
ISIC_1752943,1
ISIC_1753040,1
ISIC_1753360,0
ISIC_1753391,3
ISIC_1753877,0
ISIC_1754140,1
ISIC_1754491,2
ISIC_1755019,4
ISIC_1755832,2
ISIC_1756265,3
ISIC_1756631,4
ISIC_1756660,3
ISIC_1756982,0
ISIC_1757212,3
ISIC_1757941,0
ISIC_1758119,4
ISIC_1758149,3
ISIC_1758397,3
ISIC_1758558,4
ISIC_1759817,0
ISIC_1760981,0
ISIC_1761083,4
ISIC_1761138,4
ISIC_1761799,2
ISIC_1761878,4
ISIC_1762555,1
ISIC_1763161,2
ISIC_1763183,2
ISIC_1763257,2
ISIC_1763264,2
ISIC_1763556,2
ISIC_1763577,4
ISIC_1765453,2
ISIC_1766362,3
ISIC_1766413,4
ISIC_1766425,1
ISIC_1766601,3
ISIC_1766619,3
ISIC_1766774,2
ISIC_1767420,1
ISIC_1767633,0
ISIC_1767706,2
ISIC_1768051,4
ISIC_1768197,3
ISIC_1768217,0
ISIC_1768243,1
ISIC_1768325,1
ISIC_1768733,3
ISIC_1768978,3
ISIC_1769209,4
ISIC_1769724,3
ISIC_1770027,0
ISIC_1770995,3
ISIC_1771244,3
ISIC_1771684,1
ISIC_1771856,3
ISIC_1771944,1
ISIC_1772037,4
ISIC_1772523,3
ISIC_1772660,1
ISIC_1772759,3
ISIC_1772784,4
ISIC_1772828,3
ISIC_1774027,4
ISIC_1774715,4
ISIC_1774797,2
ISIC_1775683,2
ISIC_1777142,2
ISIC_1777292,2
ISIC_1777398,1
ISIC_1777710,4
ISIC_1777763,0
ISIC_1778400,2
ISIC_1778943,3
ISIC_1779061,3
ISIC_1779443,0
ISIC_1779595,4
ISIC_1779603,4
ISIC_1780417,2
ISIC_1780675,3
ISIC_1781273,1
ISIC_1781826,2
ISIC_1782545,4
ISIC_1782911,4
ISIC_1783021,4
ISIC_1783062,3
ISIC_1783727,1
ISIC_1783889,1
ISIC_1784255,3
ISIC_1784340,3
ISIC_1784613,3
ISIC_1784717,0
ISIC_1785095,4
ISIC_1785293,0
ISIC_1785314,4
ISIC_1785627,0
ISIC_1785671,3
ISIC_1785902,2
ISIC_1785976,4
ISIC_1786025,3
ISIC_1786309,3
ISIC_1786464,1
ISIC_1786906,4
ISIC_1787026,2
ISIC_1787444,3
ISIC_1787992,3
ISIC_1788314,0
ISIC_1788671,3
ISIC_1788746,1
ISIC_1788875,2
ISIC_1788979,2
ISIC_1789191,0
ISIC_1789408,0
ISIC_1790549,1
ISIC_1790808,3
ISIC_1790898,0
ISIC_1790960,1
ISIC_1791075,0
ISIC_1792109,0
ISIC_1792867,2
ISIC_1793200,1
ISIC_1793624,2
ISIC_1793821,1
ISIC_1793867,2
ISIC_1794022,0
ISIC_1794249,2
ISIC_1795004,0
ISIC_1795502,1
ISIC_1795529,2
ISIC_1795959,2
ISIC_1796223,2
ISIC_1796387,4
ISIC_1796649,4
ISIC_1796891,0
ISIC_1797104,0
ISIC_1797795,3
ISIC_1797927,1
ISIC_1798050,3
ISIC_1798322,3
ISIC_1798404,0
ISIC_1798423,3
ISIC_1798471,1
ISIC_1798800,3
ISIC_1799365,0
ISIC_1799484,3
ISIC_1799525,4
ISIC_1799849,4
ISIC_1799917,0
ISIC_1800066,2
ISIC_1800762,0
ISIC_1801190,1
ISIC_1801631,2
ISIC_1801687,2
ISIC_1801846,3
ISIC_1802502,0
ISIC_1802793,1
ISIC_1802797,3
ISIC_1803252,4
ISIC_1803544,4
ISIC_1804993,3
ISIC_1805163,2
ISIC_1805602,4
ISIC_1805921,1
ISIC_1806165,2
ISIC_1806179,3
ISIC_1806497,0
ISIC_1806761,3
ISIC_1807276,0
ISIC_1807307,0
ISIC_1807319,3
ISIC_1807379,4
ISIC_1807395,1
ISIC_1807638,3
ISIC_1807764,2
ISIC_1807812,4
ISIC_1808198,0
ISIC_1808804,0
ISIC_1809444,4
ISIC_1809508,1
ISIC_1809912,2
ISIC_1809930,3
ISIC_1810207,2
ISIC_1810790,1
ISIC_1811190,1
ISIC_1811256,0
ISIC_1811909,3
ISIC_1812252,2
ISIC_1812944,3
ISIC_1813164,0
ISIC_1813240,2
ISIC_1813445,0
ISIC_1813911,2
ISIC_1815136,0
ISIC_1815282,3
ISIC_1815346,1
ISIC_1815593,0
ISIC_1816026,2
ISIC_1817714,2
ISIC_1818071,2
ISIC_1818845,1
ISIC_1818920,2
ISIC_1819071,4
ISIC_1819177,1
ISIC_1819289,0
ISIC_1819358,3
ISIC_1819531,2
ISIC_1819763,2
ISIC_1820193,4
ISIC_1820389,3
ISIC_1821113,3
ISIC_1821482,2
ISIC_1821821,0
ISIC_1821825,3
ISIC_1823006,2
ISIC_1823608,1
ISIC_1824812,1
ISIC_1825131,0
ISIC_1825481,3
ISIC_1825673,3
ISIC_1826094,4
ISIC_1826225,2
ISIC_1826803,0
ISIC_1827859,1
ISIC_1828419,3
ISIC_1828549,1
ISIC_1828652,2
ISIC_1829378,2
ISIC_1829654,2
ISIC_1829721,1
ISIC_1830017,2
ISIC_1831304,3
ISIC_1831325,0
ISIC_1831600,1
ISIC_1832110,2
ISIC_1832582,2
ISIC_1832586,0
ISIC_1833122,1
ISIC_1833138,3
ISIC_1833259,0
ISIC_1833337,4
ISIC_1833947,1
ISIC_1834367,2
ISIC_1834416,0
ISIC_1834652,3
ISIC_1834920,0
ISIC_1835041,3
ISIC_1835426,4
ISIC_1835970,1
ISIC_1836352,4
ISIC_1836410,3
ISIC_1836661,3
ISIC_1836687,1
ISIC_1836914,4
ISIC_1836973,3
ISIC_1836985,4
ISIC_1837089,4
ISIC_1837402,3
ISIC_1837609,3
ISIC_1838216,3
ISIC_1838876,0
ISIC_1838888,3
ISIC_1838904,2
ISIC_1839929,1
ISIC_1840418,3
ISIC_1841164,4
ISIC_1841825,1
ISIC_1841919,0
ISIC_1841949,3
ISIC_1842021,4
ISIC_1842239,3
ISIC_1842503,3
ISIC_1843053,4
ISIC_1843259,0
ISIC_1843497,1
ISIC_1843876,4
ISIC_1844425,1
ISIC_1844585,3
ISIC_1844671,2
ISIC_1844824,2
ISIC_1845271,0
ISIC_1845331,0
ISIC_1845450,3
ISIC_1845580,0
ISIC_1845926,1
ISIC_1846179,1
ISIC_1846183,3
ISIC_1846341,2
ISIC_1846528,4
ISIC_1847200,4
ISIC_1847211,3
ISIC_1847285,1
ISIC_1847516,4
ISIC_1847556,3
ISIC_1847684,4
ISIC_1847974,4
ISIC_1848297,2
ISIC_1848300,1
ISIC_1849014,1
ISIC_1849151,0
ISIC_1849227,2
ISIC_1849442,2
ISIC_1850122,0
ISIC_1850196,2
ISIC_1850251,4
ISIC_1850388,4
ISIC_1850474,4
ISIC_1850483,1
ISIC_1850634,3
ISIC_1850790,1
ISIC_1850815,1
ISIC_1851112,2
ISIC_1851605,0
ISIC_1851709,0
ISIC_1851985,2
ISIC_1852015,1
ISIC_1852500,1
ISIC_1852883,2
ISIC_1852987,0
ISIC_1853067,3
ISIC_1853799,1
ISIC_1854129,1
ISIC_1854161,3
ISIC_1854320,0
ISIC_1854582,4
ISIC_1854603,1
ISIC_1855725,0
ISIC_1856556,0
ISIC_1857051,1
ISIC_1857406,0
ISIC_1857587,3
ISIC_1857989,1
ISIC_1858123,3
ISIC_1858175,3
ISIC_1858237,4
ISIC_1858805,4
ISIC_1858948,1
ISIC_1858989,3
ISIC_1859500,1
ISIC_1859522,1
ISIC_1859531,0
ISIC_1859641,4
ISIC_1859923,2
ISIC_1860049,4
ISIC_1860429,0
ISIC_1860548,4
ISIC_1860845,2
ISIC_1861580,0
ISIC_1861662,3
ISIC_1862087,3
ISIC_1862506,4
ISIC_1862691,0
ISIC_1862815,0
ISIC_1863917,3
ISIC_1864109,3
ISIC_1864210,2
ISIC_1864719,4
ISIC_1864858,2
ISIC_1865060,0
ISIC_1865170,0
ISIC_1865347,1
ISIC_1866662,3
ISIC_1866770,0
ISIC_1866859,1
ISIC_1867577,0
ISIC_1867635,1
ISIC_1867801,1
ISIC_1867838,0
ISIC_1867989,2
ISIC_1868315,3
ISIC_1868816,2
ISIC_1868991,1
ISIC_1869634,0
ISIC_1869829,0
ISIC_1869864,2
ISIC_1869958,4
ISIC_1870005,1
ISIC_1870184,3
ISIC_1870309,2
ISIC_1870377,2
ISIC_1870415,0
ISIC_1870517,0
ISIC_1871497,1
ISIC_1871890,4
ISIC_1872534,1
ISIC_1872823,0
ISIC_1873035,1
ISIC_1873063,0
ISIC_1873582,3
ISIC_1874377,4
ISIC_1874480,1
ISIC_1874969,0
ISIC_1875086,2
ISIC_1875729,1
ISIC_1875839,4
ISIC_1875989,0
ISIC_1876009,1
ISIC_1876409,3
ISIC_1876799,0
ISIC_1876943,2
ISIC_1877098,0
ISIC_1877216,3
ISIC_1877535,0
ISIC_1878082,4
ISIC_1878422,3
ISIC_1878443,3
ISIC_1878481,3
ISIC_1878972,4
ISIC_1879936,4
ISIC_1880253,4
ISIC_1880403,4
ISIC_1880540,1
ISIC_1880716,1
ISIC_1880757,3
ISIC_1881035,1
ISIC_1881133,1
ISIC_1881268,4
ISIC_1881546,4
ISIC_1882367,2
ISIC_1882699,0
ISIC_1883008,1
ISIC_1883160,3
ISIC_1883184,1
ISIC_1883330,0
ISIC_1883402,0
ISIC_1883892,0
ISIC_1884038,3
ISIC_1884191,4
ISIC_1884256,1
ISIC_1884425,0
ISIC_1884710,2
ISIC_1885136,1
ISIC_1885174,4
ISIC_1886413,0
ISIC_1886460,1
ISIC_1886480,0
ISIC_1886719,0
ISIC_1886756,1
ISIC_1887093,0
ISIC_1887282,2
ISIC_1887647,4
ISIC_1887768,3
ISIC_1888148,0
ISIC_1888185,0
ISIC_1888761,4
ISIC_1888865,4
ISIC_1888961,1
ISIC_1890263,0
ISIC_1890460,1
ISIC_1890558,1
ISIC_1890831,2
ISIC_1891091,4
ISIC_1891419,1
ISIC_1891515,0
ISIC_1891539,4
ISIC_1891677,4
ISIC_1892011,1
ISIC_1892350,2
ISIC_1892887,3
ISIC_1893232,0
ISIC_1894087,2
ISIC_1894133,4
ISIC_1894141,1
ISIC_1894324,2
ISIC_1894573,3
ISIC_1894639,0
ISIC_1894676,2
ISIC_1894741,3
ISIC_1894782,2
ISIC_1894918,4
ISIC_1896191,4
ISIC_1896306,2
ISIC_1896350,2
ISIC_1896364,3
ISIC_1896477,0
ISIC_1897312,3
ISIC_1897327,1
ISIC_1897507,4
ISIC_1897994,2
ISIC_1899198,4
ISIC_1899683,0
ISIC_1899936,1
ISIC_1900433,4
ISIC_1900558,1
ISIC_1900721,0
ISIC_1901204,3
ISIC_1901298,0
ISIC_1901615,3
ISIC_1901829,0
ISIC_1902401,1
ISIC_1902764,1
ISIC_1902847,2
ISIC_1903346,2
ISIC_1903698,4
ISIC_1903848,4
ISIC_1904002,4
ISIC_1904244,2
ISIC_1904481,3
ISIC_1904579,3
ISIC_1904980,2
ISIC_1905627,4
ISIC_1905855,4
ISIC_1906004,3
ISIC_1906141,4
ISIC_1906357,4
ISIC_1906729,1
ISIC_1907792,0
ISIC_1907829,1
ISIC_1907939,1
ISIC_1907984,3
ISIC_1908424,1
ISIC_1908781,2
ISIC_1908801,0
ISIC_1908893,0
ISIC_1909742,3
ISIC_1910158,1
ISIC_1910458,1
ISIC_1911193,1
ISIC_1911358,1
ISIC_1911390,4
ISIC_1911714,1
ISIC_1912184,1
ISIC_1912326,1
ISIC_1912518,2
ISIC_1912578,0
ISIC_1912589,2
ISIC_1912677,3
ISIC_1912757,1
ISIC_1912902,1
ISIC_1914419,0
ISIC_1915434,1
ISIC_1915549,3
ISIC_1915791,3
ISIC_1915890,0
ISIC_1915989,4
ISIC_1916757,4
ISIC_1917554,3
ISIC_1917581,4
ISIC_1917856,3
ISIC_1918027,2
ISIC_1918077,0
ISIC_1919114,0
ISIC_1919196,3
ISIC_1919324,0
ISIC_1919499,2
ISIC_1919829,2
ISIC_1920523,2
ISIC_1920685,4
ISIC_1921387,0
ISIC_1921636,1
ISIC_1921883,1
ISIC_1922084,2
ISIC_1922234,1
ISIC_1922568,3
ISIC_1922645,0
ISIC_1922657,1
ISIC_1922844,2
ISIC_1923467,2
ISIC_1924120,0
ISIC_1924232,3
ISIC_1924365,4
ISIC_1924663,2
ISIC_1924821,2
ISIC_1924898,1
ISIC_1924949,3
ISIC_1925412,1
ISIC_1925495,0
ISIC_1925533,2
ISIC_1925590,2
ISIC_1925623,0
ISIC_1925632,3
ISIC_1925695,0
ISIC_1926499,3
ISIC_1926530,0
ISIC_1926656,4
ISIC_1926856,3
ISIC_1927418,3
ISIC_1927825,3
ISIC_1927858,1
ISIC_1928510,3
ISIC_1928712,2
ISIC_1929037,3
ISIC_1929320,3
ISIC_1929389,2
ISIC_1929654,0
ISIC_1929937,4
ISIC_1930598,4
ISIC_1930604,1
ISIC_1930877,4
ISIC_1931408,1
ISIC_1931588,1
ISIC_1932064,0
ISIC_1932154,0
ISIC_1932394,4
ISIC_1932486,0
ISIC_1932488,4
ISIC_1932586,4
ISIC_1932632,1
ISIC_1932729,4
ISIC_1932947,3
ISIC_1933026,4
ISIC_1933891,1
ISIC_1934097,0
ISIC_1934152,2
ISIC_1934283,1
ISIC_1935109,2
ISIC_1935204,4
ISIC_1935643,3
ISIC_1935814,1
ISIC_1936043,1
ISIC_1936684,1
ISIC_1936882,2
ISIC_1937057,1
ISIC_1937197,2
ISIC_1937254,3
ISIC_1937534,1
ISIC_1937869,2
ISIC_1937955,1
ISIC_1938535,1
ISIC_1938549,0
ISIC_1938692,1
ISIC_1938709,3
ISIC_1939276,0
ISIC_1939569,0
ISIC_1939931,4
ISIC_1940321,3
ISIC_1940615,0
ISIC_1940924,4
ISIC_1941920,0
ISIC_1942114,2
ISIC_1942980,3
ISIC_1943439,1
ISIC_1943654,4
ISIC_1944326,4
ISIC_1944650,0
ISIC_1944659,4
ISIC_1944712,1
ISIC_1944752,3
ISIC_1944783,0
ISIC_1944865,2
ISIC_1945381,2
ISIC_1945604,2
ISIC_1945850,3
ISIC_1946157,3
ISIC_1946709,1
ISIC_1947833,1
ISIC_1947992,1
ISIC_1948097,4
ISIC_1948545,2
ISIC_1948751,3
ISIC_1949047,0
ISIC_1949257,2
ISIC_1949446,0
ISIC_1949526,0
ISIC_1950002,1
ISIC_1950282,0
ISIC_1950569,4
ISIC_1950616,4
ISIC_1950847,4
ISIC_1951589,2
ISIC_1951867,4
ISIC_1951928,2
ISIC_1951999,3
ISIC_1952049,2
ISIC_1952298,4
ISIC_1952599,0
ISIC_1952749,3
ISIC_1953293,2
ISIC_1953352,3
ISIC_1953808,4
ISIC_1954217,4
ISIC_1954547,0
ISIC_1955511,0
ISIC_1955991,0
ISIC_1956354,1
ISIC_1956504,0
ISIC_1957299,0
ISIC_1957488,0
ISIC_1957587,1
ISIC_1957625,2
ISIC_1957685,0
ISIC_1957989,3
ISIC_1958003,4
ISIC_1958321,3
ISIC_1958612,2
ISIC_1959040,4
ISIC_1959078,1
ISIC_1959412,2
ISIC_1959529,1
ISIC_1959715,2
ISIC_1959939,3
ISIC_1960067,0
ISIC_1960360,0
ISIC_1960393,2
ISIC_1960446,0
ISIC_1960468,4
ISIC_1960472,2
ISIC_1960550,3
ISIC_1961064,0
ISIC_1961213,4
ISIC_1961412,1
ISIC_1961810,0
ISIC_1962061,3
ISIC_1962482,0
ISIC_1962639,0
ISIC_1962845,3
ISIC_1963008,3
ISIC_1963919,2
ISIC_1964157,0
ISIC_1964243,0
ISIC_1964334,0
ISIC_1964624,4
ISIC_1964765,1
ISIC_1965344,1
ISIC_1965598,1
ISIC_1965814,0
ISIC_1966014,3
ISIC_1966916,1
ISIC_1967171,3
ISIC_1967178,3
ISIC_1967651,0
ISIC_1968421,3
ISIC_1968499,1
ISIC_1968712,0
ISIC_1969066,2
ISIC_1969199,3
ISIC_1969322,4
ISIC_1970027,3
ISIC_1970368,3
ISIC_1970738,3
ISIC_1971254,0
ISIC_1971370,1
ISIC_1972082,4
ISIC_1972293,0
ISIC_1972309,3
ISIC_1972876,3
ISIC_1973151,3
ISIC_1973320,0
ISIC_1973447,0
ISIC_1973700,2
ISIC_1973815,2
ISIC_1974094,3
ISIC_1974152,2
ISIC_1974281,1
ISIC_1974530,3
ISIC_1974777,4
ISIC_1974894,0
ISIC_1975042,3
ISIC_1975137,3
ISIC_1975145,3
ISIC_1975192,4
ISIC_1975265,4
ISIC_1975665,3
ISIC_1975941,3
ISIC_1976135,4
ISIC_1976244,3
ISIC_1976246,3
ISIC_1976332,1
ISIC_1976444,4
ISIC_1976571,1
ISIC_1977026,0
ISIC_1977110,3
ISIC_1977122,3
ISIC_1977241,2
ISIC_1977265,3
ISIC_1977315,2
ISIC_1977916,3
ISIC_1978228,1
ISIC_1978426,1
ISIC_1978439,4
ISIC_1978947,1
ISIC_1979109,0
ISIC_1979473,2
ISIC_1979996,2
ISIC_1980064,2
ISIC_1980111,0
ISIC_1980135,0
ISIC_1980878,2
ISIC_1981133,3
ISIC_1982295,2
ISIC_1983334,0
ISIC_1983507,1
ISIC_1983516,3
ISIC_1983754,1
ISIC_1984152,3
ISIC_1984442,1
ISIC_1984557,0
ISIC_1984995,0
ISIC_1985209,4
ISIC_1985244,2
ISIC_1985436,1
ISIC_1985569,3
ISIC_1985763,2
ISIC_1985789,2
ISIC_1985824,3
ISIC_1985984,2
ISIC_1986371,0
ISIC_1988058,0
ISIC_1988080,3
ISIC_1988335,1
ISIC_1988336,2
ISIC_1988596,1
ISIC_1988777,4
ISIC_1988781,1
ISIC_1989037,3
ISIC_1989365,0
ISIC_1990046,2
ISIC_1990429,1
ISIC_1990514,1
ISIC_1990520,4
ISIC_1990651,4
ISIC_1990771,3
ISIC_1990955,2
ISIC_1991054,1
ISIC_1991157,4
ISIC_1991332,0
ISIC_1991528,1
ISIC_1992621,4
ISIC_1993374,0
ISIC_1993529,4
ISIC_1994455,0
ISIC_1994499,2
ISIC_1994515,1
ISIC_1994545,4
ISIC_1995369,3
ISIC_1995402,4
ISIC_1995882,0
ISIC_1996356,3
ISIC_1996538,0
ISIC_1997692,3
ISIC_1998849,3
ISIC_1998942,2
ISIC_2000000,3
ISIC_2000040,2
ISIC_2000184,3
ISIC_2000240,2
ISIC_2000319,2
ISIC_2000346,2
ISIC_2000790,4
ISIC_2000959,2
ISIC_2001320,1
ISIC_2001492,2
ISIC_2001699,2
ISIC_2002463,3
ISIC_2002605,1
ISIC_2002709,3
ISIC_2003200,4
ISIC_2003272,3
ISIC_2003357,1
ISIC_2004139,4
ISIC_2004386,4
ISIC_2005810,0
ISIC_2005921,2
ISIC_2006074,0
ISIC_2006235,2
ISIC_2006424,1
ISIC_2006443,1
ISIC_2006783,1
ISIC_2007034,4
ISIC_2007444,0
ISIC_2007691,4
ISIC_2007864,2
ISIC_2008230,0
ISIC_2008958,0
ISIC_2009055,3
ISIC_2009096,4
ISIC_2009167,4
ISIC_2009728,4
ISIC_2009761,1
ISIC_2010698,0
ISIC_2010700,4
ISIC_2010841,2
ISIC_2011145,2
ISIC_2011299,0
ISIC_2011408,4
ISIC_2011758,4
ISIC_2011808,0
ISIC_2011893,3
ISIC_2012031,2
ISIC_2012245,3
ISIC_2012388,1
ISIC_2012509,2
ISIC_2012659,1
ISIC_2012967,1
ISIC_2013664,0
ISIC_2013861,0
ISIC_2014399,3
ISIC_2014653,1
ISIC_2014917,2
ISIC_2014953,0
ISIC_2015265,4
ISIC_2015266,1
ISIC_2015293,4
ISIC_2015441,1
ISIC_2016546,0
ISIC_2016586,0
ISIC_2017710,2
ISIC_2017991,0
ISIC_2018116,3
ISIC_2018361,4
ISIC_2019110,4
ISIC_2019149,3
ISIC_2019272,4
ISIC_2019273,4
ISIC_2019313,0
ISIC_2019386,0
ISIC_2020317,2
ISIC_2021175,4
ISIC_2021296,1
ISIC_2021321,3
ISIC_2021413,2
ISIC_2022396,2
ISIC_2022525,4
ISIC_2023070,2
ISIC_2023198,4
ISIC_2023592,2
ISIC_2023594,2
ISIC_2024062,3
ISIC_2024384,1
ISIC_2024502,3
ISIC_2025058,4
ISIC_2027392,1
ISIC_2027490,0
ISIC_2027582,4
ISIC_2027628,1
ISIC_2027705,4
ISIC_2027733,4
ISIC_2027840,2
ISIC_2028658,1
ISIC_2029351,4
ISIC_2029418,1
ISIC_2030101,4
ISIC_2030126,1
ISIC_2030479,0
ISIC_2030997,1
ISIC_2031177,4
ISIC_2031252,2
ISIC_2031360,4
ISIC_2031626,3
ISIC_2031794,4
ISIC_2032658,1
ISIC_2032815,1
ISIC_2032923,1
ISIC_2033046,3
ISIC_2033106,2
ISIC_2033237,2
ISIC_2033832,0
ISIC_2033980,2
ISIC_2034147,0
ISIC_2034311,4
ISIC_2034313,4
ISIC_2034659,1
ISIC_2034687,0
ISIC_2034923,4
ISIC_2035097,0
ISIC_2035134,4
ISIC_2036043,3
ISIC_2036058,1
ISIC_2036093,4
ISIC_2036233,3
ISIC_2036426,3
ISIC_2037182,4
ISIC_2037202,2
ISIC_2037324,1
ISIC_2037328,3
ISIC_2038024,3
ISIC_2038298,1
ISIC_2038480,0
ISIC_2038794,0
ISIC_2039259,0
ISIC_2039579,2
ISIC_2040268,0
ISIC_2040393,2
ISIC_2040614,1
ISIC_2040812,0
ISIC_2041109,4
ISIC_2041385,4
ISIC_2041726,0
ISIC_2042483,2
ISIC_2042750,2
ISIC_2042797,4
ISIC_2042953,4
ISIC_2043431,2
ISIC_2043662,1
ISIC_2043857,4
ISIC_2044283,4
ISIC_2044613,2
ISIC_2045377,1
ISIC_2045468,0
ISIC_2045595,1
ISIC_2046079,3
ISIC_2046223,3
ISIC_2046891,0
ISIC_2047791,2
ISIC_2047914,1
ISIC_2048638,0
ISIC_2048945,1
ISIC_2048995,4
ISIC_2049142,3
ISIC_2049818,0
ISIC_2049836,3
ISIC_2050288,2
ISIC_2050512,1
ISIC_2050638,0
ISIC_2051278,0
ISIC_2051486,1
ISIC_2051564,3
ISIC_2052192,0
ISIC_2052529,3
ISIC_2052603,3
ISIC_2053045,0
ISIC_2053051,2
ISIC_2053391,1
ISIC_2053951,3
ISIC_2054066,1
ISIC_2054180,1
ISIC_2054436,4
ISIC_2054705,0
ISIC_2055859,2
ISIC_2056104,0
ISIC_2056352,4
ISIC_2056416,4
ISIC_2056468,3
ISIC_2057074,4
ISIC_2057184,0
ISIC_2057606,3
ISIC_2057707,0
ISIC_2057729,1
ISIC_2057990,1
ISIC_2058126,0
ISIC_2058516,3
ISIC_2058911,4
ISIC_2059085,3
ISIC_2059420,2
ISIC_2059464,2
ISIC_2059481,1
ISIC_2060078,4
ISIC_2060202,1
ISIC_2060846,4
ISIC_2061063,3
ISIC_2061327,4
ISIC_2061854,1
ISIC_2061919,1
ISIC_2061933,2
ISIC_2063071,1
ISIC_2063479,2
ISIC_2063937,0
ISIC_2064084,4
ISIC_2064350,2
ISIC_2064819,2
ISIC_2064934,2
ISIC_2066038,4
ISIC_2066127,0
ISIC_2066146,4
ISIC_2066616,3
ISIC_2066654,3
ISIC_2066769,1
ISIC_2066825,3
ISIC_2066959,3
ISIC_2067317,4
ISIC_2067576,1
ISIC_2068777,3
ISIC_2068866,1
ISIC_2068908,2
ISIC_2069039,1
ISIC_2069179,3
ISIC_2069765,1
ISIC_2070085,1
ISIC_2070441,4
ISIC_2070595,1
ISIC_2070718,2
ISIC_2070726,1
ISIC_2071317,3
ISIC_2071418,2
ISIC_2071774,2
ISIC_2071966,2
ISIC_2072219,4
ISIC_2072302,1
ISIC_2072308,1
ISIC_2072760,4
ISIC_2073530,2
ISIC_2073666,2
ISIC_2073967,3
ISIC_2073994,3
ISIC_2074396,2
ISIC_2074649,0
ISIC_2074764,4
ISIC_2074993,3
ISIC_2075054,1
ISIC_2075121,0
ISIC_2075372,0
ISIC_2075546,4
ISIC_2075564,4
ISIC_2075596,3
ISIC_2075655,2
ISIC_2075799,0
ISIC_2076902,0
ISIC_2077116,1
ISIC_2077460,1
ISIC_2078053,2
ISIC_2078613,2
ISIC_2078787,2
ISIC_2078928,2
ISIC_2079078,1
ISIC_2079121,3
ISIC_2079300,3
ISIC_2079417,1
ISIC_2079466,2
ISIC_2079758,3
ISIC_2080351,1
ISIC_2080947,4
ISIC_2081142,3
ISIC_2081489,1
ISIC_2082114,1
ISIC_2082721,1
ISIC_2083098,0
ISIC_2083499,1
ISIC_2083677,4
ISIC_2084963,0
ISIC_2085439,2
ISIC_2085855,0
ISIC_2086082,1
ISIC_2086525,4
ISIC_2086540,4
ISIC_2086580,3
ISIC_2086668,0
ISIC_2087446,4
ISIC_2087641,2
ISIC_2087826,4
ISIC_2087913,3
ISIC_2088750,4
ISIC_2089231,2
ISIC_2091698,2
ISIC_2092150,3
ISIC_2092685,1
ISIC_2092879,2
ISIC_2092911,4
ISIC_2092968,3
ISIC_2093167,2
ISIC_2093476,3
ISIC_2093604,0
ISIC_2093777,0
ISIC_2093988,3
ISIC_2094064,0
ISIC_2094198,3
ISIC_2094324,4
ISIC_2094429,0
ISIC_2094481,0
ISIC_2094598,0
ISIC_2094603,3
ISIC_2095143,1
ISIC_2095347,0
ISIC_2096695,1
ISIC_2096870,4
ISIC_2097186,4
ISIC_2097198,2
ISIC_2097704,1
ISIC_2097809,1
ISIC_2098084,3
ISIC_2098109,3
ISIC_2098331,3
ISIC_2098525,0
ISIC_2098959,1
ISIC_2099059,4
ISIC_2099315,0
ISIC_2099525,4
ISIC_2099776,0
ISIC_2100445,1
ISIC_2100500,0
ISIC_2100640,3
ISIC_2101389,0
ISIC_2101624,4
ISIC_2102228,3
ISIC_2102371,3
ISIC_2102551,3
ISIC_2102983,4
ISIC_2103508,3
ISIC_2103581,2
ISIC_2104267,4
ISIC_2104341,0
ISIC_2104487,2
ISIC_2104877,1
ISIC_2105312,0
ISIC_2105563,1
ISIC_2105735,2
ISIC_2106041,3
ISIC_2106358,0
ISIC_2106823,4
ISIC_2107578,3
ISIC_2108425,2
ISIC_2108457,0
ISIC_2108787,3
ISIC_2108823,2
ISIC_2108938,1
ISIC_2109393,0
ISIC_2109549,3
ISIC_2109563,4
ISIC_2109658,1
ISIC_2109766,3
ISIC_2110130,1
ISIC_2110833,1
ISIC_2110862,0
ISIC_2111605,3
ISIC_2111943,2
ISIC_2112106,3
ISIC_2112213,0
ISIC_2112683,3
ISIC_2113629,4
ISIC_2113710,0
ISIC_2114035,4
ISIC_2114240,2
ISIC_2114522,4
ISIC_2114564,4
ISIC_2115136,0
ISIC_2115449,1
ISIC_2115645,4
ISIC_2115921,1
ISIC_2115937,3
ISIC_2116331,4
ISIC_2117210,1
ISIC_2117372,1
ISIC_2118143,1
ISIC_2118473,4
ISIC_2119008,3
ISIC_2119201,4
ISIC_2119925,0
ISIC_2120371,0
ISIC_2120508,1
ISIC_2120547,0
ISIC_2121292,4
ISIC_2121383,4
ISIC_2121616,3
ISIC_2122087,0
ISIC_2122488,1
ISIC_2122585,2
ISIC_2122918,3
ISIC_2123159,0
ISIC_2123488,4
ISIC_2123513,0
ISIC_2123846,0
ISIC_2124148,3
ISIC_2124213,0
ISIC_2125450,3
ISIC_2126035,2
ISIC_2126084,0
ISIC_2126176,2
ISIC_2126248,3
ISIC_2126316,3
ISIC_2126411,4
ISIC_2126575,0
ISIC_2126688,3
ISIC_2127185,0
ISIC_2127228,0
ISIC_2127378,1
ISIC_2127685,2
ISIC_2127820,3
ISIC_2129020,3
ISIC_2129226,4
ISIC_2129292,1
ISIC_2129541,3
ISIC_2129639,4
ISIC_2130800,0
ISIC_2131585,0
ISIC_2131707,4
ISIC_2131812,3
ISIC_2131962,1
ISIC_2132139,0
ISIC_2132397,3
ISIC_2133381,0
ISIC_2133938,2
ISIC_2133980,2
ISIC_2134175,2
ISIC_2134188,3
ISIC_2134267,2
ISIC_2134273,2
ISIC_2134704,3
ISIC_2134753,4
ISIC_2134824,0
ISIC_2134858,4
ISIC_2134975,0
ISIC_2136193,0
ISIC_2136243,3
ISIC_2136533,2
ISIC_2137033,2
ISIC_2137041,1
ISIC_2137639,2
ISIC_2137735,4
ISIC_2138357,3
ISIC_2138559,1
ISIC_2139102,2
ISIC_2139387,4
ISIC_2139752,4
ISIC_2140099,4
ISIC_2140115,3
ISIC_2140374,2
ISIC_2141003,4
ISIC_2141054,2
ISIC_2141237,1
ISIC_2141486,2
ISIC_2141786,0
ISIC_2142072,3
ISIC_2142115,4
ISIC_2142232,2
ISIC_2142365,2
ISIC_2142639,1
ISIC_2142673,3
ISIC_2142686,1
ISIC_2143002,0
ISIC_2143352,3
ISIC_2143557,3
ISIC_2143789,1
ISIC_2144220,1
ISIC_2144644,4
ISIC_2145028,3
ISIC_2145640,1
ISIC_2145730,0
ISIC_2145943,0
ISIC_2146087,4
ISIC_2146171,4
ISIC_2146346,1
ISIC_2147342,2
ISIC_2147395,4
ISIC_2147549,1
ISIC_2148350,4
ISIC_2148360,1
ISIC_2148640,3
ISIC_2148975,4
ISIC_2149030,1
ISIC_2149531,1
ISIC_2149858,4
ISIC_2150010,1
ISIC_2150031,4
ISIC_2150221,4
ISIC_2150997,4
ISIC_2151178,3
ISIC_2151459,3
ISIC_2151727,4
ISIC_2151846,3
ISIC_2151856,1
ISIC_2152051,4
ISIC_2152755,2
ISIC_2152875,2
ISIC_2153159,2
ISIC_2153201,4
ISIC_2153301,2
ISIC_2153401,2
ISIC_2153686,0
ISIC_2153879,0
ISIC_2154157,0
ISIC_2154237,4
ISIC_2154275,0
ISIC_2155391,4
ISIC_2155496,0
ISIC_2155673,3
ISIC_2155898,1
ISIC_2155899,2
ISIC_2156021,1
ISIC_2156197,0
ISIC_2156526,4
ISIC_2157103,2
ISIC_2157354,1
ISIC_2157630,2
ISIC_2157951,1
ISIC_2158377,1
ISIC_2158871,2
ISIC_2158873,4
ISIC_2159294,4
ISIC_2159379,3
ISIC_2159510,3
ISIC_2159525,1
ISIC_2159788,3
ISIC_2159914,1
ISIC_2159982,1
ISIC_2160139,2
ISIC_2160145,1
ISIC_2160379,0
ISIC_2160913,2
ISIC_2161202,4
ISIC_2161444,0
ISIC_2161819,2
ISIC_2161864,1
ISIC_2161930,4
ISIC_2161978,0
ISIC_2162118,0
ISIC_2162120,2
ISIC_2162458,1
ISIC_2162542,2
ISIC_2162728,3
ISIC_2163567,4
ISIC_2163675,1
ISIC_2163734,4
ISIC_2164802,4
ISIC_2164811,1
ISIC_2164836,0
ISIC_2164933,0
ISIC_2165360,0
ISIC_2165840,4
ISIC_2166661,2
ISIC_2166801,3
ISIC_2166957,3
ISIC_2167209,2
ISIC_2167621,4
ISIC_2168257,1
ISIC_2168904,0
ISIC_2168953,1
ISIC_2169275,4
ISIC_2169311,4
ISIC_2170086,0
ISIC_2170531,1
ISIC_2170868,2
ISIC_2170985,3
ISIC_2171314,3
ISIC_2171616,1
ISIC_2171940,4
ISIC_2172172,4
ISIC_2172329,2
ISIC_2172377,2
ISIC_2172532,2
ISIC_2172628,0
ISIC_2172806,2
ISIC_2173158,1
ISIC_2173487,1
ISIC_2174204,1
ISIC_2174347,4
ISIC_2174927,1
ISIC_2175722,1
ISIC_2175855,2
ISIC_2175934,0
ISIC_2176112,1
ISIC_2176370,0
ISIC_2176462,3
ISIC_2176822,0
ISIC_2177748,1
ISIC_2177865,3
ISIC_2178032,1
ISIC_2178583,0
ISIC_2178689,1
ISIC_2178817,1
ISIC_2178834,1
ISIC_2179001,1
ISIC_2180439,0
ISIC_2180599,1
ISIC_2181095,1
ISIC_2182674,0
ISIC_2182754,0
ISIC_2182839,3
ISIC_2182856,1
ISIC_2183120,3
ISIC_2183559,4
ISIC_2183687,0
ISIC_2183722,2
ISIC_2184133,3
ISIC_2184202,2
ISIC_2184229,1
ISIC_2185761,0
ISIC_2185831,2
ISIC_2186123,4
ISIC_2186382,0
ISIC_2186488,0
ISIC_2186492,2
ISIC_2186496,0
ISIC_2186828,1
ISIC_2186853,0
ISIC_2186901,2
ISIC_2187515,2
ISIC_2188231,2
ISIC_2188423,1
ISIC_2188465,3
ISIC_2188566,2
ISIC_2189426,4
ISIC_2189699,3
ISIC_2190217,1
ISIC_2190479,0
ISIC_2190816,1
ISIC_2190821,3
ISIC_2191434,4
ISIC_2191738,3
ISIC_2191924,0
ISIC_2192666,1
ISIC_2192973,3
ISIC_2193223,3
ISIC_2193727,4
ISIC_2193761,4
ISIC_2194141,1
ISIC_2194762,2
ISIC_2194936,2
ISIC_2194940,4
ISIC_2194968,3
ISIC_2195070,2
ISIC_2195125,4
ISIC_2195832,0
ISIC_2196127,4
ISIC_2196147,2
ISIC_2196918,4
ISIC_2197346,4
ISIC_2197398,4
ISIC_2197722,2
ISIC_2198030,0
ISIC_2198244,2
ISIC_2198278,4
ISIC_2198865,1
ISIC_2199155,3
ISIC_2199280,0
ISIC_2199452,4
ISIC_2199969,0
ISIC_2200112,1
ISIC_2200197,1
ISIC_2200426,0
ISIC_2200924,3
ISIC_2201327,2
ISIC_2201390,4
ISIC_2201806,0
ISIC_2202024,1
ISIC_2202486,4
ISIC_2202665,4
ISIC_2203163,4
ISIC_2203239,1
ISIC_2203242,2
ISIC_2203247,1
ISIC_2203306,2
ISIC_2203635,0
ISIC_2204100,4
ISIC_2204121,1
ISIC_2204217,1
ISIC_2204393,2
ISIC_2205007,3
ISIC_2205780,2
ISIC_2206255,1
ISIC_2206577,0
ISIC_2207683,3
ISIC_2207693,2
ISIC_2208006,3
ISIC_2208019,0
ISIC_2208205,0
ISIC_2208555,0
ISIC_2208668,0
ISIC_2208844,0
ISIC_2209697,0
ISIC_2210513,0
ISIC_2210565,1
ISIC_2210573,3
ISIC_2210577,2
ISIC_2210710,2
ISIC_2211136,0
ISIC_2211192,0
ISIC_2211337,2
ISIC_2211403,4
ISIC_2211811,3
ISIC_2212100,0
ISIC_2212352,0
ISIC_2212473,1
ISIC_2212676,4
ISIC_2212697,3
ISIC_2212933,3
ISIC_2214766,2
ISIC_2214769,4
ISIC_2215276,3
ISIC_2215330,4
ISIC_2215371,1
ISIC_2215389,0
ISIC_2215830,3
ISIC_2216518,0
ISIC_2216526,2
ISIC_2216568,4
ISIC_2216833,1
ISIC_2217052,1
ISIC_2217129,1
ISIC_2217230,3
ISIC_2217550,3
ISIC_2218318,2
ISIC_2219050,3
ISIC_2219235,4
ISIC_2220092,2
ISIC_2220459,3
ISIC_2220508,3
ISIC_2221212,4
ISIC_2221217,0
ISIC_2221993,3
ISIC_2222090,0
ISIC_2222091,2
ISIC_2222264,3
ISIC_2222349,2
ISIC_2222489,4
ISIC_2222879,3
ISIC_2222968,2
ISIC_2223049,4
ISIC_2223165,0
ISIC_2223646,1
ISIC_2224928,2
ISIC_2225058,4
ISIC_2225680,2
ISIC_2225927,0
ISIC_2226341,1
ISIC_2226940,0
ISIC_2227134,2
ISIC_2227328,4
ISIC_2227830,2
ISIC_2228053,1
ISIC_2228262,1
ISIC_2228270,2
ISIC_2228271,3
ISIC_2228511,2
ISIC_2229251,0
ISIC_2229764,2
ISIC_2229806,0
ISIC_2229831,2
ISIC_2231078,1
ISIC_2231191,1
ISIC_2231300,2
ISIC_2231307,4
ISIC_2231591,3
ISIC_2231787,1
ISIC_2232349,2
ISIC_2232442,3
ISIC_2232461,4
ISIC_2232546,0
ISIC_2232883,4
ISIC_2234023,2
ISIC_2234076,0
ISIC_2234161,3
ISIC_2234794,0
ISIC_2234899,2
ISIC_2235566,3
ISIC_2235950,3
ISIC_2236275,1
ISIC_2236640,2
ISIC_2236668,0
ISIC_2237868,0
ISIC_2238187,3
ISIC_2238376,0
ISIC_2238813,2
ISIC_2239046,2
ISIC_2239134,2
ISIC_2241173,3
ISIC_2241388,0
ISIC_2241755,0
ISIC_2241975,1
ISIC_2242628,2
ISIC_2243225,0
ISIC_2243353,3
ISIC_2243372,2
ISIC_2243671,1
ISIC_2243924,0
ISIC_2243954,3
ISIC_2244564,1
ISIC_2244719,2
ISIC_2244742,1
ISIC_2245069,3
ISIC_2245325,4
ISIC_2245695,1
ISIC_2245709,3
ISIC_2246150,3
ISIC_2246315,0
ISIC_2246839,3
ISIC_2247168,1
ISIC_2247812,4
ISIC_2248231,3
ISIC_2248305,1
ISIC_2248956,3
ISIC_2249118,2
ISIC_2249623,3
ISIC_2250133,0
ISIC_2250587,3
ISIC_2250839,0
ISIC_2250871,0
ISIC_2250936,0
ISIC_2251480,2
ISIC_2251844,3
ISIC_2251944,3
ISIC_2252651,2
ISIC_2252702,3
ISIC_2252743,4
ISIC_2252930,3
ISIC_2252958,3
ISIC_2253110,1
ISIC_2253931,0
ISIC_2254033,2
ISIC_2254066,2
ISIC_2254653,1
ISIC_2255088,2
ISIC_2255411,3
ISIC_2255492,4
ISIC_2255966,2
ISIC_2256461,4
ISIC_2256519,1
ISIC_2256999,4
ISIC_2257833,4
ISIC_2258049,3
ISIC_2258220,0
ISIC_2258612,2
ISIC_2259190,4
ISIC_2259861,4
ISIC_2259986,4
ISIC_2260164,2
ISIC_2260249,1
ISIC_2261306,3
ISIC_2262146,3
ISIC_2262530,2
ISIC_2262805,0
ISIC_2263311,1
ISIC_2263504,1
ISIC_2263540,3
ISIC_2264633,3
ISIC_2264768,0
ISIC_2264825,3
ISIC_2265409,0
ISIC_2265410,1
ISIC_2265902,1
ISIC_2266011,3
ISIC_2266290,4
ISIC_2266312,2
ISIC_2266320,4
ISIC_2266369,1
ISIC_2266715,4
ISIC_2266857,0
ISIC_2267276,4
ISIC_2267335,4
ISIC_2267785,3
ISIC_2268341,3
ISIC_2269048,1
ISIC_2269075,3
ISIC_2269117,2
ISIC_2269849,1
ISIC_2270496,3
ISIC_2270571,0
ISIC_2272218,2
ISIC_2273343,0
ISIC_2273366,2
ISIC_2273490,4
ISIC_2273556,3
ISIC_2273860,1
ISIC_2274568,0
ISIC_2274871,2
ISIC_2275181,1
ISIC_2275597,0
ISIC_2275624,2
ISIC_2275821,3
ISIC_2275909,0
ISIC_2276141,3
ISIC_2276317,2
ISIC_2276409,0
ISIC_2277599,1
ISIC_2277876,2
ISIC_2278042,4
ISIC_2278331,0
ISIC_2278564,3
ISIC_2279329,2
ISIC_2279449,0
ISIC_2279679,1
ISIC_2279765,2
ISIC_2280076,3
ISIC_2280085,1
ISIC_2280429,0
ISIC_2281048,2
ISIC_2281090,3
ISIC_2281160,3
ISIC_2281909,0
ISIC_2281984,0
ISIC_2282086,1
ISIC_2282273,0
ISIC_2282330,3
ISIC_2282522,3
ISIC_2282946,4
ISIC_2282949,2
ISIC_2283063,1
ISIC_2283151,0
ISIC_2283336,1
ISIC_2283628,1
ISIC_2283702,0
ISIC_2284138,1
ISIC_2284502,3
ISIC_2284546,1
ISIC_2284607,2
ISIC_2284612,0
ISIC_2284633,1
ISIC_2284769,3
ISIC_2285264,1
ISIC_2286170,2
ISIC_2286175,3
ISIC_2286273,1
ISIC_2286375,2
ISIC_2287066,0
ISIC_2287083,3
ISIC_2287151,1
ISIC_2288861,2
ISIC_2288866,1
ISIC_2288896,1
ISIC_2288919,2
ISIC_2289043,4
ISIC_2289057,3
ISIC_2289276,2
ISIC_2289462,3
ISIC_2289721,1
ISIC_2290378,0
ISIC_2291021,0
ISIC_2291042,3
ISIC_2291059,2
ISIC_2291364,4
ISIC_2291794,1
ISIC_2292028,1
ISIC_2292207,2
ISIC_2292593,0
ISIC_2293230,0
ISIC_2293255,1
ISIC_2293310,3
ISIC_2293804,0
ISIC_2293977,0
ISIC_2294745,0
ISIC_2294790,1
ISIC_2294843,3
ISIC_2295004,0
ISIC_2295101,4
ISIC_2295998,4
ISIC_2296151,1
ISIC_2296431,4
ISIC_2297426,3
ISIC_2297485,1
ISIC_2297858,4
ISIC_2297987,4
ISIC_2298186,2
ISIC_2298235,3
ISIC_2298329,2
ISIC_2298440,1
ISIC_2298789,3
ISIC_2299184,4
ISIC_2299497,3
ISIC_2299591,2
ISIC_2299695,4
ISIC_2299749,2
ISIC_2299769,2
ISIC_2299862,3
ISIC_2300279,0
ISIC_2300540,2
ISIC_2300635,3
ISIC_2301029,3
ISIC_2301133,3
ISIC_2301843,1
ISIC_2302257,4
ISIC_2302286,0
ISIC_2302713,4
ISIC_2303197,3
ISIC_2304459,2
ISIC_2304753,2
ISIC_2305416,3
ISIC_2305427,4
ISIC_2305651,2
ISIC_2305742,4
ISIC_2305905,3
ISIC_2306330,4
ISIC_2306349,4
ISIC_2306653,1
ISIC_2306793,4
ISIC_2307135,4
ISIC_2307167,0
ISIC_2307711,2
ISIC_2307760,2
ISIC_2307965,1
ISIC_2309037,4
ISIC_2309744,1
ISIC_2310105,0
ISIC_2310167,3
ISIC_2310870,0
ISIC_2310983,4
ISIC_2311125,4
ISIC_2311665,1
ISIC_2311709,1
ISIC_2312766,2
ISIC_2313001,2
ISIC_2313297,2
ISIC_2313428,4
ISIC_2313673,2
ISIC_2314289,4
ISIC_2315118,4
ISIC_2315332,2
ISIC_2315448,1
ISIC_2315560,4
ISIC_2315825,2
ISIC_2316159,1
ISIC_2316827,4
ISIC_2317042,1
ISIC_2317156,4
ISIC_2317322,4
ISIC_2317328,3
ISIC_2317454,0
ISIC_2318640,3
ISIC_2318657,4
ISIC_2318850,4
ISIC_2318902,1
ISIC_2318906,2
ISIC_2319122,3
ISIC_2319387,2
ISIC_2319601,3
ISIC_2319929,4
ISIC_2320481,2
ISIC_2320808,0
ISIC_2320823,0
ISIC_2321092,4
ISIC_2321120,2
ISIC_2321403,4
ISIC_2321619,1
ISIC_2321671,2
ISIC_2321699,4
ISIC_2321940,3
ISIC_2322347,4
ISIC_2322693,0
ISIC_2323049,2
ISIC_2323082,3
ISIC_2324440,4
ISIC_2324728,2
ISIC_2324840,3
ISIC_2324972,1
ISIC_2325035,1
ISIC_2325146,0
ISIC_2325383,0
ISIC_2325607,3
ISIC_2325886,4
ISIC_2326179,2
ISIC_2326940,4
ISIC_2326984,3
ISIC_2327393,1
ISIC_2327625,4
ISIC_2327808,2
ISIC_2328299,4
ISIC_2328690,4
ISIC_2328829,0
ISIC_2329149,3
ISIC_2329310,4
ISIC_2329701,1
ISIC_2329722,2
ISIC_2330388,4
ISIC_2330773,4
ISIC_2331415,0
ISIC_2331656,0
ISIC_2332127,1
ISIC_2332575,1
ISIC_2332858,0
ISIC_2333274,0
ISIC_2333883,2
ISIC_2334224,2
ISIC_2334275,1
ISIC_2334293,4
ISIC_2334434,1
ISIC_2334595,2
ISIC_2334999,0
ISIC_2335533,3
ISIC_2336763,0
ISIC_2337650,0
ISIC_2337786,3
ISIC_2337907,3
ISIC_2338297,4
ISIC_2338392,2
ISIC_2338423,2
ISIC_2338456,2
ISIC_2338485,0
ISIC_2339123,0
ISIC_2339196,3
ISIC_2339423,0
ISIC_2339522,0
ISIC_2339849,1
ISIC_2340119,2
ISIC_2340246,1
ISIC_2340287,4
ISIC_2340635,4
ISIC_2341100,3
ISIC_2341875,2
ISIC_2342769,1
ISIC_2342989,2
ISIC_2343061,0
ISIC_2343195,3
ISIC_2344225,2
ISIC_2344309,0
ISIC_2344492,1
ISIC_2344766,1
ISIC_2345504,1
ISIC_2345768,0
ISIC_2346775,4
ISIC_2347774,1
ISIC_2347821,2
ISIC_2347991,0
ISIC_2348336,0
ISIC_2348481,3
ISIC_2349386,0
ISIC_2349743,4
ISIC_2349843,4
ISIC_2349994,4
ISIC_2350747,3
ISIC_2351018,0
ISIC_2351242,2
ISIC_2351776,2
ISIC_2351999,1
ISIC_2352598,4
ISIC_2353030,2
ISIC_2353289,2
ISIC_2353735,0
ISIC_2354070,0
ISIC_2354133,3
ISIC_2354258,3
ISIC_2354682,4
ISIC_2355218,3
ISIC_2355374,4
ISIC_2355452,1
ISIC_2355513,4
ISIC_2355662,3
ISIC_2355832,3
ISIC_2355860,3
ISIC_2355972,1
ISIC_2356091,1
ISIC_2356539,2
ISIC_2356841,2
ISIC_2357010,1
ISIC_2357022,0
ISIC_2357307,3
ISIC_2357533,0
ISIC_2357876,4
ISIC_2358170,1
ISIC_2358220,3
ISIC_2358454,2
ISIC_2358812,0
ISIC_2359366,4
ISIC_2359654,0
ISIC_2359709,2
ISIC_2360135,2
ISIC_2360519,0
ISIC_2360676,4
ISIC_2361734,0
ISIC_2361997,2
ISIC_2362404,2
ISIC_2362696,2
ISIC_2363574,0
ISIC_2363669,1
ISIC_2363897,4
ISIC_2363927,0
ISIC_2364150,3
ISIC_2364189,3
ISIC_2364385,2
ISIC_2365225,2
ISIC_2365285,4
ISIC_2365588,0
ISIC_2365745,1
ISIC_2365917,0
ISIC_2366126,0
ISIC_2366172,4
ISIC_2366196,3
ISIC_2366287,4
ISIC_2366625,2
ISIC_2366652,1
ISIC_2366681,1
ISIC_2366727,3
ISIC_2367392,0
ISIC_2368518,1
ISIC_2369620,4
ISIC_2369713,3
ISIC_2369986,4
ISIC_2370061,0
ISIC_2370136,1
ISIC_2370260,3
ISIC_2370610,4
ISIC_2370650,3
ISIC_2371033,4
ISIC_2371495,4
ISIC_2371734,0
ISIC_2371892,4
ISIC_2372032,4
ISIC_2372468,4
ISIC_2373071,2
ISIC_2373200,1
ISIC_2373398,3
ISIC_2373760,4
ISIC_2374243,3
ISIC_2374434,4
ISIC_2374436,4
ISIC_2374446,4
ISIC_2374777,3
ISIC_2375107,4
ISIC_2375233,1
ISIC_2375394,4
ISIC_2375586,3
ISIC_2375714,1
ISIC_2375871,2
ISIC_2376016,4
ISIC_2376380,2
ISIC_2376574,4
ISIC_2376758,4
ISIC_2377039,2
ISIC_2377292,3
ISIC_2377804,4
ISIC_2378211,2
ISIC_2378303,3
ISIC_2378428,1
ISIC_2378495,4
ISIC_2379024,2
ISIC_2379379,3
ISIC_2379723,2
ISIC_2379778,3
ISIC_2379908,3
ISIC_2380341,1
ISIC_2380421,1
ISIC_2380432,0
ISIC_2380895,0
ISIC_2380958,1
ISIC_2381167,2
ISIC_2381283,3
ISIC_2381535,3
ISIC_2382045,3
ISIC_2382078,1
ISIC_2382323,4
ISIC_2383335,2
ISIC_2383571,3
ISIC_2384107,0
ISIC_2384274,1
ISIC_2384341,2
ISIC_2384356,0
ISIC_2384774,4
ISIC_2385649,0
ISIC_2385847,4
ISIC_2386668,4
ISIC_2386961,0
ISIC_2387142,0
ISIC_2387403,0
ISIC_2387634,0
ISIC_2387770,1
ISIC_2388001,3
ISIC_2388532,2
ISIC_2389269,1
ISIC_2389688,1
ISIC_2389892,4
ISIC_2389900,1
ISIC_2390283,3
ISIC_2390695,3
ISIC_2391053,0
ISIC_2391542,3
ISIC_2391627,1
ISIC_2392559,3
ISIC_2393105,4
ISIC_2393348,0
ISIC_2393984,4
ISIC_2393986,1
ISIC_2394181,3
ISIC_2394445,0
ISIC_2394780,3
ISIC_2394894,0
ISIC_2395624,3
ISIC_2395859,3
ISIC_2396480,2
ISIC_2396605,2
ISIC_2396791,3
ISIC_2397307,1
ISIC_2397373,2
ISIC_2397455,1
ISIC_2398001,1
ISIC_2398131,0
ISIC_2398511,1
ISIC_2398526,2
ISIC_2398801,2
ISIC_2399130,1
ISIC_2399253,1
ISIC_2399314,1
ISIC_2399613,4
ISIC_2399770,2
ISIC_2399890,1
ISIC_2399943,3
ISIC_2400002,0
ISIC_2400177,1
ISIC_2400515,0
ISIC_2400548,2
ISIC_2400766,3
ISIC_2400889,2
ISIC_2401189,4
ISIC_2401326,1
ISIC_2401705,4
ISIC_2401731,4
ISIC_2401734,2
ISIC_2402328,0
ISIC_2402558,3
ISIC_2402717,2
ISIC_2403471,0
ISIC_2403491,4
ISIC_2404635,2
ISIC_2404691,2
ISIC_2404756,1
ISIC_2404779,1
ISIC_2404804,0
ISIC_2404995,3
ISIC_2405237,0
ISIC_2406262,1
ISIC_2406445,4
ISIC_2406492,4
ISIC_2406580,1
ISIC_2406848,0
ISIC_2407121,4
ISIC_2407132,4
ISIC_2407586,1
ISIC_2407914,3
ISIC_2407971,1
ISIC_2408442,0
ISIC_2408815,1
ISIC_2409103,1
ISIC_2410133,0
ISIC_2410240,1
ISIC_2410265,1
ISIC_2410520,2
ISIC_2410574,0
ISIC_2410736,3
ISIC_2410842,4
ISIC_2411050,4
ISIC_2411706,0
ISIC_2412113,1
ISIC_2412314,1
ISIC_2412426,4
ISIC_2412805,0
ISIC_2412888,1
ISIC_2413429,3
ISIC_2413554,3
ISIC_2413722,3
ISIC_2414199,2
ISIC_2414238,1
ISIC_2414250,0
ISIC_2414298,3
ISIC_2414367,2
ISIC_2414373,1
ISIC_2414689,2
ISIC_2414922,1
ISIC_2415026,4
ISIC_2415030,3
ISIC_2415206,0
ISIC_2415803,1
ISIC_2415856,2
ISIC_2416792,0
ISIC_2417311,3
ISIC_2417638,1
ISIC_2417958,0
ISIC_2418389,3
ISIC_2418419,1
ISIC_2418848,3
ISIC_2418954,0
ISIC_2419161,4
ISIC_2419448,0
ISIC_2419564,0
ISIC_2419593,4
ISIC_2419615,2
ISIC_2420042,0
ISIC_2420067,0
ISIC_2421486,1
ISIC_2421521,2
ISIC_2421696,2
ISIC_2422589,0
ISIC_2423162,1
ISIC_2423382,3
ISIC_2423677,2
ISIC_2423735,1
ISIC_2424347,2
ISIC_2424673,2
ISIC_2424791,0
ISIC_2425013,1
ISIC_2426893,0
ISIC_2426937,3
ISIC_2427035,4
ISIC_2427137,1
ISIC_2428377,3
ISIC_2428478,0
ISIC_2428554,1
ISIC_2428698,0
ISIC_2428829,1
ISIC_2429070,2
ISIC_2429330,4
ISIC_2429824,3
ISIC_2430137,2
ISIC_2430489,0
ISIC_2430937,2
ISIC_2431409,3
ISIC_2431696,1
ISIC_2432058,1
ISIC_2432466,4
ISIC_2432848,1
ISIC_2432948,0
ISIC_2433960,1
ISIC_2434382,2
ISIC_2434878,2
ISIC_2434965,0
ISIC_2435523,4
ISIC_2435789,2
ISIC_2436371,2
ISIC_2436616,3
ISIC_2437106,0
ISIC_2437188,3
ISIC_2437633,4
ISIC_2438067,0
ISIC_2438305,4
ISIC_2438329,2
ISIC_2438917,2
ISIC_2438935,2
ISIC_2439485,2
ISIC_2439714,3
ISIC_2439978,0
ISIC_2440165,4
ISIC_2440281,1
ISIC_2440407,4
ISIC_2440802,2
ISIC_2441708,4
ISIC_2441954,0
ISIC_2442479,3
ISIC_2442872,1
ISIC_2443065,1
ISIC_2443367,1
ISIC_2443396,1
ISIC_2444092,1
ISIC_2444344,4
ISIC_2444940,1
ISIC_2445235,1
ISIC_2445475,0
ISIC_2445710,4
ISIC_2445765,2
ISIC_2445910,4
ISIC_2445971,0
ISIC_2446492,2
ISIC_2446704,4
ISIC_2447578,1
ISIC_2448123,2
ISIC_2448210,3
ISIC_2448750,0
ISIC_2448820,1
ISIC_2449093,2
ISIC_2449103,2
ISIC_2449313,2
ISIC_2449919,3
ISIC_2450135,0
ISIC_2450583,3
ISIC_2450662,3
ISIC_2450785,4
ISIC_2450853,3
ISIC_2450957,3
ISIC_2450970,4
ISIC_2451070,4
ISIC_2451671,2
ISIC_2451803,3
ISIC_2452083,3
ISIC_2452140,4
ISIC_2452729,1
ISIC_2452910,4
ISIC_2452931,0
ISIC_2453557,3
ISIC_2454446,2
ISIC_2454475,2
ISIC_2454898,1
ISIC_2455081,0
ISIC_2456291,2
ISIC_2456960,3
ISIC_2457024,2
ISIC_2457132,3
ISIC_2457369,1
ISIC_2457446,0
ISIC_2457859,2
ISIC_2458074,1
ISIC_2458253,3
ISIC_2458609,3
ISIC_2458845,4
ISIC_2459113,0
ISIC_2459552,2
ISIC_2459724,1
ISIC_2459772,2
ISIC_2459956,2
ISIC_2460105,2
ISIC_2460354,2
ISIC_2460823,1
ISIC_2461027,0
ISIC_2461164,0
ISIC_2461360,4
ISIC_2461602,4
ISIC_2461731,0
ISIC_2461930,3
ISIC_2461940,0
ISIC_2462231,1
ISIC_2462485,2
ISIC_2463014,3
ISIC_2464424,1
ISIC_2464927,2
ISIC_2465244,1
ISIC_2465834,3
ISIC_2465895,3
ISIC_2466236,2
ISIC_2466295,0
ISIC_2466466,4
ISIC_2466892,1
ISIC_2467082,2
ISIC_2467125,4
ISIC_2467153,2
ISIC_2467623,3
ISIC_2468174,4
ISIC_2468509,2
ISIC_2468540,3
ISIC_2468572,2
ISIC_2468975,4
ISIC_2469770,1
ISIC_2470290,2
ISIC_2470542,0
ISIC_2470790,4
ISIC_2470795,0
ISIC_2470998,2
ISIC_2471483,3
ISIC_2472177,3
ISIC_2472214,2
ISIC_2472336,0
ISIC_2472529,0
ISIC_2472655,1
ISIC_2472848,3
ISIC_2474275,1
ISIC_2474406,4
ISIC_2474453,2
ISIC_2476092,2
ISIC_2476418,2
ISIC_2476422,0
ISIC_2476624,4
ISIC_2476876,1
ISIC_2477888,1
ISIC_2478012,3
ISIC_2478104,2
ISIC_2478860,2
ISIC_2479134,4
ISIC_2479269,2
ISIC_2479346,1
ISIC_2479388,3
ISIC_2479512,4
ISIC_2479876,4
ISIC_2480178,4
ISIC_2480315,2
ISIC_2480608,2
ISIC_2480615,0
ISIC_2480757,4
ISIC_2481044,4
ISIC_2481230,0
ISIC_2481408,3
ISIC_2482016,0
ISIC_2482061,2
ISIC_2482427,4
ISIC_2482653,2
ISIC_2482667,1
ISIC_2482687,3
ISIC_2482899,2
ISIC_2483334,1
ISIC_2483825,0
ISIC_2484404,0
ISIC_2484560,4
ISIC_2484586,0
ISIC_2484625,3
ISIC_2485946,3
ISIC_2486088,1
ISIC_2486598,0
ISIC_2486651,4
ISIC_2486891,0
ISIC_2487061,2
ISIC_2487173,4
ISIC_2487188,1
ISIC_2487524,4
ISIC_2487678,3
ISIC_2487716,0
ISIC_2488468,3
ISIC_2488899,0
ISIC_2489146,4
ISIC_2489471,2
ISIC_2489504,3
ISIC_2489834,2
ISIC_2490175,3
ISIC_2490282,3
ISIC_2490481,1
ISIC_2490493,1
ISIC_2491020,2
ISIC_2491124,0
ISIC_2491594,1
ISIC_2492245,1
ISIC_2492859,1
ISIC_2493376,1
ISIC_2493432,4
ISIC_2493730,4
ISIC_2494060,4
ISIC_2494296,3
ISIC_2494956,3
ISIC_2495303,0
ISIC_2495644,4
ISIC_2495722,2
ISIC_2495762,1
ISIC_2496053,3
ISIC_2496068,3
ISIC_2496332,2
ISIC_2496374,4
ISIC_2496831,0
ISIC_2496983,0
ISIC_2497305,3
ISIC_2497799,1
ISIC_2497814,0
ISIC_2498064,2
ISIC_2498076,2
ISIC_2498215,3
ISIC_2499417,4
ISIC_2499559,3
ISIC_2499678,3
ISIC_2500008,4
ISIC_2500087,2
ISIC_2500254,0
ISIC_2500433,1
ISIC_2500637,3
ISIC_2501496,4
ISIC_2502335,2
ISIC_2502377,1
ISIC_2502405,2
ISIC_2502558,4
ISIC_2502584,3
ISIC_2502855,3
ISIC_2503386,0
ISIC_2503789,2
ISIC_2504207,1
ISIC_2504659,3
ISIC_2505144,3
ISIC_2505880,1
ISIC_2506200,3
ISIC_2507096,4
ISIC_2507340,0
ISIC_2507701,3
ISIC_2507761,2
ISIC_2507845,0
ISIC_2507944,4
ISIC_2508032,0
ISIC_2508759,2
ISIC_2508901,2
ISIC_2509046,2
ISIC_2509304,1
ISIC_2509329,1
ISIC_2509358,4
ISIC_2509736,1
ISIC_2509796,3
ISIC_2509850,2
ISIC_2510255,2
ISIC_2510414,3
ISIC_2511249,1
ISIC_2511658,4
ISIC_2511771,1
ISIC_2511975,4
ISIC_2512163,4
ISIC_2512574,2
ISIC_2512817,0
ISIC_2513114,1
ISIC_2513338,1
ISIC_2513343,2
ISIC_2513481,0
ISIC_2513611,1
ISIC_2513933,2
ISIC_2514227,2
ISIC_2514482,2
ISIC_2514687,1
ISIC_2514994,3
ISIC_2515324,3
ISIC_2516069,4
ISIC_2516204,4
ISIC_2516636,1
ISIC_2517038,2
ISIC_2517072,4
ISIC_2517258,3
ISIC_2518266,4
ISIC_2518443,0
ISIC_2518505,3
ISIC_2518672,2
ISIC_2518896,1
ISIC_2519121,2
ISIC_2519178,0
ISIC_2519916,0
ISIC_2520419,3
ISIC_2520713,3
ISIC_2520736,2
ISIC_2520840,0
ISIC_2521424,0
ISIC_2521685,1
ISIC_2521947,2
ISIC_2522055,0
ISIC_2522677,0
ISIC_2523171,2
ISIC_2523219,0
ISIC_2523314,3
ISIC_2523676,1
ISIC_2523685,3
ISIC_2523776,1
ISIC_2523922,4
ISIC_2524005,1
ISIC_2524113,4
ISIC_2524385,0
ISIC_2524432,1
ISIC_2524580,4
ISIC_2524743,3
ISIC_2524822,3
ISIC_2525084,2
ISIC_2525592,2
ISIC_2525675,1
ISIC_2525962,2
ISIC_2526170,0
ISIC_2526675,3
ISIC_2526800,4
ISIC_2527238,0
ISIC_2527281,2
ISIC_2527485,1
ISIC_2528618,2
ISIC_2528656,1
ISIC_2529848,4
ISIC_2529871,2
ISIC_2530259,1
ISIC_2532039,4
ISIC_2532544,2
ISIC_2532643,1
ISIC_2532945,0
ISIC_2533114,1
ISIC_2535382,2
ISIC_2535541,2
ISIC_2535558,1
ISIC_2536100,3
ISIC_2536728,4
ISIC_2536779,4
ISIC_2536936,0
ISIC_2537370,2
ISIC_2537540,0
ISIC_2537583,1
ISIC_2537598,2
ISIC_2538378,3
ISIC_2538571,3
ISIC_2538629,4
ISIC_2539017,4
ISIC_2539034,4
ISIC_2539218,1
ISIC_2539287,2
ISIC_2539423,3
ISIC_2539861,1
ISIC_2540357,0
ISIC_2540408,2
ISIC_2540927,2
ISIC_2541375,4
ISIC_2541562,3
ISIC_2541572,3
ISIC_2541969,1
ISIC_2542073,3
ISIC_2542479,3
ISIC_2543280,2
ISIC_2544309,0
ISIC_2544870,2
ISIC_2545016,0
ISIC_2545299,0
ISIC_2545414,3
ISIC_2546094,4
ISIC_2546644,0
ISIC_2547007,1
ISIC_2547431,0
ISIC_2548805,0
ISIC_2549331,0
ISIC_2549673,3
ISIC_2549727,3
ISIC_2550148,3
ISIC_2550506,2
ISIC_2550872,4
ISIC_2550938,1
ISIC_2551260,3
ISIC_2552833,4
ISIC_2553070,2
ISIC_2553644,1
ISIC_2553652,3
ISIC_2553784,2
ISIC_2553934,3
ISIC_2553976,4
ISIC_2554114,3
ISIC_2554708,1
ISIC_2554825,2
ISIC_2554911,0
ISIC_2554942,2
ISIC_2555243,0
ISIC_2555358,2
ISIC_2555494,1
ISIC_2555662,0
ISIC_2555904,0
ISIC_2556187,2
ISIC_2556851,1
ISIC_2557951,2
ISIC_2558189,4
ISIC_2558439,3
ISIC_2558816,2
ISIC_2558940,3
ISIC_2559074,4
ISIC_2559472,1
ISIC_2559545,1
ISIC_2559596,4
ISIC_2560287,4
ISIC_2560301,4
ISIC_2560463,4
ISIC_2560645,3
ISIC_2561561,3
ISIC_2562444,4
ISIC_2562668,4
ISIC_2563374,2
ISIC_2563840,0
ISIC_2564319,2
ISIC_2564395,4
ISIC_2564952,2
ISIC_2565154,2
ISIC_2565206,2
ISIC_2565512,1
ISIC_2565986,2
ISIC_2566005,0
ISIC_2566319,4
ISIC_2566365,1
ISIC_2566820,0
ISIC_2567644,2
ISIC_2567786,2
ISIC_2567845,1
ISIC_2568066,1
ISIC_2568224,3
ISIC_2568374,4
ISIC_2568485,2
ISIC_2569851,2
ISIC_2570104,3
ISIC_2570413,2
ISIC_2570512,1
ISIC_2570708,3
ISIC_2570767,0
ISIC_2571343,3
ISIC_2571614,1
ISIC_2572370,1
ISIC_2572530,1
ISIC_2573712,0
ISIC_2574197,3
ISIC_2574344,1
ISIC_2574351,2
ISIC_2575480,2
ISIC_2575536,1
ISIC_2575894,1
ISIC_2577003,3
ISIC_2577147,4
ISIC_2577625,2
ISIC_2577881,3
ISIC_2577938,0
ISIC_2578478,4
ISIC_2578539,2
ISIC_2578624,1
ISIC_2578651,0
ISIC_2579390,0
ISIC_2579675,1
ISIC_2580289,2
ISIC_2580667,2
ISIC_2580689,1
ISIC_2580891,4
ISIC_2581307,1
ISIC_2581480,3
ISIC_2581536,4
ISIC_2581592,1
ISIC_2582493,1
ISIC_2582497,4
ISIC_2582511,4
ISIC_2583592,4
ISIC_2583900,3
ISIC_2584165,2
ISIC_2584872,3
ISIC_2584939,4
ISIC_2584999,2
ISIC_2585066,1
ISIC_2585839,4
ISIC_2586049,2
ISIC_2586109,3
ISIC_2586269,3
ISIC_2586487,0
ISIC_2586708,1
ISIC_2586805,2
ISIC_2586859,2
ISIC_2586937,3
ISIC_2586968,2
ISIC_2587002,0
ISIC_2587465,2
ISIC_2587535,3
ISIC_2587671,2
ISIC_2587913,3
ISIC_2587955,3
ISIC_2588140,0
ISIC_2588167,1
ISIC_2588529,4
ISIC_2588802,4
ISIC_2589000,3
ISIC_2589452,3
ISIC_2589797,2
ISIC_2590211,3
ISIC_2590278,2
ISIC_2590729,1
ISIC_2592034,2
ISIC_2592534,3
ISIC_2592814,3
ISIC_2592956,4
ISIC_2593795,0
ISIC_2594290,4
ISIC_2594901,2
ISIC_2595571,1
ISIC_2595590,4
ISIC_2596262,0
ISIC_2596390,3
ISIC_2596574,4
ISIC_2596814,3
ISIC_2597342,0
ISIC_2597678,3
ISIC_2597975,1
ISIC_2598044,0
ISIC_2598575,1
ISIC_2598702,3
ISIC_2598974,4
ISIC_2599134,4
ISIC_2599331,1
ISIC_2599583,4
ISIC_2599661,4
ISIC_2600152,2
ISIC_2600276,1
ISIC_2600607,3
ISIC_2600830,2
ISIC_2601107,4
ISIC_2601114,0
ISIC_2601156,0
ISIC_2601166,4
ISIC_2601537,0
ISIC_2601893,3
ISIC_2601943,4
ISIC_2602794,3
ISIC_2603420,1
ISIC_2603767,3
ISIC_2604029,0
ISIC_2604581,1
ISIC_2604813,3
ISIC_2605118,2
ISIC_2605120,1
ISIC_2605178,0
ISIC_2605567,3
ISIC_2605880,1
ISIC_2606024,2
ISIC_2606194,4
ISIC_2606720,1
ISIC_2607010,1
ISIC_2607827,0
ISIC_2608471,1
ISIC_2608944,3
ISIC_2609984,2
ISIC_2610420,1
ISIC_2610429,0
ISIC_2610709,2
ISIC_2610971,3
ISIC_2611077,2
ISIC_2611118,2
ISIC_2611977,1
ISIC_2612661,2
ISIC_2612780,3
ISIC_2612936,0
ISIC_2613002,1
ISIC_2613323,1
ISIC_2613405,3
ISIC_2614347,0
ISIC_2614904,2
ISIC_2616327,4
ISIC_2616343,3
ISIC_2616640,4
ISIC_2616719,4
ISIC_2616788,0
ISIC_2616987,2
ISIC_2617427,0
ISIC_2618092,3
ISIC_2618635,1
ISIC_2618834,2
ISIC_2618859,2
ISIC_2618902,4
ISIC_2619212,4
ISIC_2619533,0
ISIC_2619603,1
ISIC_2619698,4
ISIC_2620159,1
ISIC_2620357,0
ISIC_2620834,4
ISIC_2620837,2
ISIC_2621121,3
ISIC_2621205,3
ISIC_2621288,0
ISIC_2621493,4
ISIC_2622189,4
ISIC_2623016,0
ISIC_2623103,4
ISIC_2623538,3
ISIC_2623707,3
ISIC_2624189,0
ISIC_2624451,0
ISIC_2624460,4
ISIC_2625403,3
ISIC_2625420,0
ISIC_2625464,4
ISIC_2625510,1
ISIC_2625754,4
ISIC_2625884,2
ISIC_2626310,0
ISIC_2628563,1
ISIC_2628773,1
ISIC_2629618,3
ISIC_2629850,1
ISIC_2629965,1
ISIC_2629998,2
ISIC_2631302,4
ISIC_2631643,4
ISIC_2631789,4
ISIC_2632471,0
ISIC_2632587,4
ISIC_2632612,3
ISIC_2632683,4
ISIC_2633073,1
ISIC_2633540,3
ISIC_2633665,1
ISIC_2633745,0
ISIC_2633836,3
ISIC_2634356,0
ISIC_2634743,0
ISIC_2634902,3
ISIC_2635051,2
ISIC_2635492,2
ISIC_2636004,2
ISIC_2636012,2
ISIC_2636561,3
ISIC_2636628,3
ISIC_2636672,0
ISIC_2636747,1
ISIC_2637014,4
ISIC_2637323,0
ISIC_2637496,0
ISIC_2637608,0
ISIC_2637795,2
ISIC_2637968,1
ISIC_2638179,2
ISIC_2638310,1
ISIC_2638895,1
ISIC_2639079,3
ISIC_2639144,3
ISIC_2639174,3
ISIC_2639547,2
ISIC_2641026,1
ISIC_2641186,1
ISIC_2642187,0
ISIC_2642742,1
ISIC_2642873,3
ISIC_2643130,4
ISIC_2643411,0
ISIC_2643646,4
ISIC_2644189,0
ISIC_2644382,0
ISIC_2644457,4
ISIC_2644620,3
ISIC_2644876,3
ISIC_2644988,3
ISIC_2645159,4
ISIC_2645314,0
ISIC_2645333,0
ISIC_2645615,4
ISIC_2645655,2
ISIC_2645689,0
ISIC_2646316,3
ISIC_2646761,1
ISIC_2646829,3
ISIC_2646893,0
ISIC_2647070,0
ISIC_2647198,0
ISIC_2647269,2
ISIC_2647453,4
ISIC_2647643,0
ISIC_2647657,4
ISIC_2648018,4
ISIC_2648261,2
ISIC_2648368,0
ISIC_2648376,4
ISIC_2649275,0
ISIC_2649657,0
ISIC_2649999,3
ISIC_2650222,0
ISIC_2650468,2
ISIC_2650571,4
ISIC_2651049,1
ISIC_2651065,4
ISIC_2652502,2
ISIC_2652721,1
ISIC_2652786,2
ISIC_2652808,4
ISIC_2653098,1
ISIC_2653214,4
ISIC_2653824,4
ISIC_2654197,0
ISIC_2654412,2
ISIC_2654417,3
ISIC_2654937,2
ISIC_2655423,2
ISIC_2656544,0
ISIC_2656666,4
ISIC_2656780,1
ISIC_2656925,4
ISIC_2657193,2
ISIC_2657843,0
ISIC_2657913,1
ISIC_2657946,3
ISIC_2658460,2
ISIC_2658854,0
ISIC_2658858,4
ISIC_2659107,4
ISIC_2659591,3
ISIC_2659654,3
ISIC_2659758,1
ISIC_2660062,4
ISIC_2660216,2
ISIC_2660535,2
ISIC_2660641,3
ISIC_2660796,2
ISIC_2661598,3
ISIC_2661646,2
ISIC_2662187,4
ISIC_2662644,1
ISIC_2662834,2
ISIC_2663010,4
ISIC_2664946,0
ISIC_2664973,2
ISIC_2665039,3
ISIC_2665263,2
ISIC_2665269,1
ISIC_2665447,2
ISIC_2665487,3
ISIC_2665498,2
ISIC_2665652,2
ISIC_2666491,2
ISIC_2666632,0
ISIC_2667199,0
ISIC_2667748,4
ISIC_2667784,1
ISIC_2667803,0
ISIC_2667921,1
ISIC_2668481,2
ISIC_2668653,0
ISIC_2668705,4
ISIC_2669526,4
ISIC_2669835,2
ISIC_2670475,0
ISIC_2670619,3
ISIC_2671038,3
ISIC_2671268,3
ISIC_2671727,1
ISIC_2671817,0
ISIC_2672001,1
ISIC_2672379,3
ISIC_2672587,3
ISIC_2673076,0
ISIC_2673511,4
ISIC_2673586,4
ISIC_2673608,1
ISIC_2673716,2
ISIC_2673871,0
ISIC_2674129,2
ISIC_2674517,3
ISIC_2675539,0
ISIC_2676009,3
ISIC_2676318,4
ISIC_2676685,3
ISIC_2676784,2
ISIC_2676829,2
ISIC_2677545,1
ISIC_2677873,4
ISIC_2678247,4
ISIC_2678325,1
ISIC_2679051,2
ISIC_2679138,0
ISIC_2679262,0
ISIC_2679295,1
ISIC_2679689,3
ISIC_2679918,4
ISIC_2679975,1
ISIC_2680511,2
ISIC_2680588,1
ISIC_2680640,2
ISIC_2680689,2
ISIC_2680842,3
ISIC_2681055,4
ISIC_2681259,2
ISIC_2681497,0
ISIC_2682598,2
ISIC_2682788,1
ISIC_2682841,3
ISIC_2682861,3
ISIC_2683083,4
ISIC_2683125,4
ISIC_2683271,3
ISIC_2683599,0
ISIC_2684246,1
ISIC_2684374,1
ISIC_2684745,2
ISIC_2684903,4
ISIC_2685044,0
ISIC_2685263,1
ISIC_2685457,2
ISIC_2685523,3
ISIC_2685592,4
ISIC_2685593,4
ISIC_2685628,3
ISIC_2685681,0
ISIC_2686026,4
ISIC_2686183,0
ISIC_2687068,4
ISIC_2687164,3
ISIC_2687175,3
ISIC_2687641,2
ISIC_2688050,1
ISIC_2688084,2
ISIC_2688675,0
ISIC_2688897,0
ISIC_2689731,3
ISIC_2689912,4
ISIC_2690597,3
ISIC_2690733,4
ISIC_2690952,4
ISIC_2691209,4
ISIC_2691211,3
ISIC_2691267,4
ISIC_2691416,1
ISIC_2691727,3
ISIC_2692262,1
ISIC_2692366,3
ISIC_2693385,4
ISIC_2693412,4
ISIC_2693507,3
ISIC_2694059,4
ISIC_2694383,4
ISIC_2695497,2
ISIC_2696344,4
ISIC_2696646,2
ISIC_2696668,2
ISIC_2697083,2
ISIC_2697112,1
ISIC_2697895,0
ISIC_2697910,1
ISIC_2698234,3
ISIC_2698722,4
ISIC_2699336,2
ISIC_2699791,1
ISIC_2699903,4
ISIC_2700247,4
ISIC_2700308,2
ISIC_2700320,1
ISIC_2700545,1
ISIC_2700558,4
ISIC_2700700,4
ISIC_2700731,0
ISIC_2700802,1
ISIC_2701627,3
ISIC_2701997,0
ISIC_2702929,1
ISIC_2702938,3
ISIC_2703447,0
ISIC_2703816,1
ISIC_2704045,3
ISIC_2704046,1
ISIC_2704072,2
ISIC_2704082,3
ISIC_2705052,0
ISIC_2706358,0
ISIC_2706378,2
ISIC_2706407,2
ISIC_2706427,4
ISIC_2707375,1
ISIC_2707560,3
ISIC_2707664,4
ISIC_2708616,4
ISIC_2708737,2
ISIC_2709109,1
ISIC_2709809,2
ISIC_2709961,2
ISIC_2710887,0
ISIC_2711019,1
ISIC_2711084,4
ISIC_2711160,2
ISIC_2711946,3
ISIC_2712018,0
ISIC_2712126,3
ISIC_2712447,3
ISIC_2714069,3
ISIC_2714496,0
ISIC_2714572,4
ISIC_2714907,2
ISIC_2715024,0
ISIC_2715339,1
ISIC_2715441,0
ISIC_2715791,3
ISIC_2716284,3
ISIC_2716425,0
ISIC_2716574,2
ISIC_2716912,4
ISIC_2716925,1
ISIC_2717587,1
ISIC_2717628,4
ISIC_2717649,1
ISIC_2718103,0
ISIC_2718135,2
ISIC_2718199,1
ISIC_2718684,0
ISIC_2718966,2
ISIC_2719165,1
ISIC_2719558,2
ISIC_2720231,1
ISIC_2720426,3
ISIC_2720790,0
ISIC_2720851,1
ISIC_2720971,4
ISIC_2721178,0
ISIC_2721512,4
ISIC_2721543,0
ISIC_2721699,3
ISIC_2721934,1
ISIC_2722070,1
ISIC_2722607,2
ISIC_2722940,1
ISIC_2723407,4
ISIC_2723413,2
ISIC_2723438,4
ISIC_2724278,1
ISIC_2724529,1
ISIC_2725183,1
ISIC_2725196,3
ISIC_2726186,3
ISIC_2726326,3
ISIC_2726570,4
ISIC_2726665,2
ISIC_2727016,3
ISIC_2727309,3
ISIC_2727651,1
ISIC_2728024,4
ISIC_2728181,3
ISIC_2728348,2
ISIC_2729109,4
ISIC_2729409,4
ISIC_2729747,2
ISIC_2729893,4
ISIC_2730170,3
ISIC_2730243,4
ISIC_2730501,0
ISIC_2730610,2
ISIC_2730629,1
ISIC_2730948,2
ISIC_2731386,3
ISIC_2731621,2
ISIC_2731847,3
ISIC_2731957,2
ISIC_2732429,3
ISIC_2732573,4
ISIC_2732720,3
ISIC_2732938,2
ISIC_2733013,4
ISIC_2733043,3
ISIC_2733056,2
ISIC_2733902,4
ISIC_2734025,0
ISIC_2734817,3
ISIC_2735051,4
ISIC_2735273,0
ISIC_2735620,4
ISIC_2735672,3
ISIC_2735720,1
ISIC_2735754,2
ISIC_2735846,4
ISIC_2736340,4
ISIC_2736540,0
ISIC_2736625,0
ISIC_2736793,4
ISIC_2736880,1
ISIC_2737372,4
ISIC_2738454,4
ISIC_2738630,1
ISIC_2738992,2
ISIC_2739018,3
ISIC_2739124,2
ISIC_2739449,3
ISIC_2739481,3
ISIC_2739547,0
ISIC_2739702,3
ISIC_2740756,1
ISIC_2740815,2
ISIC_2741564,4
ISIC_2741583,0
ISIC_2741716,4
ISIC_2741857,0
ISIC_2741962,4
ISIC_2741984,3
ISIC_2741998,3
ISIC_2742256,1
ISIC_2742503,2
ISIC_2742674,2
ISIC_2742786,2
ISIC_2742870,0
ISIC_2743014,0
ISIC_2743075,1
ISIC_2743708,0
ISIC_2743947,0
ISIC_2744153,3
ISIC_2744850,1
ISIC_2744859,3
ISIC_2746001,2
ISIC_2746051,1
ISIC_2746191,3
ISIC_2746282,4
ISIC_2746294,3
ISIC_2746860,3
ISIC_2746974,3
ISIC_2747136,3
ISIC_2747610,2
ISIC_2747650,0
ISIC_2747749,1
ISIC_2747882,4
ISIC_2748148,4
ISIC_2748608,0
ISIC_2748736,2
ISIC_2748873,1
ISIC_2748880,2
ISIC_2748975,0
ISIC_2749059,0
ISIC_2749097,0
ISIC_2749240,3
ISIC_2750230,0
ISIC_2750577,2
ISIC_2750991,1
ISIC_2751294,2
ISIC_2751781,4
ISIC_2751896,0
ISIC_2752102,0
ISIC_2752297,0
ISIC_2752339,1
ISIC_2752607,4
ISIC_2752919,4
ISIC_2753279,1
ISIC_2753812,1
ISIC_2753908,3
ISIC_2754170,0
ISIC_2754186,3
ISIC_2754253,1
ISIC_2754616,4
ISIC_2754949,0
ISIC_2755037,2
ISIC_2755395,0
ISIC_2755502,2
ISIC_2755667,3
ISIC_2757276,2
ISIC_2757355,2
ISIC_2757414,4
ISIC_2757619,3
ISIC_2757957,3
ISIC_2758755,2
ISIC_2758999,3
ISIC_2759098,4
ISIC_2759834,1
ISIC_2760037,4
ISIC_2760737,1
ISIC_2760961,3
ISIC_2761440,0
ISIC_2761471,0
ISIC_2761622,3
ISIC_2761854,4
ISIC_2762298,4
ISIC_2762866,3
ISIC_2762964,1
ISIC_2763029,4
ISIC_2763060,2
ISIC_2763919,3
ISIC_2764032,3
ISIC_2764407,0
ISIC_2764507,4
ISIC_2765023,0
ISIC_2765253,3
ISIC_2766061,0
ISIC_2766683,0
ISIC_2766908,2
ISIC_2767991,3
ISIC_2768150,0
ISIC_2768594,3
ISIC_2768787,4
ISIC_2768800,3
ISIC_2768929,4
ISIC_2769221,1
ISIC_2769292,2
ISIC_2769835,4
ISIC_2771657,1
ISIC_2771979,1
ISIC_2772066,0
ISIC_2772217,2
ISIC_2772581,4
ISIC_2772616,2
ISIC_2773044,1
ISIC_2773261,2
ISIC_2773465,1
ISIC_2773596,2
ISIC_2774435,0
ISIC_2774703,3
ISIC_2775157,3
ISIC_2775638,0
ISIC_2776005,2
ISIC_2776098,4
ISIC_2776151,1
ISIC_2776488,3
ISIC_2776702,4
ISIC_2776906,4
ISIC_2776986,0
ISIC_2777123,4
ISIC_2777137,1
ISIC_2777270,1
ISIC_2778027,3
ISIC_2778113,1
ISIC_2778131,3
ISIC_2778166,1
ISIC_2778247,0
ISIC_2778737,0
ISIC_2778855,2
ISIC_2779274,2
ISIC_2779357,3
ISIC_2779433,4
ISIC_2779521,0
ISIC_2779609,1
ISIC_2779787,3
ISIC_2779797,0
ISIC_2780122,1
ISIC_2780413,0
ISIC_2781088,0
ISIC_2781254,4
ISIC_2782066,0
ISIC_2782221,0
ISIC_2782415,4
ISIC_2782870,4
ISIC_2783331,4
ISIC_2783450,0
ISIC_2783475,0
ISIC_2783541,3
ISIC_2783810,4
ISIC_2784664,3
ISIC_2784686,1
ISIC_2784965,1
ISIC_2784986,0
ISIC_2785296,1
ISIC_2785789,2
ISIC_2786082,3
ISIC_2786160,4
ISIC_2786246,3
ISIC_2786263,1
ISIC_2786378,3
ISIC_2786383,4
ISIC_2787700,1
ISIC_2787702,0
ISIC_2788026,3
ISIC_2788286,2
ISIC_2788802,3
ISIC_2788847,3
ISIC_2788933,2
ISIC_2789145,3
ISIC_2789384,0
ISIC_2790255,0
ISIC_2790365,2
ISIC_2790561,2
ISIC_2790630,1
ISIC_2791045,2
ISIC_2791338,1
ISIC_2791755,1
ISIC_2791903,2
ISIC_2792035,0
ISIC_2792214,3
ISIC_2792248,0
ISIC_2792606,4
ISIC_2793085,0
ISIC_2793142,3
ISIC_2793638,0
ISIC_2793686,2
ISIC_2793903,4
ISIC_2793989,1
ISIC_2794624,0
ISIC_2794836,4
ISIC_2794874,4
ISIC_2795016,1
ISIC_2795036,3
ISIC_2795157,1
ISIC_2795165,3
ISIC_2795397,2
ISIC_2795765,2
ISIC_2795826,3
ISIC_2795838,2
ISIC_2796461,4
ISIC_2797210,1
ISIC_2797353,4
ISIC_2797576,4
ISIC_2797668,2
ISIC_2797695,0
ISIC_2797898,2
ISIC_2798100,1
ISIC_2798803,4
ISIC_2798939,3
ISIC_2798950,1
ISIC_2799004,3
ISIC_2799242,1
ISIC_2799447,4
ISIC_2799701,1
ISIC_2799787,4
ISIC_2799892,4
ISIC_2800015,2
ISIC_2800079,1
ISIC_2800198,4
ISIC_2801008,3
ISIC_2801042,3
ISIC_2801126,1
ISIC_2801187,0
ISIC_2801440,1
ISIC_2801761,0
ISIC_2801819,3
ISIC_2802549,1
ISIC_2803072,2
ISIC_2803212,3
ISIC_2803587,1
ISIC_2803733,3
ISIC_2804019,1
ISIC_2804023,1
ISIC_2804780,4
ISIC_2804864,3
ISIC_2804902,2
ISIC_2805443,1
ISIC_2805573,0
ISIC_2805634,1
ISIC_2806424,2
ISIC_2807121,1
ISIC_2807162,0
ISIC_2807429,0
ISIC_2808187,1
ISIC_2808280,4
ISIC_2808323,1
ISIC_2808424,0
ISIC_2808622,3
ISIC_2809019,2
ISIC_2809103,1
ISIC_2809880,0
ISIC_2810451,4
ISIC_2810793,2
ISIC_2811080,2
ISIC_2811348,3
ISIC_2811433,2
ISIC_2811564,1
ISIC_2811847,3
ISIC_2811886,0
ISIC_2811896,2
ISIC_2812230,4
ISIC_2812270,4
ISIC_2812732,1
ISIC_2814638,4
ISIC_2814675,1
ISIC_2814715,1
ISIC_2815040,1
ISIC_2815222,3
ISIC_2816284,1
ISIC_2817153,4
ISIC_2817214,4
ISIC_2817348,3
ISIC_2817548,4
ISIC_2817594,3
ISIC_2817772,2
ISIC_2817816,4
ISIC_2817836,0
ISIC_2817878,2
ISIC_2818042,0
ISIC_2818465,0
ISIC_2818474,1
ISIC_2818530,1
ISIC_2818953,3
ISIC_2819603,4
ISIC_2819721,1
ISIC_2819798,4
ISIC_2820050,2
ISIC_2820278,0
ISIC_2820344,1
ISIC_2821172,3
ISIC_2821580,0
ISIC_2821812,4
ISIC_2822622,4
ISIC_2822718,0
ISIC_2822749,2
ISIC_2823287,0
ISIC_2823929,4
ISIC_2824280,0
ISIC_2824296,2
ISIC_2824364,4
ISIC_2824368,4
ISIC_2824478,2
ISIC_2824679,3
ISIC_2824970,0
ISIC_2826618,1
ISIC_2826625,1
ISIC_2826766,2
ISIC_2827098,4
ISIC_2827155,3
ISIC_2827638,3
ISIC_2827719,1
ISIC_2828001,2
ISIC_2828221,4
ISIC_2828236,1
ISIC_2828553,0
ISIC_2828861,2
ISIC_2828977,1
ISIC_2829017,1
ISIC_2829088,3
ISIC_2829107,3
ISIC_2829414,1
ISIC_2829466,1
ISIC_2829644,1
ISIC_2830650,2
ISIC_2830887,3
ISIC_2831416,0
ISIC_2831814,2
ISIC_2832203,2
ISIC_2832507,0
ISIC_2832548,3
ISIC_2832584,0
ISIC_2832595,4
ISIC_2833053,3
ISIC_2833156,3
ISIC_2833213,2
ISIC_2834175,4
ISIC_2834840,4
ISIC_2836038,4
ISIC_2836872,1
ISIC_2837000,4
ISIC_2837364,0
ISIC_2837581,1
ISIC_2837876,1
ISIC_2838426,0
ISIC_2838960,3
ISIC_2839053,4
ISIC_2839112,2
ISIC_2839431,2
ISIC_2840136,2
ISIC_2840727,3
ISIC_2840947,3
ISIC_2841132,0
ISIC_2841488,2
ISIC_2841630,4
ISIC_2841735,1
ISIC_2841861,1
ISIC_2842470,2
ISIC_2842532,0
ISIC_2842898,2
ISIC_2843206,1
ISIC_2843245,2
ISIC_2843983,4
ISIC_2844085,3
ISIC_2844539,2
ISIC_2845104,3
ISIC_2845237,0
ISIC_2845297,1
ISIC_2845758,2
ISIC_2845831,2
ISIC_2845856,2
ISIC_2846217,3
ISIC_2846402,2
ISIC_2846882,3
ISIC_2847358,2
ISIC_2847555,4
ISIC_2848606,0
ISIC_2848654,1
ISIC_2849229,2
ISIC_2849353,3
ISIC_2849717,3
ISIC_2850143,0
ISIC_2850155,2
ISIC_2850190,4
ISIC_2850769,1
ISIC_2851852,1
ISIC_2852497,0
ISIC_2852805,4
ISIC_2853222,1
ISIC_2853290,1
ISIC_2853454,2
ISIC_2853584,2
ISIC_2853981,3
ISIC_2854220,4
ISIC_2854303,1
ISIC_2854416,3
ISIC_2854610,4
ISIC_2855052,4
ISIC_2855191,3
ISIC_2855326,4
ISIC_2855626,4
ISIC_2856521,0
ISIC_2856658,3
ISIC_2857027,0
ISIC_2857174,2
ISIC_2857529,4
ISIC_2858035,0
ISIC_2858419,3
ISIC_2858957,3
ISIC_2859012,1
ISIC_2859638,0
ISIC_2859888,2
ISIC_2860230,4
ISIC_2860548,1
ISIC_2860618,0
ISIC_2860749,3
ISIC_2860800,3
ISIC_2861317,1
ISIC_2861373,2
ISIC_2861546,3
ISIC_2861561,4
ISIC_2861793,0
ISIC_2861803,1
ISIC_2863172,0
ISIC_2863278,1
ISIC_2863397,2
ISIC_2863623,2
ISIC_2863774,3
ISIC_2863809,4
ISIC_2864316,1
ISIC_2864383,1
ISIC_2864550,1
ISIC_2864893,0
ISIC_2865011,3
ISIC_2865199,3
ISIC_2867740,1
ISIC_2867958,0
ISIC_2868199,1
ISIC_2868741,0
ISIC_2869236,0
ISIC_2869310,4
ISIC_2869420,3
ISIC_2869813,0
ISIC_2870556,3
ISIC_2871070,4
ISIC_2871230,1
ISIC_2871437,3
ISIC_2871456,2
ISIC_2872107,1
ISIC_2872201,4
ISIC_2872349,3
ISIC_2872765,1
ISIC_2872769,0
ISIC_2872879,3
ISIC_2873294,2
ISIC_2874203,3
ISIC_2874218,0
ISIC_2874706,3
ISIC_2874940,4
ISIC_2875622,4
ISIC_2875807,3
ISIC_2876073,4
ISIC_2876105,0
ISIC_2876194,1
ISIC_2876651,1
ISIC_2876881,2
ISIC_2876963,3
ISIC_2877029,0
ISIC_2878344,4
ISIC_2879095,3
ISIC_2879257,4
ISIC_2879267,1
ISIC_2879512,4
ISIC_2879661,2
ISIC_2880655,4
ISIC_2881128,3
ISIC_2881263,1
ISIC_2881561,0
ISIC_2882129,3
ISIC_2882172,2
ISIC_2882237,4
ISIC_2882462,3
ISIC_2882515,0
ISIC_2882945,4
ISIC_2884405,4
ISIC_2885086,4
ISIC_2885265,2
ISIC_2885796,1
ISIC_2885968,1
ISIC_2887033,3
ISIC_2887355,4
ISIC_2887668,1
ISIC_2887690,4
ISIC_2887897,4
ISIC_2888272,3
ISIC_2888638,1
ISIC_2888815,1
ISIC_2889208,3
ISIC_2889385,0
ISIC_2889562,2
ISIC_2889670,1
ISIC_2889981,2
ISIC_2891694,3
ISIC_2891788,3
ISIC_2891834,4
ISIC_2891869,0
ISIC_2892069,3
ISIC_2892382,0
ISIC_2892384,0
ISIC_2892593,4
ISIC_2893340,2
ISIC_2893496,0
ISIC_2893823,4
ISIC_2893887,3
ISIC_2894067,3
ISIC_2894185,4
ISIC_2894223,2
ISIC_2894809,0
ISIC_2895308,4
ISIC_2895418,4
ISIC_2895469,1
ISIC_2895555,3
ISIC_2896208,4
ISIC_2896341,3
ISIC_2896424,3
ISIC_2897249,0
ISIC_2897997,2
ISIC_2898108,0
ISIC_2898174,1
ISIC_2898780,2
ISIC_2898886,2
ISIC_2899829,2
ISIC_2899837,2
ISIC_2900048,1
ISIC_2900069,0
ISIC_2900357,2
ISIC_2901605,3
ISIC_2901680,4
ISIC_2901944,4
ISIC_2901951,1
ISIC_2902129,1
ISIC_2902221,3
ISIC_2902328,2
ISIC_2902504,1
ISIC_2903423,1
ISIC_2903756,3
ISIC_2903941,0
ISIC_2904067,1
ISIC_2904474,3
ISIC_2904655,3
ISIC_2904794,4
ISIC_2904884,3
ISIC_2904907,0
ISIC_2905777,4
ISIC_2906030,1
ISIC_2906486,2
ISIC_2906792,1
ISIC_2907527,2
ISIC_2907732,2
ISIC_2907942,2
ISIC_2908193,2
ISIC_2908315,3
ISIC_2908353,1
ISIC_2908421,2
ISIC_2908941,2
ISIC_2909153,2
ISIC_2909958,0
ISIC_2909968,3
ISIC_2910474,1
ISIC_2910576,4
ISIC_2910609,4
ISIC_2910705,0
ISIC_2910834,3
ISIC_2911251,1
ISIC_2912191,4
ISIC_2912321,1
ISIC_2912335,1
ISIC_2913019,2
ISIC_2913484,4
ISIC_2913917,4
ISIC_2914160,0
ISIC_2914185,0
ISIC_2914304,1
ISIC_2914353,4
ISIC_2914669,3
ISIC_2914866,4
ISIC_2914880,2
ISIC_2915747,1
ISIC_2915930,4
ISIC_2916164,2
ISIC_2916248,3
ISIC_2916500,2
ISIC_2916510,4
ISIC_2916677,1
ISIC_2917164,0
ISIC_2917288,1
ISIC_2917372,1
ISIC_2917378,4
ISIC_2917467,2
ISIC_2918117,0
ISIC_2918128,4
ISIC_2918692,3
ISIC_2919360,1
ISIC_2919624,2
ISIC_2920639,3
ISIC_2920940,4
ISIC_2921459,2
ISIC_2921537,0
ISIC_2921549,4
ISIC_2921679,4
ISIC_2921933,3
ISIC_2922099,1
ISIC_2922104,4
ISIC_2922270,0
ISIC_2922381,1
ISIC_2923483,1
ISIC_2923525,3
ISIC_2923530,1
ISIC_2924066,3
ISIC_2924281,4
ISIC_2924346,0
ISIC_2924418,1
ISIC_2924486,2
ISIC_2924748,2
ISIC_2924968,3
ISIC_2925481,3
ISIC_2925512,1
ISIC_2925891,2
ISIC_2926076,3
ISIC_2927109,1
ISIC_2927205,2
ISIC_2927289,3
ISIC_2927587,2
ISIC_2927673,1
ISIC_2927891,4
ISIC_2928274,1
ISIC_2928278,2
ISIC_2928868,2
ISIC_2929184,3
ISIC_2929755,0
ISIC_2929993,3
ISIC_2930312,4
ISIC_2930522,1
ISIC_2930792,3
ISIC_2931458,3
ISIC_2932418,1
ISIC_2932886,2
ISIC_2933202,0
ISIC_2933799,0
ISIC_2934051,3
ISIC_2934679,0
ISIC_2935682,2
ISIC_2935987,1
ISIC_2936321,3
ISIC_2937407,0
ISIC_2937642,4
ISIC_2937815,2
ISIC_2937826,1
ISIC_2938260,3
ISIC_2938284,2
ISIC_2939330,3
ISIC_2939356,2
ISIC_2939734,3
ISIC_2939802,2
ISIC_2940684,3
ISIC_2940763,0
ISIC_2940803,1
ISIC_2941103,2
ISIC_2941288,1
ISIC_2941560,1
ISIC_2942057,1
ISIC_2942220,4
ISIC_2943089,4
ISIC_2943284,3
ISIC_2943327,0
ISIC_2944480,1
ISIC_2944487,3
ISIC_2944844,1
ISIC_2945072,2
ISIC_2945310,0
ISIC_2945324,0
ISIC_2945640,3
ISIC_2945891,3
ISIC_2946123,3
ISIC_2946202,3
ISIC_2946577,3
ISIC_2946626,0
ISIC_2946999,3
ISIC_2947038,1
ISIC_2947145,4
ISIC_2947742,0
ISIC_2948339,4
ISIC_2948347,3
ISIC_2948741,2
ISIC_2948780,2
ISIC_2948811,1
ISIC_2948896,0
ISIC_2949131,4
ISIC_2949980,3
ISIC_2950182,4
ISIC_2950391,3
ISIC_2950632,1
ISIC_2950671,2
ISIC_2951012,4
ISIC_2951492,1
ISIC_2951662,2
ISIC_2951741,3
ISIC_2951758,1
ISIC_2952446,0
ISIC_2952684,3
ISIC_2953179,1
ISIC_2953279,0
ISIC_2953711,2
ISIC_2953742,4
ISIC_2953962,3
ISIC_2954014,4
ISIC_2954294,4
ISIC_2954526,0
ISIC_2954564,0
ISIC_2954968,0
ISIC_2955499,4
ISIC_2955610,2
ISIC_2956763,0
ISIC_2956783,2
ISIC_2957069,2
ISIC_2957102,2
ISIC_2957196,3
ISIC_2957595,1
ISIC_2957732,4
ISIC_2957926,4
ISIC_2958240,0
ISIC_2958266,3
ISIC_2958837,1
ISIC_2959719,1
ISIC_2960377,4
ISIC_2960995,4
ISIC_2961141,3
ISIC_2961666,4
ISIC_2962034,0
ISIC_2962719,4
ISIC_2962731,0
ISIC_2962753,1
ISIC_2962946,0
ISIC_2963027,2
ISIC_2963146,4
ISIC_2963172,1
ISIC_2963464,1
ISIC_2963478,2
ISIC_2964397,1
ISIC_2964496,1
ISIC_2966043,4
ISIC_2966047,3
ISIC_2967024,0
ISIC_2967140,3
ISIC_2968243,1
ISIC_2968272,3
ISIC_2968532,1
ISIC_2968542,2
ISIC_2968668,4
ISIC_2968871,2
ISIC_2969055,1
ISIC_2969101,2
ISIC_2969250,2
ISIC_2969301,3
ISIC_2969373,3
ISIC_2969502,0
ISIC_2969557,1
ISIC_2969968,4
ISIC_2970312,3
ISIC_2970409,2
ISIC_2970632,3
ISIC_2971389,0
ISIC_2971756,4
ISIC_2971969,0
ISIC_2972948,4
ISIC_2973059,2
ISIC_2973595,2
ISIC_2974135,4
ISIC_2974155,0
ISIC_2974214,1
ISIC_2974557,0
ISIC_2974884,3
ISIC_2975553,4
ISIC_2975580,4
ISIC_2975603,3
ISIC_2975904,4
ISIC_2976115,0
ISIC_2976789,4
ISIC_2977144,3
ISIC_2977336,4
ISIC_2977718,0
ISIC_2977985,4
ISIC_2978327,4
ISIC_2978336,3
ISIC_2978592,3
ISIC_2978682,4
ISIC_2978983,3
ISIC_2979268,0
ISIC_2979550,0
ISIC_2980578,0
ISIC_2980633,1
ISIC_2980866,2
ISIC_2981104,2
ISIC_2981762,3
ISIC_2981881,2
ISIC_2981912,1
ISIC_2982175,0
ISIC_2982232,4
ISIC_2982274,3
ISIC_2982357,1
ISIC_2982630,4
ISIC_2982883,4
ISIC_2982895,3
ISIC_2982945,2
ISIC_2983041,0
ISIC_2983437,3
ISIC_2984214,4
ISIC_2984437,2
ISIC_2984737,1
ISIC_2985067,0
ISIC_2985247,2
ISIC_2985322,4
ISIC_2985724,0
ISIC_2985753,4
ISIC_2985966,0
ISIC_2986014,3
ISIC_2986186,0
ISIC_2986565,4
ISIC_2986684,4
ISIC_2986752,1
ISIC_2987579,2
ISIC_2987613,2
ISIC_2987630,0
ISIC_2987677,1
ISIC_2988437,1
ISIC_2988460,1
ISIC_2988753,0
ISIC_2988832,4
ISIC_2988939,0
ISIC_2988993,0
ISIC_2989425,0
ISIC_2989918,0
ISIC_2990155,2
ISIC_2990228,3
ISIC_2990503,0
ISIC_2990722,1
ISIC_2991680,2
ISIC_2991936,0
ISIC_2991986,2
ISIC_2993032,0
ISIC_2993197,0
ISIC_2993517,2
ISIC_2993530,1
ISIC_2994085,0
ISIC_2994633,2
ISIC_2994684,3
ISIC_2994772,1
ISIC_2995521,4
ISIC_2995801,0
ISIC_2996057,0
ISIC_2996391,2
ISIC_2996668,0
ISIC_2996690,0
ISIC_2996791,0
ISIC_2996964,2
ISIC_2997601,4
ISIC_2998107,2
ISIC_2998367,4
ISIC_2998411,1
ISIC_2998670,0
ISIC_2999015,2
ISIC_2999018,2
ISIC_2999440,3
ISIC_2999582,3
ISIC_2999685,1
ISIC_3000569,4
ISIC_3000859,4
ISIC_3001328,1
ISIC_3001380,2
ISIC_3001462,0
ISIC_3001941,4
ISIC_3002635,1
ISIC_3002956,3
ISIC_3003111,3
ISIC_3003137,3
ISIC_3003273,4
ISIC_3003397,1
ISIC_3003513,1
ISIC_3003544,3
ISIC_3003627,0
ISIC_3003666,1
ISIC_3003779,3
ISIC_3004041,2
ISIC_3004278,4
ISIC_3004646,3
ISIC_3005396,1
ISIC_3005651,0
ISIC_3006054,1
ISIC_3006101,2
ISIC_3006279,3
ISIC_3006507,0
ISIC_3007232,2
ISIC_3007732,3
ISIC_3008060,2
ISIC_3008399,0
ISIC_3008419,3
ISIC_3008539,0
ISIC_3008916,0
ISIC_3009493,2
ISIC_3009564,3
ISIC_3009877,1
ISIC_3009892,3
ISIC_3009930,1
ISIC_3010059,0
ISIC_3010072,1
ISIC_3010219,1
ISIC_3010487,2
ISIC_3010550,0
ISIC_3010577,2
ISIC_3010582,4
ISIC_3010681,1
ISIC_3011066,2
ISIC_3011638,3
ISIC_3011836,3
ISIC_3012305,1
ISIC_3012527,0
ISIC_3012699,0
ISIC_3012778,0
ISIC_3013468,0
ISIC_3013569,1
ISIC_3014965,3
ISIC_3015774,3
ISIC_3016219,4
ISIC_3016696,3
ISIC_3016754,4
ISIC_3016859,1
ISIC_3017808,0
ISIC_3017950,4
ISIC_3018092,1
ISIC_3018184,1
ISIC_3018475,0
ISIC_3018550,4
ISIC_3019041,2
ISIC_3019176,0
ISIC_3019509,1
ISIC_3020139,0
ISIC_3020913,1
ISIC_3021188,4
ISIC_3021496,1
ISIC_3022527,1
ISIC_3023048,0
ISIC_3023294,3
ISIC_3023452,4
ISIC_3023646,0
ISIC_3023901,2
ISIC_3024209,0
ISIC_3024326,3
ISIC_3024600,2
ISIC_3024903,3
ISIC_3025189,4
ISIC_3025329,3
ISIC_3025468,4
ISIC_3025758,4
ISIC_3025780,2
ISIC_3025889,4
ISIC_3026023,4
ISIC_3026660,4
ISIC_3026934,2
ISIC_3027105,3
ISIC_3027400,2
ISIC_3028173,2
ISIC_3028705,0
ISIC_3028754,0
ISIC_3028883,1
ISIC_3029087,3
ISIC_3029421,2
ISIC_3029937,1
ISIC_3030015,1
ISIC_3030065,1
ISIC_3030351,3
ISIC_3031102,1
ISIC_3031937,4
ISIC_3031999,1
ISIC_3033120,1
ISIC_3033290,2
ISIC_3033977,3
ISIC_3034292,3
ISIC_3034390,0
ISIC_3034548,4
ISIC_3034921,4
ISIC_3034987,4
ISIC_3035379,0
ISIC_3035461,0
ISIC_3037138,0
ISIC_3037638,0
ISIC_3037890,2
ISIC_3037952,0
ISIC_3038869,4
ISIC_3038950,2
ISIC_3039519,3
ISIC_3039707,0
ISIC_3039880,1
ISIC_3040088,0
ISIC_3040383,0
ISIC_3042091,4
ISIC_3042182,2
ISIC_3042558,2
ISIC_3042633,1
ISIC_3042818,3
ISIC_3043105,0
ISIC_3043219,1
ISIC_3043346,3
ISIC_3043475,1
ISIC_3045178,2
ISIC_3045489,3
ISIC_3045537,3
ISIC_3046033,1
ISIC_3046710,3
ISIC_3046758,0
ISIC_3046905,0
ISIC_3046930,0
ISIC_3047806,0
ISIC_3047981,4
ISIC_3048826,3
ISIC_3048886,4
ISIC_3049028,4
ISIC_3049301,3
ISIC_3049506,1
ISIC_3049927,3
ISIC_3050728,2
ISIC_3050780,4
ISIC_3051892,3
ISIC_3052085,4
ISIC_3052675,3
ISIC_3054523,4
ISIC_3055257,4
ISIC_3056193,0
ISIC_3056425,2
ISIC_3056509,1
ISIC_3056999,1
ISIC_3057335,1
ISIC_3058615,4
ISIC_3058625,3
ISIC_3058627,3
ISIC_3058634,1
ISIC_3058665,3
ISIC_3058800,3
ISIC_3059347,1
ISIC_3059367,2
ISIC_3059442,4
ISIC_3059967,1
ISIC_3060021,4
ISIC_3060248,1
ISIC_3060567,2
ISIC_3061135,4
ISIC_3061909,4
ISIC_3062039,1
ISIC_3062773,0
ISIC_3062820,2
ISIC_3062937,0
ISIC_3063260,2
ISIC_3063563,0
ISIC_3063649,2
ISIC_3063923,4
ISIC_3064103,3
ISIC_3064486,3
ISIC_3064807,2
ISIC_3065032,1
ISIC_3065175,2
ISIC_3065253,0
ISIC_3065254,4
ISIC_3066296,0
ISIC_3066463,2
ISIC_3067522,4
ISIC_3067657,2
ISIC_3067885,2
ISIC_3067949,4
ISIC_3068513,2
ISIC_3068575,0
ISIC_3068885,2
ISIC_3069054,1
ISIC_3069157,3
ISIC_3069268,2
ISIC_3069307,4
ISIC_3069511,0
ISIC_3069594,0
ISIC_3070087,0
ISIC_3070142,2
ISIC_3070178,3
ISIC_3070206,4
ISIC_3071338,1
ISIC_3071973,4
ISIC_3072143,4
ISIC_3072259,3
ISIC_3072311,2
ISIC_3072343,2
ISIC_3072382,2
ISIC_3072844,2
ISIC_3073001,1
ISIC_3073018,2
ISIC_3073339,2
ISIC_3073605,3
ISIC_3073634,4
ISIC_3074710,2
ISIC_3074949,1
ISIC_3076237,2
ISIC_3077696,2
ISIC_3077760,1
ISIC_3077866,2
ISIC_3078678,0
ISIC_3079263,3
ISIC_3079290,2
ISIC_3079305,1
ISIC_3079355,4
ISIC_3079729,3
ISIC_3080307,2
ISIC_3081674,2
ISIC_3081844,2
ISIC_3081858,1
ISIC_3082027,0
ISIC_3082109,4
ISIC_3082172,4
ISIC_3082398,1
ISIC_3082466,0
ISIC_3082841,1
ISIC_3083325,3
ISIC_3083711,0
ISIC_3084213,3
ISIC_3084312,4
ISIC_3084322,2
ISIC_3084624,0
ISIC_3084780,4
ISIC_3084791,1
ISIC_3084862,2
ISIC_3085084,4
ISIC_3085118,0
ISIC_3085239,2
ISIC_3086038,2
ISIC_3086476,4
ISIC_3086575,1
ISIC_3086579,2
ISIC_3087274,2
ISIC_3087371,3
ISIC_3087402,0
ISIC_3087433,0
ISIC_3087861,3
ISIC_3088019,3
ISIC_3088518,4
ISIC_3089119,4
ISIC_3089388,1
ISIC_3089729,2
ISIC_3090246,3
ISIC_3090417,1
ISIC_3090572,2
ISIC_3090792,3
ISIC_3090826,2
ISIC_3091420,0
ISIC_3091457,1
ISIC_3091549,4
ISIC_3091757,4
ISIC_3092441,3
ISIC_3092551,2
ISIC_3093025,2
ISIC_3093026,2
ISIC_3093069,4
ISIC_3093620,2
ISIC_3093810,4
ISIC_3095085,0
ISIC_3095600,1
ISIC_3095959,4
ISIC_3096016,0
ISIC_3096269,3
ISIC_3096949,2
ISIC_3097091,4
ISIC_3097253,2
ISIC_3097354,3
ISIC_3097419,3
ISIC_3097424,3
ISIC_3097899,4
ISIC_3097976,3
ISIC_3098174,4
ISIC_3098299,4
ISIC_3098342,1
ISIC_3098462,4
ISIC_3098750,2
ISIC_3099012,2
ISIC_3099438,2
ISIC_3099631,4
ISIC_3100178,4
ISIC_3100541,0
ISIC_3100594,3
ISIC_3100819,3
ISIC_3100885,0
ISIC_3101458,2
ISIC_3101618,1
ISIC_3102011,0
ISIC_3102110,4
ISIC_3102613,3
ISIC_3102849,3
ISIC_3103417,4
ISIC_3103697,2
ISIC_3103863,4
ISIC_3104228,2
ISIC_3104441,0
ISIC_3104875,2
ISIC_3105136,0
ISIC_3105314,2
ISIC_3105324,4
ISIC_3105416,1
ISIC_3105703,3
ISIC_3105924,2
ISIC_3106058,1
ISIC_3106783,4
ISIC_3107526,3
ISIC_3107940,0
ISIC_3108147,2
ISIC_3108166,2
ISIC_3108765,0
ISIC_3109156,3
ISIC_3110196,0
ISIC_3110425,1
ISIC_3110548,3
ISIC_3110909,0
ISIC_3110946,1
ISIC_3111042,4
ISIC_3111591,1
ISIC_3111635,0
ISIC_3111680,4
ISIC_3111722,2
ISIC_3111752,0
ISIC_3112262,4
ISIC_3112783,3
ISIC_3113485,0
ISIC_3113701,3
ISIC_3114020,4
ISIC_3114066,1
ISIC_3114110,2
ISIC_3114154,0
ISIC_3114532,0
ISIC_3114708,3
ISIC_3115220,0
ISIC_3115327,0
ISIC_3115419,2
ISIC_3115568,1
ISIC_3116288,3
ISIC_3116507,4
ISIC_3116777,2
ISIC_3117368,3
ISIC_3117505,4
ISIC_3117585,0
ISIC_3117632,1
ISIC_3117977,4
ISIC_3118230,0
ISIC_3118435,4
ISIC_3118576,4
ISIC_3118628,1
ISIC_3118787,0
ISIC_3119175,3
ISIC_3120592,1
ISIC_3120665,0
ISIC_3121451,4
ISIC_3121501,3
ISIC_3121787,0
ISIC_3122329,2
ISIC_3123099,1
ISIC_3123377,0
ISIC_3123711,4
ISIC_3123718,4
ISIC_3123835,4
ISIC_3124044,2
ISIC_3124612,3
ISIC_3125030,4
ISIC_3125078,2
ISIC_3125318,0
ISIC_3125427,2
ISIC_3126161,4
ISIC_3126619,4
ISIC_3126652,4
ISIC_3126741,0
ISIC_3126915,2
ISIC_3127347,3
ISIC_3127969,4
ISIC_3128203,0
ISIC_3128244,1
ISIC_3128262,3
ISIC_3128414,1
ISIC_3128860,1
ISIC_3129363,1
ISIC_3129578,2
ISIC_3129999,3
ISIC_3131292,2
ISIC_3131821,1
ISIC_3132378,0
ISIC_3132543,2
ISIC_3132725,0
ISIC_3133127,2
ISIC_3133588,2
ISIC_3134070,2
ISIC_3134259,1
ISIC_3134415,1
ISIC_3134444,0
ISIC_3134556,1
ISIC_3134589,3
ISIC_3134683,1
ISIC_3134745,3
ISIC_3134824,3
ISIC_3135594,2
ISIC_3135818,4
ISIC_3135941,2
ISIC_3136228,3
ISIC_3136263,2
ISIC_3136309,3
ISIC_3136397,3
ISIC_3136818,4
ISIC_3137003,1
ISIC_3137393,2
ISIC_3138290,0
ISIC_3138599,3
ISIC_3138836,3
ISIC_3139224,3
ISIC_3139230,4
ISIC_3139652,4
ISIC_3139766,3
ISIC_3139994,0
ISIC_3140022,2
ISIC_3140098,3
ISIC_3140246,1
ISIC_3141629,2
ISIC_3141671,2
ISIC_3141912,3
ISIC_3142775,1
ISIC_3142779,3
ISIC_3142806,3
ISIC_3143245,2
ISIC_3143255,4
ISIC_3143468,1
ISIC_3143604,2
ISIC_3143650,3
ISIC_3144003,1
ISIC_3144156,2
ISIC_3144222,1
ISIC_3144326,2
ISIC_3144871,3
ISIC_3145134,4
ISIC_3145458,0
ISIC_3145600,0
ISIC_3146074,4
ISIC_3146077,0
ISIC_3146092,1
ISIC_3146152,3
ISIC_3146292,0
ISIC_3147179,2
ISIC_3147415,2
ISIC_3147613,1
ISIC_3148048,1
ISIC_3148361,2
ISIC_3148443,1
ISIC_3148533,1
ISIC_3149402,0
ISIC_3149717,1
ISIC_3151260,1
ISIC_3151494,1
ISIC_3151698,4
ISIC_3152305,2
ISIC_3152541,1
ISIC_3152572,1
ISIC_3152626,2
ISIC_3152860,0
ISIC_3153638,1
ISIC_3153709,4
ISIC_3153808,1
ISIC_3154122,3
ISIC_3154509,0
ISIC_3154716,1
ISIC_3155003,3
ISIC_3155020,0
ISIC_3155987,4
ISIC_3156139,2
ISIC_3156486,0
ISIC_3157046,4
ISIC_3157385,0
ISIC_3157826,3
ISIC_3157835,2
ISIC_3157921,4
ISIC_3158305,0
ISIC_3158860,2
ISIC_3158899,2
ISIC_3158962,3
ISIC_3159130,4
ISIC_3159924,3
ISIC_3160147,4
ISIC_3160224,1
ISIC_3160291,4
ISIC_3160301,2
ISIC_3160780,2
ISIC_3160981,2
ISIC_3161186,4
ISIC_3161358,3
ISIC_3161477,2
ISIC_3161481,0
ISIC_3161986,2
ISIC_3162024,2
ISIC_3162245,0
ISIC_3162307,3
ISIC_3162794,1
ISIC_3162968,0
ISIC_3163216,3
ISIC_3163477,0
ISIC_3163773,1
ISIC_3165183,2
ISIC_3165198,2
ISIC_3165425,3
ISIC_3165596,0
ISIC_3165765,3
ISIC_3165797,1
ISIC_3166276,2
ISIC_3166535,0
ISIC_3167092,2
ISIC_3167315,0
ISIC_3167799,3
ISIC_3168448,1
ISIC_3169133,3
ISIC_3169340,0
ISIC_3169566,4
ISIC_3169743,1
ISIC_3170155,0
ISIC_3170397,1
ISIC_3170416,3
ISIC_3171104,1
ISIC_3171941,4
ISIC_3171997,1
ISIC_3172196,1
ISIC_3172597,0
ISIC_3172815,4
ISIC_3173007,3
ISIC_3173314,2
ISIC_3173348,1
ISIC_3173572,2
ISIC_3173734,2
ISIC_3174431,2
ISIC_3175241,1
ISIC_3175350,4
ISIC_3175723,1
ISIC_3175789,1
ISIC_3175883,3
ISIC_3176269,3
ISIC_3176296,1
ISIC_3176566,3
ISIC_3176752,4
ISIC_3177361,2
ISIC_3177631,2
ISIC_3177916,0
ISIC_3178212,2
ISIC_3179296,3
ISIC_3179478,1
ISIC_3180108,3
ISIC_3180138,4
ISIC_3181358,1
ISIC_3181394,4
ISIC_3181638,1
ISIC_3181899,2
ISIC_3182075,2
ISIC_3182374,2
ISIC_3182626,3
ISIC_3183190,2
ISIC_3183210,2
ISIC_3183214,1
ISIC_3183548,3
ISIC_3183653,0
ISIC_3183782,0
ISIC_3183794,3
ISIC_3183946,2
ISIC_3184112,0
ISIC_3184390,4
ISIC_3184551,2
ISIC_3184922,3
ISIC_3185336,1
ISIC_3185341,2
ISIC_3185470,3
ISIC_3185524,1
ISIC_3185664,3
ISIC_3186625,4
ISIC_3186856,4
ISIC_3187493,4
ISIC_3187746,1
ISIC_3187836,2
ISIC_3188062,3
ISIC_3188617,3
ISIC_3188758,3
ISIC_3189033,2
ISIC_3189075,3
ISIC_3189380,4
ISIC_3190208,2
ISIC_3190566,4
ISIC_3190790,4
ISIC_3191602,1
ISIC_3191646,1
ISIC_3192233,0
ISIC_3192565,3
ISIC_3193048,2
ISIC_3193358,1
ISIC_3193768,3
ISIC_3193774,0
ISIC_3193988,4
ISIC_3194171,2
ISIC_3194670,0
ISIC_3194895,1
ISIC_3195037,1
ISIC_3195720,2
ISIC_3196630,4
ISIC_3197069,2
ISIC_3197616,1
ISIC_3197712,4
ISIC_3198071,4
ISIC_3198078,1
ISIC_3198111,1
ISIC_3198225,2
ISIC_3198731,3
ISIC_3199719,2
ISIC_3199821,2
ISIC_3200264,0
ISIC_3201891,3
ISIC_3201945,2
ISIC_3202083,4
ISIC_3202094,0
ISIC_3202358,3
ISIC_3202724,4
ISIC_3202829,3
ISIC_3203303,4
ISIC_3203344,0
ISIC_3203435,3
ISIC_3204009,4
ISIC_3204063,3
ISIC_3204481,0
ISIC_3204621,2
ISIC_3204983,0
ISIC_3205052,1
ISIC_3205354,0
ISIC_3205752,2
ISIC_3206207,4
ISIC_3206224,1
ISIC_3206586,0
ISIC_3206697,0
ISIC_3206957,0
ISIC_3207651,2
ISIC_3207683,2
ISIC_3208873,0
ISIC_3209024,0
ISIC_3209363,4
ISIC_3209456,4
ISIC_3209501,4
ISIC_3209641,0
ISIC_3209856,0
ISIC_3209995,4
ISIC_3210728,1
ISIC_3210813,1
ISIC_3210830,4
ISIC_3211246,1
ISIC_3211631,1
ISIC_3211897,4
ISIC_3211913,4
ISIC_3211915,1
ISIC_3212050,1
ISIC_3212116,4
ISIC_3212311,0
ISIC_3212781,1
ISIC_3213014,3
ISIC_3213318,0
ISIC_3213469,3
ISIC_3213484,0
ISIC_3213948,0
ISIC_3215136,3
ISIC_3215316,1
ISIC_3215397,3
ISIC_3215524,2
ISIC_3216049,3
ISIC_3216095,1
ISIC_3216146,3
ISIC_3216482,2
ISIC_3216562,0
ISIC_3217061,0
ISIC_3217658,3
ISIC_3218135,1
ISIC_3218150,1
ISIC_3218193,1
ISIC_3218227,0
ISIC_3218245,0
ISIC_3218403,2
ISIC_3218501,0
ISIC_3219163,0
ISIC_3219286,0
ISIC_3219620,4
ISIC_3219662,0
ISIC_3220423,4
ISIC_3220834,4
ISIC_3220970,4
ISIC_3221265,3
ISIC_3221297,4
ISIC_3222205,2
ISIC_3222214,3
ISIC_3222447,3
ISIC_3222454,4
ISIC_3222555,3
ISIC_3222573,4
ISIC_3222960,1
ISIC_3223299,4
ISIC_3223682,4
ISIC_3223762,1
ISIC_3224099,0
ISIC_3224181,0
ISIC_3224643,0
ISIC_3224784,0
ISIC_3224794,1
ISIC_3224854,4
ISIC_3225754,2
ISIC_3225847,1
ISIC_3226667,3
ISIC_3226731,1
ISIC_3227705,3
ISIC_3227802,1
ISIC_3228015,4
ISIC_3228072,3
ISIC_3228186,4
ISIC_3228446,3
ISIC_3228537,4
ISIC_3228711,2
ISIC_3229171,1
ISIC_3229755,3
ISIC_3229879,1
ISIC_3230018,2
ISIC_3230164,4
ISIC_3230191,4
ISIC_3230575,3
ISIC_3230630,3
ISIC_3230874,2
ISIC_3231840,4
ISIC_3232275,2
ISIC_3232329,4
ISIC_3232712,4
ISIC_3232811,2
ISIC_3234017,3
ISIC_3234816,2
ISIC_3234899,4
ISIC_3234908,1
ISIC_3235004,4
ISIC_3235491,4
ISIC_3235868,1
ISIC_3236363,4
ISIC_3236399,0
ISIC_3236506,3
ISIC_3236507,1
ISIC_3236964,2
ISIC_3237033,0
ISIC_3237290,4
ISIC_3237364,1
ISIC_3237504,1
ISIC_3237557,4
ISIC_3237688,0
ISIC_3237861,1
ISIC_3238015,1
ISIC_3238064,4
ISIC_3238159,0
ISIC_3238268,3
ISIC_3238529,3
ISIC_3238687,4
ISIC_3238925,3
ISIC_3239455,0
ISIC_3239813,1
ISIC_3240244,2
ISIC_3240264,2
ISIC_3241291,0
ISIC_3241555,3
ISIC_3241558,4
ISIC_3241636,0
ISIC_3241722,1
ISIC_3242165,2
ISIC_3242282,3
ISIC_3242493,1
ISIC_3242778,0
ISIC_3243279,2
ISIC_3243610,0
ISIC_3244047,3
ISIC_3244067,4
ISIC_3244329,3
ISIC_3244652,0
ISIC_3244798,0
ISIC_3245520,2
ISIC_3245980,0
ISIC_3246029,3
ISIC_3246376,0
ISIC_3246485,1
ISIC_3246675,3
ISIC_3246696,1
ISIC_3246746,3
ISIC_3246752,1
ISIC_3247056,2
ISIC_3248316,4
ISIC_3249158,1
ISIC_3249299,1
ISIC_3249384,3
ISIC_3249704,2
ISIC_3249783,3
ISIC_3249936,2
ISIC_3249938,2
ISIC_3249958,3
ISIC_3250584,2
ISIC_3250763,2
ISIC_3251275,4
ISIC_3251405,0
ISIC_3251421,2
ISIC_3251486,2
ISIC_3251719,3
ISIC_3251773,3
ISIC_3251828,4
ISIC_3251951,0
ISIC_3252522,0
ISIC_3252990,0
ISIC_3253098,2
ISIC_3253484,4
ISIC_3253566,0
ISIC_3253765,3
ISIC_3254309,4
ISIC_3254386,1
ISIC_3254499,3
ISIC_3254944,2
ISIC_3255000,0
ISIC_3255182,1
ISIC_3255427,1
ISIC_3255457,3
ISIC_3255602,0
ISIC_3256087,1
ISIC_3256116,0
ISIC_3256370,4
ISIC_3256395,4
ISIC_3256887,1
ISIC_3256966,1
ISIC_3257327,1
ISIC_3257455,1
ISIC_3258291,4
ISIC_3258598,3
ISIC_3259144,4
ISIC_3259494,1
ISIC_3260019,0
ISIC_3260068,4
ISIC_3260211,0
ISIC_3260549,1
ISIC_3260571,0
ISIC_3260649,0
ISIC_3260696,2
ISIC_3260746,4
ISIC_3260888,3
ISIC_3260974,0
ISIC_3261043,2
ISIC_3261511,3
ISIC_3262153,3
ISIC_3262171,1
ISIC_3262383,0
ISIC_3262904,4
ISIC_3263757,1
ISIC_3264096,2
ISIC_3264124,4
ISIC_3264367,0
ISIC_3264605,2
ISIC_3264992,1
ISIC_3265470,2
ISIC_3265701,3
ISIC_3265748,2
ISIC_3265884,2
ISIC_3265976,0
ISIC_3266797,0
ISIC_3267036,2
ISIC_3267196,0
ISIC_3267259,2
ISIC_3267312,1
ISIC_3267817,4
ISIC_3267929,3
ISIC_3269018,1
ISIC_3269241,4
ISIC_3269408,0
ISIC_3269490,0
ISIC_3269863,4
ISIC_3269939,4
ISIC_3270209,2
ISIC_3270588,4
ISIC_3270742,2
ISIC_3270831,3
ISIC_3272155,1
ISIC_3272470,3
ISIC_3272526,0
ISIC_3272920,4
ISIC_3272946,1
ISIC_3272999,3
ISIC_3273115,1
ISIC_3273370,1
ISIC_3273754,4
ISIC_3273860,1
ISIC_3274014,2
ISIC_3274023,2
ISIC_3274103,0
ISIC_3274253,1
ISIC_3274493,3
ISIC_3274592,2
ISIC_3274671,2
ISIC_3274903,0
ISIC_3275538,3
ISIC_3275914,4
ISIC_3276395,3
ISIC_3277709,4
ISIC_3277722,1
ISIC_3278148,1
ISIC_3278161,1
ISIC_3278303,3
ISIC_3279911,4
ISIC_3280786,1
ISIC_3280940,4
ISIC_3280963,1
ISIC_3281252,3
ISIC_3281329,2
ISIC_3281337,2
ISIC_3281568,4
ISIC_3282214,0
ISIC_3282452,4
ISIC_3283115,4
ISIC_3283286,2
ISIC_3283317,0
ISIC_3283934,1
ISIC_3283986,2
ISIC_3285013,2
ISIC_3285637,2
ISIC_3285862,1
ISIC_3285892,0
ISIC_3286186,3
ISIC_3286285,1
ISIC_3286577,2
ISIC_3286597,4
ISIC_3286956,2
ISIC_3287807,1
ISIC_3287917,0
ISIC_3287975,2
ISIC_3288007,2
ISIC_3288311,2
ISIC_3288342,0
ISIC_3288502,1
ISIC_3289098,4
ISIC_3289414,3
ISIC_3289574,4
ISIC_3289651,0
ISIC_3290240,4
ISIC_3290466,3
ISIC_3290678,0
ISIC_3290915,4
ISIC_3291621,1
ISIC_3291748,4
ISIC_3291765,4
ISIC_3292074,3
ISIC_3292151,4
ISIC_3292196,3
ISIC_3292915,3
ISIC_3292959,4
ISIC_3293686,0
ISIC_3294475,0
ISIC_3294812,1
ISIC_3294857,3
ISIC_3295538,2
ISIC_3295750,2
ISIC_3295852,0
ISIC_3296066,1
ISIC_3296079,0
ISIC_3296136,2
ISIC_3296152,3
ISIC_3296741,0
ISIC_3296981,0
ISIC_3297631,2
ISIC_3298596,1
ISIC_3298707,0
ISIC_3299433,3
ISIC_3299506,0
ISIC_3299556,2
ISIC_3299685,4
ISIC_3299708,2
ISIC_3299783,0
ISIC_3299845,3
ISIC_3300386,3
ISIC_3300710,0
ISIC_3300938,0
ISIC_3301163,3
ISIC_3301164,1
ISIC_3301263,1
ISIC_3301447,0
ISIC_3301909,2
ISIC_3301933,3
ISIC_3302025,3
ISIC_3302044,4
ISIC_3302126,2
ISIC_3302178,3
ISIC_3302231,2
ISIC_3302289,0
ISIC_3302396,2
ISIC_3302405,0
ISIC_3302777,2
ISIC_3303730,2
ISIC_3303825,0
ISIC_3303961,0
ISIC_3304293,2
ISIC_3304345,3
ISIC_3304982,3
ISIC_3305029,0
ISIC_3305120,0
ISIC_3305153,2
ISIC_3305468,4
ISIC_3305741,0
ISIC_3306135,1
ISIC_3306343,2
ISIC_3306507,3
ISIC_3306510,2
ISIC_3307060,4
ISIC_3307352,4
ISIC_3307751,2
ISIC_3308635,0
ISIC_3309001,4
ISIC_3309051,0
ISIC_3309531,1
ISIC_3309669,2
ISIC_3309918,2
ISIC_3310235,3
ISIC_3310364,0
ISIC_3310600,0
ISIC_3310625,4
ISIC_3310739,1
ISIC_3310849,0
ISIC_3310895,4
ISIC_3310898,0
ISIC_3311099,3
ISIC_3311265,0
ISIC_3311513,0
ISIC_3311662,4
ISIC_3312201,1
ISIC_3312241,4
ISIC_3312574,0
ISIC_3313317,2
ISIC_3313701,0
ISIC_3313736,3
ISIC_3314555,2
ISIC_3314594,3
ISIC_3314853,1
ISIC_3315146,2
ISIC_3315151,4
ISIC_3315192,3
ISIC_3315259,0
ISIC_3315573,0
ISIC_3315713,3
ISIC_3315795,0
ISIC_3315810,0
ISIC_3316232,0
ISIC_3316641,1
ISIC_3316665,3
ISIC_3316688,0
ISIC_3317424,3
ISIC_3317695,4
ISIC_3317877,1
ISIC_3317953,3
ISIC_3317982,1
ISIC_3318860,1
ISIC_3318928,0
ISIC_3319163,4
ISIC_3319229,1
ISIC_3319361,1
ISIC_3319411,2
ISIC_3319573,0
ISIC_3322492,3
ISIC_3323904,2
ISIC_3324479,1
ISIC_3326306,0
ISIC_3326604,2
ISIC_3326704,1
ISIC_3327152,0
ISIC_3327201,3
ISIC_3327257,2
ISIC_3328295,3
ISIC_3328612,1
ISIC_3328736,4
ISIC_3329099,2
ISIC_3329255,0
ISIC_3329692,1
ISIC_3329997,1
ISIC_3330852,1
ISIC_3331500,2
ISIC_3331533,1
ISIC_3331853,3
ISIC_3331982,3
ISIC_3332207,4
ISIC_3332531,3
ISIC_3332556,2
ISIC_3332704,0
ISIC_3332756,4
ISIC_3333135,1
ISIC_3335794,0
ISIC_3335955,3
ISIC_3336297,3
ISIC_3336353,3
ISIC_3336388,3
ISIC_3337563,4
ISIC_3337775,1
ISIC_3337833,3
ISIC_3338629,4
ISIC_3338703,4
ISIC_3338730,1
ISIC_3339465,4
ISIC_3339798,4
ISIC_3340180,3
ISIC_3340346,3
ISIC_3341278,1
ISIC_3341455,2
ISIC_3341471,0
ISIC_3341501,0
ISIC_3341710,2
ISIC_3341811,2
ISIC_3341994,2
ISIC_3342067,3
ISIC_3342276,3
ISIC_3342474,1
ISIC_3342553,4
ISIC_3343475,2
ISIC_3343476,1
ISIC_3343729,3
ISIC_3343918,4
ISIC_3344329,4
ISIC_3345065,4
ISIC_3345230,1
ISIC_3345944,2
ISIC_3346045,2
ISIC_3347362,0
ISIC_3347715,4
ISIC_3348086,2
ISIC_3348306,4
ISIC_3349007,0
ISIC_3349107,1
ISIC_3349562,2
ISIC_3349751,4
ISIC_3350052,0
ISIC_3350388,1
ISIC_3350519,2
ISIC_3351401,0
ISIC_3351441,2
ISIC_3351500,0
ISIC_3351694,3
ISIC_3351880,2
ISIC_3351899,0
ISIC_3352529,0
ISIC_3352700,1
ISIC_3352799,4
ISIC_3352962,2
ISIC_3353450,1
ISIC_3353862,4
ISIC_3354440,3
ISIC_3354831,2
ISIC_3355040,4
ISIC_3355267,3
ISIC_3355691,3
ISIC_3356216,4
ISIC_3356315,1
ISIC_3356316,1
ISIC_3356355,4
ISIC_3356457,1
ISIC_3356497,1
ISIC_3356671,3
ISIC_3356776,2
ISIC_3357399,4
ISIC_3357503,2
ISIC_3357584,3
ISIC_3358023,0
ISIC_3358528,4
ISIC_3358565,3
ISIC_3358896,1
ISIC_3359057,3
ISIC_3359171,4
ISIC_3359247,2
ISIC_3359829,2
ISIC_3359880,2
ISIC_3360137,2
ISIC_3360180,1
ISIC_3360764,2
ISIC_3361126,3
ISIC_3361690,1
ISIC_3361955,1
ISIC_3362526,4
ISIC_3362969,2
ISIC_3364832,1
ISIC_3365320,0
ISIC_3365692,2
ISIC_3365873,1
ISIC_3365953,1
ISIC_3366103,4
ISIC_3366397,3
ISIC_3366683,4
ISIC_3366868,4
ISIC_3367944,2
ISIC_3368271,2
ISIC_3368385,0
ISIC_3368468,1
ISIC_3368521,4
ISIC_3368599,1
ISIC_3368733,4
ISIC_3369104,1
ISIC_3369408,2
ISIC_3370062,3
ISIC_3370255,2
ISIC_3370423,4
ISIC_3370737,3
ISIC_3371086,4
ISIC_3371249,1
ISIC_3371318,0
ISIC_3371722,2
ISIC_3371792,4
ISIC_3372067,3
ISIC_3372750,2
ISIC_3372918,4
ISIC_3373004,2
ISIC_3373242,4
ISIC_3373578,2
ISIC_3374172,2
ISIC_3374533,3
ISIC_3375455,2
ISIC_3375548,0
ISIC_3375921,1
ISIC_3376737,0
ISIC_3376976,0
ISIC_3376991,3
ISIC_3377082,2
ISIC_3377282,0
ISIC_3377321,1
ISIC_3377954,0
ISIC_3378115,4
ISIC_3378194,1
ISIC_3378314,2
ISIC_3378691,1
ISIC_3379523,4
ISIC_3380009,0
ISIC_3380212,3
ISIC_3380325,1
ISIC_3380520,0
ISIC_3380547,4
ISIC_3380750,2
ISIC_3381158,2
ISIC_3381550,2
ISIC_3381981,2
ISIC_3382231,1
ISIC_3383093,2
ISIC_3383330,2
ISIC_3383481,0
ISIC_3383806,4
ISIC_3383955,3
ISIC_3384884,3
ISIC_3384989,3
ISIC_3384998,1
ISIC_3385027,2
ISIC_3385071,4
ISIC_3385140,1
ISIC_3385425,2
ISIC_3385497,4
ISIC_3385712,3
ISIC_3385810,0
ISIC_3385846,4
ISIC_3386395,4
ISIC_3386656,0
ISIC_3386753,3
ISIC_3387359,4
ISIC_3387470,1
ISIC_3387713,0
ISIC_3388468,4
ISIC_3389461,3
ISIC_3389551,2
ISIC_3389696,0
ISIC_3389704,2
ISIC_3389722,0
ISIC_3389740,1
ISIC_3390057,4
ISIC_3390111,2
ISIC_3390118,0
ISIC_3390207,2
ISIC_3390356,3
ISIC_3390387,2
ISIC_3391100,0
ISIC_3391254,0
ISIC_3391427,3
ISIC_3391651,4
ISIC_3391654,0
ISIC_3392146,2
ISIC_3392276,2
ISIC_3392311,2
ISIC_3392433,1
ISIC_3392451,1
ISIC_3392571,1
ISIC_3393160,3
ISIC_3393651,0
ISIC_3393767,1
ISIC_3394080,0
ISIC_3394520,0
ISIC_3394796,0
ISIC_3395488,2
ISIC_3395529,4
ISIC_3395644,3
ISIC_3395743,0
ISIC_3395787,1
ISIC_3396790,1
ISIC_3397174,4
ISIC_3397377,1
ISIC_3397468,2
ISIC_3397501,0
ISIC_3397583,4
ISIC_3397764,2
ISIC_3397963,4
ISIC_3398017,4
ISIC_3399306,3
ISIC_3399603,4
ISIC_3400298,3
ISIC_3400972,3
ISIC_3401240,2
ISIC_3401631,3
ISIC_3401777,0
ISIC_3401780,0
ISIC_3402149,2
ISIC_3402327,2
ISIC_3402347,4
ISIC_3402778,3
ISIC_3403144,1
ISIC_3403329,1
ISIC_3403778,3
ISIC_3403816,0
ISIC_3404364,0
ISIC_3404606,1
ISIC_3405324,1
ISIC_3405862,2
ISIC_3406319,0
ISIC_3406334,1
ISIC_3406519,2
ISIC_3407960,3
ISIC_3407968,0
ISIC_3408080,1
ISIC_3408231,0
ISIC_3408383,1
ISIC_3408742,2
ISIC_3408802,0
ISIC_3409169,1
ISIC_3409287,3
ISIC_3409440,2
ISIC_3409696,3
ISIC_3409824,4
ISIC_3410193,3
ISIC_3410352,3
ISIC_3410459,0
ISIC_3410530,3
ISIC_3412216,2
ISIC_3412310,0
ISIC_3412390,4
ISIC_3412502,0
ISIC_3412637,4
ISIC_3413036,4
ISIC_3413138,3
ISIC_3413403,2
ISIC_3413657,3
ISIC_3414811,0
ISIC_3415223,1
ISIC_3415401,2
ISIC_3415902,0
ISIC_3415967,1
ISIC_3416107,3
ISIC_3416130,2
ISIC_3416324,2
ISIC_3417029,2
ISIC_3417128,2
ISIC_3417180,2
ISIC_3417268,4
ISIC_3417390,0
ISIC_3417396,3
ISIC_3417724,4
ISIC_3418068,3
ISIC_3418079,0
ISIC_3418153,4
ISIC_3418245,2
ISIC_3418447,2
ISIC_3418978,4
ISIC_3419245,0
ISIC_3419264,0
ISIC_3419626,3
ISIC_3420087,4
ISIC_3420207,1
ISIC_3420287,3
ISIC_3420574,4
ISIC_3420831,4
ISIC_3421141,4
ISIC_3421249,2
ISIC_3421679,1
ISIC_3423704,3
ISIC_3424154,3
ISIC_3424207,3
ISIC_3424437,4
ISIC_3424634,1
ISIC_3424667,4
ISIC_3425388,1
ISIC_3425831,0
ISIC_3425896,4
ISIC_3426413,1
ISIC_3426701,0
ISIC_3426714,2
ISIC_3426857,3
ISIC_3427677,1
ISIC_3427696,1
ISIC_3427713,2
ISIC_3427736,1
ISIC_3427958,4
ISIC_3428317,3
ISIC_3428451,1
ISIC_3428523,4
ISIC_3428559,4
ISIC_3428694,4
ISIC_3428742,1
ISIC_3428894,1
ISIC_3429011,0
ISIC_3429014,2
ISIC_3429278,3
ISIC_3429552,4
ISIC_3429835,1
ISIC_3429860,4
ISIC_3430311,2
ISIC_3430323,4
ISIC_3430447,2
ISIC_3430492,0
ISIC_3430953,2
ISIC_3431020,3
ISIC_3431064,3
ISIC_3431915,4
ISIC_3432130,0
ISIC_3432199,2
ISIC_3432318,1
ISIC_3432650,4
ISIC_3432947,0
ISIC_3433060,2
ISIC_3433352,3
ISIC_3433552,3
ISIC_3433848,0
ISIC_3433871,0
ISIC_3434285,3
ISIC_3434494,2
ISIC_3434670,3
ISIC_3435115,3
ISIC_3435535,2
ISIC_3435596,1
ISIC_3435747,2
ISIC_3436033,0
ISIC_3436139,4
ISIC_3436245,0
ISIC_3436311,2
ISIC_3437036,1
ISIC_3437119,0
ISIC_3437419,1
ISIC_3437734,1
ISIC_3437789,4
ISIC_3437943,1
ISIC_3438779,1
ISIC_3439215,4
ISIC_3440002,4
ISIC_3440004,2
ISIC_3440178,2
ISIC_3440583,2
ISIC_3440693,4
ISIC_3440759,2
ISIC_3440813,0
ISIC_3441161,1
ISIC_3441196,0
ISIC_3441198,0
ISIC_3441543,3
ISIC_3441698,4
ISIC_3441888,1
ISIC_3442177,4
ISIC_3442536,0
ISIC_3442539,0
ISIC_3442691,4
ISIC_3442725,2
ISIC_3443234,4
ISIC_3443898,2
ISIC_3444192,3
ISIC_3444221,2
ISIC_3444680,3
ISIC_3444719,3
ISIC_3444893,1
ISIC_3445100,1
ISIC_3445393,2
ISIC_3445468,3
ISIC_3445801,4
ISIC_3446357,3
ISIC_3446591,0
ISIC_3446849,4
ISIC_3447311,2
ISIC_3447331,4
ISIC_3447765,2
ISIC_3447958,1
ISIC_3448409,2
ISIC_3448546,4
ISIC_3448630,1
ISIC_3449079,4
ISIC_3449290,4
ISIC_3449292,4
ISIC_3449574,0
ISIC_3450029,0
ISIC_3450191,3
ISIC_3450978,0
ISIC_3451676,2
ISIC_3451688,4
ISIC_3452266,4
ISIC_3452564,0
ISIC_3452622,2
ISIC_3453060,1
ISIC_3453763,2
ISIC_3453832,2
ISIC_3454208,1
ISIC_3455136,2
ISIC_3455285,3
ISIC_3455311,0
ISIC_3455331,1
ISIC_3455499,4
ISIC_3455585,1
ISIC_3455595,3
ISIC_3455749,3
ISIC_3455818,3
ISIC_3456094,0
ISIC_3456207,3
ISIC_3456673,1
ISIC_3456960,2
ISIC_3457043,2
ISIC_3457365,1
ISIC_3458173,2
ISIC_3458811,2
ISIC_3459448,0
ISIC_3459452,3
ISIC_3459853,2
ISIC_3459981,0
ISIC_3460083,4
ISIC_3460125,0
ISIC_3460394,4
ISIC_3460537,1
ISIC_3460864,0
ISIC_3461229,3
ISIC_3461423,0
ISIC_3461869,2
ISIC_3463156,3
ISIC_3463384,1
ISIC_3463638,3
ISIC_3464057,3
ISIC_3464226,0
ISIC_3464344,4
ISIC_3465020,0
ISIC_3465385,4
ISIC_3465440,1
ISIC_3465766,2
ISIC_3466041,1
ISIC_3466769,0
ISIC_3466777,2
ISIC_3467447,1
ISIC_3469260,3
ISIC_3469442,1
ISIC_3469923,2
ISIC_3470341,1
ISIC_3470672,1
ISIC_3470824,1
ISIC_3471815,4
ISIC_3472069,2
ISIC_3472455,3
ISIC_3472937,0
ISIC_3474472,1
ISIC_3474609,1
ISIC_3474681,0
ISIC_3475142,1
ISIC_3475660,0
ISIC_3475932,0
ISIC_3476509,0
ISIC_3477219,3
ISIC_3477336,4
ISIC_3477566,1
ISIC_3477896,0
ISIC_3478437,3
ISIC_3478491,0
ISIC_3479903,0
ISIC_3479948,4
ISIC_3480492,2
ISIC_3480565,0
ISIC_3481078,0
ISIC_3481133,4
ISIC_3481318,1
ISIC_3481509,3
ISIC_3481617,4
ISIC_3481687,0
ISIC_3481732,0
ISIC_3481768,4
ISIC_3482153,1
ISIC_3482676,2
ISIC_3482804,0
ISIC_3483000,1
ISIC_3484662,2
ISIC_3484701,0
ISIC_3484722,0
ISIC_3484946,2
ISIC_3484988,0
ISIC_3485069,2
ISIC_3485300,1
ISIC_3485482,4
ISIC_3485557,0
ISIC_3485583,1
ISIC_3485709,1
ISIC_3485981,0
ISIC_3486458,2
ISIC_3486604,0
ISIC_3486658,2
ISIC_3486683,0
ISIC_3487019,2
ISIC_3487151,3
ISIC_3487418,3
ISIC_3487632,4
ISIC_3488268,0
ISIC_3488556,1
ISIC_3488784,4
ISIC_3489630,1
ISIC_3490073,2
ISIC_3490088,0
ISIC_3490323,4
ISIC_3490353,2
ISIC_3490640,4
ISIC_3490992,1
ISIC_3491877,4
ISIC_3492490,0
ISIC_3492670,2
ISIC_3492970,2
ISIC_3493050,0
ISIC_3493166,0
ISIC_3493618,4
ISIC_3493866,0
ISIC_3494219,2
ISIC_3494567,0
ISIC_3494886,1
ISIC_3495113,0
ISIC_3495231,0
ISIC_3495555,2
ISIC_3495799,1
ISIC_3496369,2
ISIC_3496565,3
ISIC_3496689,0
ISIC_3496800,2
ISIC_3496994,3
ISIC_3497346,1
ISIC_3498983,2
ISIC_3499071,0
ISIC_3499223,4
ISIC_3499368,0
ISIC_3499803,0
ISIC_3499886,1
ISIC_3500137,3
ISIC_3500261,0
ISIC_3500673,2
ISIC_3501041,1
ISIC_3501271,1
ISIC_3501997,0
ISIC_3502154,0
ISIC_3502577,3
ISIC_3503213,1
ISIC_3503289,4
ISIC_3503302,0
ISIC_3503895,3
ISIC_3504715,4
ISIC_3505327,0
ISIC_3505339,1
ISIC_3505358,2
ISIC_3505829,0
ISIC_3505915,2
ISIC_3506204,0
ISIC_3506674,1
ISIC_3507198,1
ISIC_3507444,1
ISIC_3507446,3
ISIC_3508192,4
ISIC_3508258,1
ISIC_3508429,3
ISIC_3508550,2
ISIC_3509250,2
ISIC_3509283,0
ISIC_3509838,3
ISIC_3509853,2
ISIC_3509891,2
ISIC_3510004,4
ISIC_3510802,0
ISIC_3510941,0
ISIC_3511320,2
ISIC_3511854,4
ISIC_3512019,2
ISIC_3512935,0
ISIC_3513288,4
ISIC_3513367,1
ISIC_3513899,3
ISIC_3513901,4
ISIC_3514162,0
ISIC_3514891,0
ISIC_3515162,0
ISIC_3515230,0
ISIC_3516857,2
ISIC_3517311,4
ISIC_3517443,0
ISIC_3517816,4
ISIC_3518299,3
ISIC_3518444,4
ISIC_3518899,0
ISIC_3519747,2
ISIC_3519823,3
ISIC_3519939,4
ISIC_3520591,4
ISIC_3520709,3
ISIC_3520750,4
ISIC_3521251,3
ISIC_3521671,3
ISIC_3521736,3
ISIC_3521744,3
ISIC_3522342,4
ISIC_3522522,0
ISIC_3522554,3
ISIC_3522806,3
ISIC_3522874,1
ISIC_3522923,1
ISIC_3523444,3
ISIC_3523476,2
ISIC_3523494,3
ISIC_3524149,0
ISIC_3524193,2
ISIC_3524429,4
ISIC_3524546,2
ISIC_3524881,0
ISIC_3526017,4
ISIC_3526122,3
ISIC_3526268,4
ISIC_3526409,3
ISIC_3526799,4
ISIC_3527113,0
ISIC_3528120,0
ISIC_3528295,1
ISIC_3528444,0
ISIC_3528509,1
ISIC_3528616,0
ISIC_3528845,2
ISIC_3529443,3
ISIC_3529572,4
ISIC_3529778,4
ISIC_3529922,3
ISIC_3530337,0
ISIC_3530422,3
ISIC_3530902,3
ISIC_3531277,2
ISIC_3531360,1
ISIC_3532397,2
ISIC_3533204,0
ISIC_3533618,0
ISIC_3533800,0
ISIC_3534578,4
ISIC_3534633,4
ISIC_3534687,3
ISIC_3534791,3
ISIC_3535007,0
ISIC_3535253,4
ISIC_3535289,1
ISIC_3536231,4
ISIC_3536436,0
ISIC_3536848,4
ISIC_3536858,4
ISIC_3536880,0
ISIC_3537089,4
ISIC_3537191,4
ISIC_3537199,4
ISIC_3537203,1
ISIC_3537571,4
ISIC_3537646,4
ISIC_3537768,3
ISIC_3538402,2
ISIC_3539351,0
ISIC_3539379,3
ISIC_3539896,3
ISIC_3540000,1
ISIC_3540971,1
ISIC_3541193,1
ISIC_3541663,3
ISIC_3542273,3
ISIC_3543244,4
ISIC_3543305,2
ISIC_3544168,4
ISIC_3544821,3
ISIC_3545436,1
ISIC_3545622,2
ISIC_3545972,4
ISIC_3548096,3
ISIC_3548393,1
ISIC_3548408,4
ISIC_3548598,0
ISIC_3548927,0
ISIC_3549225,2
ISIC_3549384,1
ISIC_3549984,3
ISIC_3550288,4
ISIC_3550799,0
ISIC_3550844,2
ISIC_3550939,2
ISIC_3551438,0
ISIC_3551661,1
ISIC_3551685,1
ISIC_3552016,1
ISIC_3552245,1
ISIC_3552318,1
ISIC_3552696,0
ISIC_3552860,1
ISIC_3553089,4
ISIC_3554078,1
ISIC_3554719,3
ISIC_3555654,4
ISIC_3555847,1
ISIC_3556039,4
ISIC_3556174,3
ISIC_3556190,1
ISIC_3556200,3
ISIC_3556260,1
ISIC_3556570,4
ISIC_3556857,1
ISIC_3556980,0
ISIC_3556983,1
ISIC_3557376,4
ISIC_3557706,2
ISIC_3558634,1
ISIC_3558747,2
ISIC_3558953,3
ISIC_3559055,3
ISIC_3559215,2
ISIC_3559222,3
ISIC_3559467,2
ISIC_3559835,3
ISIC_3560466,3
ISIC_3560519,2
ISIC_3560566,2
ISIC_3561065,2
ISIC_3561539,1
ISIC_3561675,2
ISIC_3561821,3
ISIC_3561857,1
ISIC_3561951,2
ISIC_3562294,0
ISIC_3562461,3
ISIC_3562579,2
ISIC_3562660,3
ISIC_3562968,4
ISIC_3563234,1
ISIC_3563466,0
ISIC_3563518,4
ISIC_3563586,4
ISIC_3563951,4
ISIC_3564136,0
ISIC_3564151,1
ISIC_3564263,1
ISIC_3564461,2
ISIC_3564897,0
ISIC_3565508,1
ISIC_3565787,1
ISIC_3566046,4
ISIC_3566243,4
ISIC_3566897,3
ISIC_3566993,2
ISIC_3567352,3
ISIC_3567385,2
ISIC_3567524,2
ISIC_3568064,0
ISIC_3568218,4
ISIC_3568801,4
ISIC_3569794,4
ISIC_3569965,4
ISIC_3570209,3
ISIC_3571523,4
ISIC_3571614,1
ISIC_3571746,4
ISIC_3571989,3
ISIC_3572165,0
ISIC_3572458,2
ISIC_3573323,4
ISIC_3573742,0
ISIC_3573763,0
ISIC_3573969,4
ISIC_3574196,1
ISIC_3574873,4
ISIC_3575305,4
ISIC_3575777,2
ISIC_3575814,1
ISIC_3575862,2
ISIC_3575926,4
ISIC_3576000,1
ISIC_3576066,1
ISIC_3577410,4
ISIC_3577628,2
ISIC_3577733,0
ISIC_3577923,3
ISIC_3578037,3
ISIC_3578186,2
ISIC_3578203,0
ISIC_3578989,1
ISIC_3579044,1
ISIC_3579316,3
ISIC_3579475,0
ISIC_3579477,4
ISIC_3579835,0
ISIC_3579853,1
ISIC_3580597,2
ISIC_3580818,1
ISIC_3580824,3
ISIC_3581227,3
ISIC_3581871,0
ISIC_3582787,0
ISIC_3582969,3
ISIC_3583880,4
ISIC_3584384,1
ISIC_3584411,2
ISIC_3585381,1
ISIC_3585737,2
ISIC_3586262,1
ISIC_3586461,1
ISIC_3586480,4
ISIC_3586611,0
ISIC_3586669,0
ISIC_3586824,2
ISIC_3587179,0
ISIC_3587213,1
ISIC_3587744,2
ISIC_3587945,1
ISIC_3588101,2
ISIC_3588908,1
ISIC_3589310,4
ISIC_3589379,3
ISIC_3590167,2
ISIC_3590482,4
ISIC_3590548,1
ISIC_3590814,1
ISIC_3590997,3
ISIC_3591025,0
ISIC_3591045,1
ISIC_3591332,4
ISIC_3591686,1
ISIC_3591742,4
ISIC_3592022,1
ISIC_3592058,4
ISIC_3592293,0
ISIC_3592584,0
ISIC_3592731,2
ISIC_3592856,4
ISIC_3593114,4
ISIC_3593161,4
ISIC_3593240,2
ISIC_3593382,1
ISIC_3593384,1
ISIC_3593913,4
ISIC_3593988,1
ISIC_3594451,2
ISIC_3594764,2
ISIC_3594774,3
ISIC_3594885,2
ISIC_3595519,3
ISIC_3595825,1
ISIC_3595918,4
ISIC_3596219,0
ISIC_3596336,3
ISIC_3596532,4
ISIC_3596549,3
ISIC_3596877,1
ISIC_3596927,0
ISIC_3597159,0
ISIC_3597277,2
ISIC_3597558,1
ISIC_3597660,0
ISIC_3597812,3
ISIC_3597870,2
ISIC_3598123,4
ISIC_3598244,4
ISIC_3598288,3
ISIC_3598604,2
ISIC_3599125,1
ISIC_3599367,3
ISIC_3599396,0
ISIC_3599489,2
ISIC_3599664,3
ISIC_3599724,1
ISIC_3599908,4
ISIC_3600346,1
ISIC_3600632,0
ISIC_3600799,4
ISIC_3600802,0
ISIC_3601052,3
ISIC_3601224,3
ISIC_3601493,1
ISIC_3601503,4
ISIC_3601680,1
ISIC_3601744,4
ISIC_3602666,1
ISIC_3602706,3
ISIC_3603150,1
ISIC_3603228,1
ISIC_3603704,0
ISIC_3603710,1
ISIC_3603821,1
ISIC_3604100,1
ISIC_3604231,2
ISIC_3604304,2
ISIC_3604681,3
ISIC_3604975,0
ISIC_3604993,0
ISIC_3605140,3
ISIC_3605210,1
ISIC_3605747,1
ISIC_3607155,0
ISIC_3607658,0
ISIC_3608401,4
ISIC_3608488,0
ISIC_3608577,4
ISIC_3608670,3
ISIC_3608714,0
ISIC_3608788,3
ISIC_3609081,3
ISIC_3609265,2
ISIC_3609379,3
ISIC_3609716,4
ISIC_3610285,2
ISIC_3610750,2
ISIC_3610783,4
ISIC_3611014,3
ISIC_3611039,1
ISIC_3611638,3
ISIC_3612211,1
ISIC_3612285,2
ISIC_3612630,1
ISIC_3613012,1
ISIC_3613068,2
ISIC_3613392,4
ISIC_3614121,0
ISIC_3614838,3
ISIC_3615290,3
ISIC_3615391,4
ISIC_3615645,0
ISIC_3616107,3
ISIC_3617159,0
ISIC_3617229,1
ISIC_3617693,4
ISIC_3619052,4
ISIC_3619200,1
ISIC_3619300,2
ISIC_3620204,1
ISIC_3621197,2
ISIC_3621391,4
ISIC_3621887,0
ISIC_3622055,1
ISIC_3622085,4
ISIC_3622464,4
ISIC_3622776,4
ISIC_3622949,4
ISIC_3623368,2
ISIC_3623868,0
ISIC_3624069,1
ISIC_3624318,0
ISIC_3624727,4
ISIC_3624807,1
ISIC_3625016,1
ISIC_3625591,2
ISIC_3626079,0
ISIC_3626693,3
ISIC_3626811,0
ISIC_3627582,0
ISIC_3627732,1
ISIC_3627765,1
ISIC_3628258,1
ISIC_3628451,1
ISIC_3628831,4
ISIC_3628925,3
ISIC_3629278,4
ISIC_3629614,2
ISIC_3630538,4
ISIC_3630605,4
ISIC_3631165,3
ISIC_3632419,0
ISIC_3632547,0
ISIC_3632996,3
ISIC_3633227,1
ISIC_3633306,2
ISIC_3633436,1
ISIC_3633493,3
ISIC_3633707,1
ISIC_3633794,4
ISIC_3634036,2
ISIC_3634704,0
ISIC_3635014,0
ISIC_3635280,0
ISIC_3635300,4
ISIC_3635577,0
ISIC_3635602,0
ISIC_3635644,2
ISIC_3635945,1
ISIC_3635991,3
ISIC_3636011,4
ISIC_3636757,4
ISIC_3637551,2
ISIC_3638162,2
ISIC_3639123,4
ISIC_3639491,3
ISIC_3639503,1
ISIC_3640050,3
ISIC_3640401,2
ISIC_3640580,1
ISIC_3640598,1
ISIC_3640675,2
ISIC_3640690,3
ISIC_3641625,2
ISIC_3641730,3
ISIC_3642011,3
ISIC_3642043,2
ISIC_3642241,1
ISIC_3642399,0
ISIC_3643689,0
ISIC_3643756,1
ISIC_3643861,2
ISIC_3644314,4
ISIC_3644672,3
ISIC_3645139,2
ISIC_3645165,3
ISIC_3645277,0
ISIC_3645653,3
ISIC_3645670,0
ISIC_3645705,0
ISIC_3646425,2
ISIC_3646643,1
ISIC_3646670,1
ISIC_3646802,3
ISIC_3648167,2
ISIC_3648532,4
ISIC_3648961,2
ISIC_3649113,2
ISIC_3649363,4
ISIC_3649632,1
ISIC_3649766,2
ISIC_3650518,2
ISIC_3650533,3
ISIC_3650598,1
ISIC_3650668,0
ISIC_3650938,3
ISIC_3651274,4
ISIC_3651333,2
ISIC_3651451,1
ISIC_3652026,1
ISIC_3652583,4
ISIC_3652847,3
ISIC_3652884,4
ISIC_3653492,2
ISIC_3653733,4
ISIC_3654333,3
ISIC_3654373,1
ISIC_3654454,3
ISIC_3655188,1
ISIC_3655327,1
ISIC_3656013,1
ISIC_3656794,4
ISIC_3657135,4
ISIC_3657182,2
ISIC_3657386,1
ISIC_3657408,1
ISIC_3657663,3
ISIC_3658449,1
ISIC_3658737,0
ISIC_3659528,2
ISIC_3659682,1
ISIC_3659739,1
ISIC_3659906,1
ISIC_3660136,1
ISIC_3661660,3
ISIC_3662337,1
ISIC_3662678,0
ISIC_3663340,3
ISIC_3663513,4
ISIC_3663705,1
ISIC_3664078,1
ISIC_3664380,4
ISIC_3665147,4
ISIC_3665298,1
ISIC_3665432,4
ISIC_3665695,2
ISIC_3665859,1
ISIC_3666094,2
ISIC_3666219,4
ISIC_3666461,2
ISIC_3667487,1
ISIC_3667693,1
ISIC_3667705,4
ISIC_3668276,3
ISIC_3668369,1
ISIC_3668644,1
ISIC_3669053,1
ISIC_3669736,2
ISIC_3669751,3
ISIC_3669954,2
ISIC_3670261,4
ISIC_3670322,1
ISIC_3671169,1
ISIC_3671274,1
ISIC_3671424,0
ISIC_3671637,1
ISIC_3671955,0
ISIC_3671963,0
ISIC_3672291,0
ISIC_3672435,4
ISIC_3673080,0
ISIC_3673090,0
ISIC_3673387,3
ISIC_3673482,3
ISIC_3673517,1
ISIC_3674856,0
ISIC_3675585,3
ISIC_3676029,1
ISIC_3676639,1
ISIC_3676643,2
ISIC_3676905,4
ISIC_3677336,0
ISIC_3677577,0
ISIC_3677742,1
ISIC_3677768,2
ISIC_3677905,1
ISIC_3677945,0
ISIC_3678036,2
ISIC_3678321,1
ISIC_3678586,3
ISIC_3678595,0
ISIC_3678730,1
ISIC_3678791,0
ISIC_3679271,0
ISIC_3679327,4
ISIC_3679789,3
ISIC_3680069,1
ISIC_3680358,2
ISIC_3680503,2
ISIC_3681098,3
ISIC_3682341,2
ISIC_3682700,4
ISIC_3682943,3
ISIC_3683263,4
ISIC_3683402,4
ISIC_3683530,0
ISIC_3684488,2
ISIC_3685448,1
ISIC_3685572,3
ISIC_3685955,3
ISIC_3686179,3
ISIC_3686322,1
ISIC_3686329,4
ISIC_3686620,3
ISIC_3686800,1
ISIC_3686815,1
ISIC_3687166,3
ISIC_3687238,2
ISIC_3687259,1
ISIC_3687263,3
ISIC_3687479,1
ISIC_3687799,3
ISIC_3688362,2
ISIC_3688407,1
ISIC_3688410,0
ISIC_3689266,3
ISIC_3689316,4
ISIC_3689540,0
ISIC_3689759,3
ISIC_3689832,2
ISIC_3689907,2
ISIC_3689984,4
ISIC_3690747,4
ISIC_3690767,2
ISIC_3691126,3
ISIC_3691320,2
ISIC_3691714,4
ISIC_3691925,0
ISIC_3692019,3
ISIC_3692092,1
ISIC_3692217,0
ISIC_3692341,3
ISIC_3692753,1
ISIC_3692776,0
ISIC_3692925,2
ISIC_3692952,1
ISIC_3693018,0
ISIC_3693367,2
ISIC_3693934,0
ISIC_3694194,4
ISIC_3694619,2
ISIC_3694918,4
ISIC_3695190,1
ISIC_3695494,1
ISIC_3695597,4
ISIC_3695635,0
ISIC_3695697,0
ISIC_3696253,4
ISIC_3696488,1
ISIC_3696570,2
ISIC_3696655,3
ISIC_3696726,3
ISIC_3697702,4
ISIC_3698443,4
ISIC_3698568,4
ISIC_3699454,3
ISIC_3699523,4
ISIC_3699927,3
ISIC_3700269,4
ISIC_3700351,3
ISIC_3700360,4
ISIC_3700501,1
ISIC_3700682,1
ISIC_3700928,4
ISIC_3701563,1
ISIC_3701596,2
ISIC_3701887,4
ISIC_3701892,3
ISIC_3702454,1
ISIC_3702457,2
ISIC_3702669,1
ISIC_3702724,0
ISIC_3702777,2
ISIC_3703300,4
ISIC_3703408,1
ISIC_3703438,3
ISIC_3703990,2
ISIC_3704157,4
ISIC_3704492,2
ISIC_3704694,4
ISIC_3704722,0
ISIC_3704790,1
ISIC_3705852,1
ISIC_3706506,1
ISIC_3706743,0
ISIC_3706973,2
ISIC_3707035,2
ISIC_3707185,4
ISIC_3707360,3
ISIC_3707449,0
ISIC_3707770,3
ISIC_3708400,0
ISIC_3708522,3
ISIC_3708739,4
ISIC_3709724,3
ISIC_3709850,1
ISIC_3710376,0
ISIC_3710757,0
ISIC_3711327,2
ISIC_3711932,3
ISIC_3712006,4
ISIC_3712092,4
ISIC_3712234,2
ISIC_3712266,2
ISIC_3713085,4
ISIC_3713293,1
ISIC_3714946,0
ISIC_3715194,0
ISIC_3715736,2
ISIC_3716147,4
ISIC_3716384,0
ISIC_3716504,4
ISIC_3716686,4
ISIC_3717102,2
ISIC_3717183,0
ISIC_3717769,1
ISIC_3717977,3
ISIC_3717983,3
ISIC_3718021,0
ISIC_3718027,2
ISIC_3718422,1
ISIC_3718717,0
ISIC_3720096,1
ISIC_3720117,4
ISIC_3720748,0
ISIC_3721121,3
ISIC_3721142,3
ISIC_3721357,2
ISIC_3721503,0
ISIC_3721600,1
ISIC_3721718,3
ISIC_3722195,2
ISIC_3722411,3
ISIC_3722850,4
ISIC_3723065,0
ISIC_3724089,4
ISIC_3724400,2
ISIC_3724491,3
ISIC_3725269,0
ISIC_3725295,3
ISIC_3726005,2
ISIC_3726355,4
ISIC_3726512,4
ISIC_3726680,3
ISIC_3727005,0
ISIC_3727059,1
ISIC_3727292,0
ISIC_3727856,4
ISIC_3727980,0
ISIC_3728170,2
ISIC_3728352,1
ISIC_3728659,4
ISIC_3729025,0
ISIC_3729235,1
ISIC_3729498,1
ISIC_3729538,0
ISIC_3729615,4
ISIC_3729749,3
ISIC_3729849,3
ISIC_3730172,1
ISIC_3730238,1
ISIC_3730327,2
ISIC_3730507,3
ISIC_3730553,1
ISIC_3730701,3
ISIC_3730764,3
ISIC_3730940,0
ISIC_3731040,3
ISIC_3731815,0
ISIC_3732244,3
ISIC_3732460,4
ISIC_3733112,0
ISIC_3733131,0
ISIC_3733653,4
ISIC_3734292,4
ISIC_3734497,1
ISIC_3734674,4
ISIC_3734724,4
ISIC_3734766,1
ISIC_3734889,4
ISIC_3734966,0
ISIC_3735143,4
ISIC_3735337,3
ISIC_3735572,2
ISIC_3735824,4
ISIC_3736075,2
ISIC_3736740,2
ISIC_3736869,1
ISIC_3737470,2
ISIC_3737487,2
ISIC_3737739,0
ISIC_3737866,3
ISIC_3738157,1
ISIC_3738290,4
ISIC_3738581,4
ISIC_3738751,1
ISIC_3739214,0
ISIC_3740201,3
ISIC_3740223,3
ISIC_3740449,4
ISIC_3740648,4
ISIC_3740783,0
ISIC_3740798,1
ISIC_3741760,2
ISIC_3742028,1
ISIC_3742431,1
ISIC_3742470,0
ISIC_3742633,3
ISIC_3742793,4
ISIC_3743104,2
ISIC_3743283,1
ISIC_3743409,3
ISIC_3743440,0
ISIC_3743446,4
ISIC_3743556,0
ISIC_3744115,4
ISIC_3744503,0
ISIC_3744605,2
ISIC_3744610,0
ISIC_3744835,1
ISIC_3744940,0
ISIC_3745259,1
ISIC_3745639,2
ISIC_3745711,3
ISIC_3745724,2
ISIC_3746410,1
ISIC_3746471,0
ISIC_3746498,4
ISIC_3746922,2
ISIC_3747477,3
ISIC_3747575,0
ISIC_3747979,2
ISIC_3748055,2
ISIC_3748096,1
ISIC_3749028,4
ISIC_3749320,3
ISIC_3749953,4
ISIC_3750094,2
ISIC_3751001,0
ISIC_3751172,4
ISIC_3752588,0
ISIC_3753052,0
ISIC_3753216,1
ISIC_3754247,1
ISIC_3754362,1
ISIC_3754446,0
ISIC_3754466,1
ISIC_3756374,3
ISIC_3756823,2
ISIC_3756843,2
ISIC_3757400,2
ISIC_3757407,0
ISIC_3757997,4
ISIC_3758464,0
ISIC_3758567,3
ISIC_3759419,2
ISIC_3760018,1
ISIC_3760025,4
ISIC_3760096,0
ISIC_3760098,4
ISIC_3760156,3
ISIC_3760791,3
ISIC_3760796,4
ISIC_3761071,2
ISIC_3761253,2
ISIC_3761634,0
ISIC_3761843,4
ISIC_3762459,3
ISIC_3762554,1
ISIC_3762853,3
ISIC_3763008,1
ISIC_3763248,4
ISIC_3763775,0
ISIC_3763799,3
ISIC_3764112,4
ISIC_3764173,4
ISIC_3765394,3
ISIC_3766022,0
ISIC_3766196,4
ISIC_3766341,3
ISIC_3766399,1
ISIC_3766406,4
ISIC_3766837,0
ISIC_3766980,0
ISIC_3766998,3
ISIC_3767325,4
ISIC_3768074,0
ISIC_3768097,1
ISIC_3768397,0
ISIC_3768701,0
ISIC_3768748,0
ISIC_3768804,1
ISIC_3768806,2
ISIC_3768930,1
ISIC_3769071,1
ISIC_3769211,3
ISIC_3769282,0
ISIC_3769457,1
ISIC_3769485,0
ISIC_3770380,1
ISIC_3770926,0
ISIC_3771332,4
ISIC_3771814,2
ISIC_3772651,0
ISIC_3772694,3
ISIC_3772774,1
ISIC_3772941,0
ISIC_3773025,2
ISIC_3773860,0
ISIC_3774190,1
ISIC_3775249,2
ISIC_3775365,4
ISIC_3775417,2
ISIC_3776131,1
ISIC_3777026,0
ISIC_3777337,3
ISIC_3777798,0
ISIC_3777842,4
ISIC_3778192,2
ISIC_3779014,2
ISIC_3779051,0
ISIC_3779093,1
ISIC_3779349,0
ISIC_3779424,1
ISIC_3779532,1
ISIC_3780205,4
ISIC_3780427,1
ISIC_3780571,4
ISIC_3781062,2
ISIC_3781287,4
ISIC_3782057,3
ISIC_3782142,1
ISIC_3782359,4
ISIC_3782372,4
ISIC_3782451,1
ISIC_3782874,2
ISIC_3782992,1
ISIC_3783114,2
ISIC_3783241,2
ISIC_3783427,1
ISIC_3783898,1
ISIC_3784228,4
ISIC_3784812,3
ISIC_3784838,3
ISIC_3785080,3
ISIC_3785665,4
ISIC_3785874,2
ISIC_3786075,1
ISIC_3786438,0
ISIC_3787339,2
ISIC_3787504,2
ISIC_3787558,4
ISIC_3787994,4
ISIC_3788187,1
ISIC_3788678,4
ISIC_3788766,3
ISIC_3788873,1
ISIC_3789239,1
ISIC_3789344,4
ISIC_3789405,0
ISIC_3789653,1
ISIC_3789929,2
ISIC_3790425,4
ISIC_3790692,0
ISIC_3791228,0
ISIC_3791309,4
ISIC_3791435,4
ISIC_3792196,4
ISIC_3792450,2
ISIC_3793261,0
ISIC_3793709,4
ISIC_3793957,1
ISIC_3794186,0
ISIC_3795397,4
ISIC_3796594,1
ISIC_3797073,1
ISIC_3797095,0
ISIC_3797428,3
ISIC_3797573,1
ISIC_3797677,3
ISIC_3799267,4
ISIC_3799343,2
ISIC_3799559,3
ISIC_3799847,4
ISIC_3800077,4
ISIC_3800373,0
ISIC_3800435,0
ISIC_3800438,4
ISIC_3800470,0
ISIC_3800541,4
ISIC_3800941,4
ISIC_3800974,0
ISIC_3801027,0
ISIC_3801932,3
ISIC_3801938,4
ISIC_3802134,0
ISIC_3802785,1
ISIC_3802812,4
ISIC_3803947,4
ISIC_3804448,1
ISIC_3804607,0
ISIC_3804675,1
ISIC_3804784,0
ISIC_3804858,0
ISIC_3805025,1
ISIC_3805310,0
ISIC_3805329,0
ISIC_3806200,0
ISIC_3806211,4
ISIC_3806226,2
ISIC_3806554,0
ISIC_3807176,1
ISIC_3807708,3
ISIC_3807884,3
ISIC_3808007,3
ISIC_3808070,0
ISIC_3808474,2
ISIC_3809013,3
ISIC_3809051,1
ISIC_3809396,1
ISIC_3809612,2
ISIC_3809762,3
ISIC_3809907,4
ISIC_3809998,1
ISIC_3810274,0
ISIC_3810324,3
ISIC_3810565,0
ISIC_3811819,4
ISIC_3812096,4
ISIC_3812244,0
ISIC_3812485,4
ISIC_3812493,3
ISIC_3812608,0
ISIC_3812918,2
ISIC_3814420,0
ISIC_3814474,3
ISIC_3814807,4
ISIC_3816122,2
ISIC_3816357,3
ISIC_3816402,1
ISIC_3816423,3
ISIC_3816570,1
ISIC_3816833,2
ISIC_3817292,0
ISIC_3817719,1
ISIC_3818234,3
ISIC_3819015,0
ISIC_3819282,4
ISIC_3819893,3
ISIC_3820232,4
ISIC_3820533,2
ISIC_3820602,4
ISIC_3820669,2
ISIC_3821027,3
ISIC_3821207,0
ISIC_3821242,1
ISIC_3821630,0
ISIC_3822667,4
ISIC_3822815,4
ISIC_3822864,0
ISIC_3823241,4
ISIC_3823732,2
ISIC_3823972,1
ISIC_3824050,0
ISIC_3824206,3
ISIC_3824766,3
ISIC_3825641,4
ISIC_3825739,1
ISIC_3825762,2
ISIC_3826001,1
ISIC_3826102,3
ISIC_3826602,2
ISIC_3826872,3
ISIC_3828321,0
ISIC_3828346,1
ISIC_3828455,1
ISIC_3828561,4
ISIC_3829240,2
ISIC_3829609,2
ISIC_3830208,0
ISIC_3830701,0
ISIC_3831535,2
ISIC_3831858,3
ISIC_3832012,4
ISIC_3832193,2
ISIC_3832239,2
ISIC_3832316,1
ISIC_3832462,0
ISIC_3832668,2
ISIC_3832876,0
ISIC_3832885,3
ISIC_3833013,1
ISIC_3833253,3
ISIC_3833310,2
ISIC_3833467,1
ISIC_3833622,0
ISIC_3834379,3
ISIC_3834800,0
ISIC_3835100,4
ISIC_3835276,0
ISIC_3835588,0
ISIC_3836023,4
ISIC_3836174,3
ISIC_3836364,2
ISIC_3836576,1
ISIC_3837132,1
ISIC_3837385,0
ISIC_3837423,2
ISIC_3837741,0
ISIC_3838110,0
ISIC_3838178,3
ISIC_3838310,4
ISIC_3838396,1
ISIC_3838637,0
ISIC_3840053,4
ISIC_3840133,1
ISIC_3841073,1
ISIC_3841930,2
ISIC_3843549,0
ISIC_3843634,1
ISIC_3844080,2
ISIC_3844151,3
ISIC_3844404,3
ISIC_3844439,4
ISIC_3844484,0
ISIC_3844839,4
ISIC_3844983,4
ISIC_3845253,3
ISIC_3845958,0
ISIC_3846236,2
ISIC_3846648,1
ISIC_3846717,0
ISIC_3846727,1
ISIC_3848067,0
ISIC_3848094,0
ISIC_3848155,1
ISIC_3848194,3
ISIC_3848491,0
ISIC_3848572,4
ISIC_3848670,4
ISIC_3849204,0
ISIC_3849316,1
ISIC_3849358,2
ISIC_3849619,1
ISIC_3849684,4
ISIC_3850258,2
ISIC_3850315,2
ISIC_3850432,3
ISIC_3851373,2
ISIC_3851607,2
ISIC_3852276,1
ISIC_3852791,0
ISIC_3852802,3
ISIC_3852855,4
ISIC_3854190,4
ISIC_3854244,1
ISIC_3854989,1
ISIC_3856233,3
ISIC_3856289,1
ISIC_3856659,1
ISIC_3856662,4
ISIC_3856926,0
ISIC_3857463,0
ISIC_3858113,3
ISIC_3858181,4
ISIC_3858243,4
ISIC_3858314,0
ISIC_3858405,3
ISIC_3858798,4
ISIC_3859068,1
ISIC_3859689,4
ISIC_3860032,1
ISIC_3860404,4
ISIC_3861214,2
ISIC_3861343,1
ISIC_3862621,0
ISIC_3862917,4
ISIC_3863276,2
ISIC_3863508,0
ISIC_3863610,2
ISIC_3863648,1
ISIC_3863802,2
ISIC_3864414,1
ISIC_3864739,0
ISIC_3864842,0
ISIC_3865503,2
ISIC_3865808,2
ISIC_3865993,3
ISIC_3866054,2
ISIC_3866081,4
ISIC_3866641,4
ISIC_3866946,4
ISIC_3867079,4
ISIC_3867665,3
ISIC_3867863,1
ISIC_3868370,3
ISIC_3868656,4
ISIC_3868662,1
ISIC_3868858,4
ISIC_3869533,2
ISIC_3869717,0
ISIC_3869931,2
ISIC_3870420,1
ISIC_3870647,1
ISIC_3870671,2
ISIC_3871153,0
ISIC_3871175,2
ISIC_3871230,0
ISIC_3871414,0
ISIC_3871468,4
ISIC_3872019,0
ISIC_3872560,1
ISIC_3873263,3
ISIC_3873580,0
ISIC_3873641,4
ISIC_3873924,0
ISIC_3874043,2
ISIC_3874619,3
ISIC_3875267,1
ISIC_3875566,2
ISIC_3875612,0
ISIC_3875647,0
ISIC_3875681,3
ISIC_3876274,1
ISIC_3876629,3
ISIC_3877413,1
ISIC_3877427,0
ISIC_3877643,1
ISIC_3877727,1
ISIC_3877974,3
ISIC_3877981,4
ISIC_3878174,1
ISIC_3878178,3
ISIC_3878213,3
ISIC_3879233,3
ISIC_3879564,0
ISIC_3880028,3
ISIC_3880316,2
ISIC_3880324,3
ISIC_3880459,2
ISIC_3880938,4
ISIC_3881573,3
ISIC_3881897,1
ISIC_3882159,1
ISIC_3882247,4
ISIC_3882251,0
ISIC_3882359,2
ISIC_3882374,3
ISIC_3882400,3
ISIC_3882551,0
ISIC_3882831,1
ISIC_3882949,2
ISIC_3883100,2
ISIC_3883314,2
ISIC_3883654,3
ISIC_3884221,4
ISIC_3884285,4
ISIC_3884368,4
ISIC_3884719,4
ISIC_3885041,4
ISIC_3885808,2
ISIC_3886001,0
ISIC_3886458,2
ISIC_3886701,4
ISIC_3887465,3
ISIC_3887638,1
ISIC_3888054,3
ISIC_3888070,3
ISIC_3888550,0
ISIC_3888650,3
ISIC_3888713,3
ISIC_3889380,4
ISIC_3889469,2
ISIC_3889479,2
ISIC_3889671,0
ISIC_3890800,4
ISIC_3890835,1
ISIC_3891437,4
ISIC_3892055,1
ISIC_3892185,1
ISIC_3892947,4
ISIC_3893164,4
ISIC_3893354,0
ISIC_3893600,2
ISIC_3893659,1
ISIC_3894209,2
ISIC_3894224,2
ISIC_3894289,2
ISIC_3895185,4
ISIC_3895772,0
ISIC_3895939,3
ISIC_3896070,2
ISIC_3896648,1
ISIC_3896737,3
ISIC_3897881,4
ISIC_3898513,3
ISIC_3898738,4
ISIC_3899034,2
ISIC_3899323,1
ISIC_3900049,2
ISIC_3900239,3
ISIC_3900327,1
ISIC_3900490,2
ISIC_3900903,0
ISIC_3901255,1
ISIC_3901421,1
ISIC_3901747,0
ISIC_3902496,1
ISIC_3902901,3
ISIC_3902917,0
ISIC_3902956,4
ISIC_3903748,0
ISIC_3904628,4
ISIC_3904828,0
ISIC_3905313,4
ISIC_3905662,4
ISIC_3906195,3
ISIC_3906303,2
ISIC_3907656,1
ISIC_3907800,4
ISIC_3907900,3
ISIC_3908638,4
ISIC_3908910,4
ISIC_3908914,4
ISIC_3908965,0
ISIC_3909039,4
ISIC_3909259,3
ISIC_3909443,0
ISIC_3909498,2
ISIC_3909834,1
ISIC_3910037,3
ISIC_3910238,3
ISIC_3910723,3
ISIC_3911357,0
ISIC_3911850,1
ISIC_3911901,0
ISIC_3912838,0
ISIC_3912988,0
ISIC_3913169,4
ISIC_3913441,3
ISIC_3913545,0
ISIC_3913561,0
ISIC_3913709,1
ISIC_3914140,4
ISIC_3914463,0
ISIC_3914517,0
ISIC_3914743,1
ISIC_3915226,1
ISIC_3915289,2
ISIC_3915890,1
ISIC_3916064,3
ISIC_3916565,3
ISIC_3916595,0
ISIC_3916762,1
ISIC_3916830,1
ISIC_3917053,0
ISIC_3917284,2
ISIC_3917306,0
ISIC_3917492,2
ISIC_3917593,4
ISIC_3917739,4
ISIC_3918134,3
ISIC_3918318,2
ISIC_3918485,2
ISIC_3918592,0
ISIC_3919496,4
ISIC_3919589,4
ISIC_3919752,1
ISIC_3919794,0
ISIC_3919941,3
ISIC_3920274,3
ISIC_3920298,0
ISIC_3920299,3
ISIC_3920542,2
ISIC_3920809,4
ISIC_3921769,2
ISIC_3922238,3
ISIC_3922580,3
ISIC_3922602,1
ISIC_3923443,0
ISIC_3923491,4
ISIC_3923705,3
ISIC_3923764,0
ISIC_3924508,3
ISIC_3924772,1
ISIC_3924904,4
ISIC_3925125,4
ISIC_3925208,4
ISIC_3925423,1
ISIC_3926019,1
ISIC_3926261,2
ISIC_3926305,3
ISIC_3926397,2
ISIC_3926929,3
ISIC_3926972,1
ISIC_3927960,3
ISIC_3927991,0
ISIC_3928447,3
ISIC_3928747,1
ISIC_3928910,1
ISIC_3929045,0
ISIC_3930633,4
ISIC_3931132,1
ISIC_3931484,2
ISIC_3932172,1
ISIC_3932232,1
ISIC_3932879,2
ISIC_3932935,0
ISIC_3933364,0
ISIC_3933504,4
ISIC_3933658,1
ISIC_3933828,1
ISIC_3934537,2
ISIC_3934610,0
ISIC_3934613,2
ISIC_3935308,2
ISIC_3935406,2
ISIC_3935802,1
ISIC_3936041,3
ISIC_3936146,3
ISIC_3936214,1
ISIC_3936223,1
ISIC_3936413,3
ISIC_3936830,0
ISIC_3937097,4
ISIC_3937539,1
ISIC_3938204,3
ISIC_3938438,4
ISIC_3939018,2
ISIC_3939383,1
ISIC_3939657,0
ISIC_3939790,2
ISIC_3939820,3
ISIC_3939977,4
ISIC_3940809,3
ISIC_3941123,0
ISIC_3941147,3
ISIC_3941214,3
ISIC_3941554,2
ISIC_3942075,1
ISIC_3942426,4
ISIC_3942947,2
ISIC_3943097,4
ISIC_3943127,1
ISIC_3943136,4
ISIC_3943208,0
ISIC_3943394,1
ISIC_3943822,3
ISIC_3944634,3
ISIC_3945116,3
ISIC_3945469,2
ISIC_3945529,1
ISIC_3945730,0
ISIC_3945766,0
ISIC_3945825,1
ISIC_3945916,0
ISIC_3945984,3
ISIC_3946019,0
ISIC_3946319,2
ISIC_3946914,2
ISIC_3947143,3
ISIC_3947698,0
ISIC_3947876,2
ISIC_3948041,4
ISIC_3948221,0
ISIC_3948344,4
ISIC_3948560,1
ISIC_3948588,3
ISIC_3948754,0
ISIC_3948906,0
ISIC_3950408,2
ISIC_3950474,2
ISIC_3950753,0
ISIC_3950759,4
ISIC_3951020,1
ISIC_3951028,0
ISIC_3951677,1
ISIC_3951907,3
ISIC_3951960,3
ISIC_3952030,3
ISIC_3952070,3
ISIC_3952513,0
ISIC_3952660,3
ISIC_3952694,2
ISIC_3952709,1
ISIC_3953857,2
ISIC_3953975,4
ISIC_3954292,2
ISIC_3955302,1
ISIC_3955379,3
ISIC_3955539,4
ISIC_3956051,1
ISIC_3956335,2
ISIC_3956570,4
ISIC_3956750,4
ISIC_3956848,4
ISIC_3956937,0
ISIC_3957034,0
ISIC_3957077,0
ISIC_3957270,2
ISIC_3957475,4
ISIC_3957830,2
ISIC_3958111,2
ISIC_3959262,2
ISIC_3959570,2
ISIC_3959888,4
ISIC_3959941,2
ISIC_3960794,2
ISIC_3961101,2
ISIC_3961380,2
ISIC_3961647,1
ISIC_3962145,3
ISIC_3962218,0
ISIC_3962359,4
ISIC_3963183,3
ISIC_3964321,0
ISIC_3964401,3
ISIC_3964454,4
ISIC_3964848,4
ISIC_3965087,4
ISIC_3965820,3
ISIC_3965860,4
ISIC_3965872,2
ISIC_3966064,0
ISIC_3966519,2
ISIC_3966717,4
ISIC_3966761,0
ISIC_3967213,0
ISIC_3967953,3
ISIC_3968367,1
ISIC_3969181,2
ISIC_3969232,1
ISIC_3969411,2
ISIC_3969867,3
ISIC_3970105,4
ISIC_3970620,4
ISIC_3971018,1
ISIC_3971174,1
ISIC_3971444,2
ISIC_3971571,1
ISIC_3971616,1
ISIC_3971625,2
ISIC_3971712,0
ISIC_3971830,1
ISIC_3971920,2
ISIC_3972165,1
ISIC_3972249,1
ISIC_3972569,0
ISIC_3973365,0
ISIC_3973431,4
ISIC_3974064,1
ISIC_3974981,2
ISIC_3975133,2
ISIC_3975143,3
ISIC_3975294,3
ISIC_3975427,2
ISIC_3975607,0
ISIC_3975660,2
ISIC_3975743,1
ISIC_3975828,4
ISIC_3976255,3
ISIC_3976463,2
ISIC_3976496,0
ISIC_3976718,0
ISIC_3977393,3
ISIC_3978040,1
ISIC_3978280,4
ISIC_3978469,3
ISIC_3978646,1
ISIC_3978732,3
ISIC_3979054,2
ISIC_3979225,1
ISIC_3979323,2
ISIC_3979826,2
ISIC_3980006,2
ISIC_3980332,1
ISIC_3980606,4
ISIC_3981101,4
ISIC_3981425,3
ISIC_3981621,2
ISIC_3981826,2
ISIC_3981900,0
ISIC_3982377,3
ISIC_3982470,2
ISIC_3982913,0
ISIC_3984090,2
ISIC_3984167,1
ISIC_3984393,1
ISIC_3984965,1
ISIC_3985031,2
ISIC_3985104,1
ISIC_3985110,2
ISIC_3985273,0
ISIC_3985494,3
ISIC_3985675,1
ISIC_3985782,3
ISIC_3985810,3
ISIC_3985979,1
ISIC_3986532,1
ISIC_3986853,3
ISIC_3987159,4
ISIC_3988396,4
ISIC_3989526,3
ISIC_3989566,0
ISIC_3990032,3
ISIC_3990092,1
ISIC_3990124,4
ISIC_3990263,0
ISIC_3990546,4
ISIC_3991186,1
ISIC_3991395,3
ISIC_3991670,1
ISIC_3991842,1
ISIC_3992028,3
ISIC_3992201,0
ISIC_3992223,0
ISIC_3992996,4
ISIC_3993510,3
ISIC_3993801,1
ISIC_3993924,3
ISIC_3994250,0
ISIC_3994631,1
ISIC_3994656,3
ISIC_3994739,0
ISIC_3995579,1
ISIC_3995597,0
ISIC_3995777,0
ISIC_3996056,2
ISIC_3996106,3
ISIC_3996636,0
ISIC_3996640,2
ISIC_3996796,2
ISIC_3996990,2
ISIC_3997033,1
ISIC_3997171,1
ISIC_3997293,2
ISIC_3997331,4
ISIC_3998117,3
ISIC_3998204,3
ISIC_3998306,4
ISIC_3998579,4
ISIC_3998756,4
ISIC_3999125,4
ISIC_3999217,4
ISIC_3999608,0
ISIC_3999614,0
ISIC_3999633,0
ISIC_3999961,3
ISIC_4000087,0
ISIC_4000481,3
ISIC_4000690,4
ISIC_4001269,3
ISIC_4001815,4
ISIC_4001827,3
ISIC_4001846,3
ISIC_4001990,2
ISIC_4002850,3
ISIC_4003722,3
ISIC_4003854,3
ISIC_4003877,1
ISIC_4003988,4
ISIC_4004088,2
ISIC_4004269,3
ISIC_4004283,3
ISIC_4004775,4
ISIC_4005585,2
ISIC_4005830,1
ISIC_4006060,3
ISIC_4006569,4
ISIC_4006606,3
ISIC_4006630,3
ISIC_4006967,3
ISIC_4007215,2
ISIC_4007322,3
ISIC_4007911,1
ISIC_4007918,1
ISIC_4008601,0
ISIC_4009405,2
ISIC_4009855,1
ISIC_4009870,0
ISIC_4011169,2
ISIC_4011902,2
ISIC_4012047,0
ISIC_4012074,4
ISIC_4012163,2
ISIC_4012291,2
ISIC_4013189,2
ISIC_4013513,4
ISIC_4013525,2
ISIC_4013692,1
ISIC_4014307,4
ISIC_4014899,0
ISIC_4014943,2
ISIC_4015023,2
ISIC_4015288,0
ISIC_4015349,3
ISIC_4015361,3
ISIC_4015508,0
ISIC_4015764,2
ISIC_4016654,0
ISIC_4016721,1
ISIC_4016784,4
ISIC_4016837,3
ISIC_4016929,0
ISIC_4017654,4
ISIC_4017765,0
ISIC_4018473,2
ISIC_4018524,0
ISIC_4018813,4
ISIC_4018952,2
ISIC_4019724,3
ISIC_4020689,2
ISIC_4021456,3
ISIC_4021645,2
ISIC_4022621,3
ISIC_4022642,0
ISIC_4022788,4
ISIC_4022802,1
ISIC_4023333,3
ISIC_4023381,1
ISIC_4023618,3
ISIC_4023645,0
ISIC_4023794,1
ISIC_4024062,4
ISIC_4024141,0
ISIC_4024269,0
ISIC_4024333,0
ISIC_4024380,2
ISIC_4024481,2
ISIC_4024691,3
ISIC_4024692,2
ISIC_4024808,3
ISIC_4024877,3
ISIC_4025001,3
ISIC_4025576,3
ISIC_4025800,2
ISIC_4025918,1
ISIC_4026019,1
ISIC_4026093,2
ISIC_4026540,4
ISIC_4026569,2
ISIC_4026806,3
ISIC_4026808,4
ISIC_4026943,4
ISIC_4026996,4
ISIC_4027455,4
ISIC_4027717,4
ISIC_4027816,2
ISIC_4028402,1
ISIC_4029055,3
ISIC_4030363,4
ISIC_4030935,0
ISIC_4030996,2
ISIC_4031143,1
ISIC_4031777,1
ISIC_4032170,3
ISIC_4032288,0
ISIC_4032630,0
ISIC_4032636,0
ISIC_4032638,2
ISIC_4032788,2
ISIC_4033292,3
ISIC_4033321,0
ISIC_4033523,4
ISIC_4033676,2
ISIC_4033750,2
ISIC_4034244,4
ISIC_4034644,3
ISIC_4034806,3
ISIC_4035030,3
ISIC_4035599,4
ISIC_4036507,2
ISIC_4036600,0
ISIC_4036621,0
ISIC_4036915,4
ISIC_4037228,2
ISIC_4037959,3
ISIC_4038618,2
ISIC_4038638,2
ISIC_4038942,0
ISIC_4039290,1
ISIC_4041169,2
ISIC_4041324,0
ISIC_4041555,1
ISIC_4041793,2
ISIC_4042007,0
ISIC_4042405,2
ISIC_4042490,0
ISIC_4042619,4
ISIC_4042947,0
ISIC_4043423,4
ISIC_4043580,1
ISIC_4043589,3
ISIC_4044272,1
ISIC_4044751,2
ISIC_4045231,4
ISIC_4045248,2
ISIC_4045323,4
ISIC_4045781,4
ISIC_4046045,2
ISIC_4046055,2
ISIC_4046640,3
ISIC_4047707,0
ISIC_4047927,0
ISIC_4048449,0
ISIC_4048509,4
ISIC_4049598,2
ISIC_4049855,0
ISIC_4050422,3
ISIC_4050462,2
ISIC_4051128,3
ISIC_4052175,1
ISIC_4052586,3
ISIC_4052597,3
ISIC_4052650,3
ISIC_4052659,2
ISIC_4052701,4
ISIC_4052885,2
ISIC_4053220,2
ISIC_4053989,1
ISIC_4054189,1
ISIC_4054195,0
ISIC_4054745,4
ISIC_4055288,2
ISIC_4055361,4
ISIC_4055745,1
ISIC_4055833,0
ISIC_4056017,2
ISIC_4056158,3
ISIC_4056176,2
ISIC_4056442,3
ISIC_4056548,0
ISIC_4056708,3
ISIC_4057136,2
ISIC_4057236,0
ISIC_4057256,3
ISIC_4057501,4
ISIC_4057634,0
ISIC_4057921,0
ISIC_4058098,4
ISIC_4058149,3
ISIC_4059146,0
ISIC_4059545,4
ISIC_4059746,1
ISIC_4060016,4
ISIC_4060049,4
ISIC_4060769,2
ISIC_4061315,3
ISIC_4061316,3
ISIC_4062017,0
ISIC_4062047,2
ISIC_4062090,4
ISIC_4062586,2
ISIC_4063097,0
ISIC_4063200,1
ISIC_4063325,0
ISIC_4063390,1
ISIC_4063720,4
ISIC_4064041,3
ISIC_4064330,0
ISIC_4064438,4
ISIC_4064779,3
ISIC_4064883,2
ISIC_4064936,1
ISIC_4065034,2
ISIC_4065712,0
ISIC_4065779,1
ISIC_4066013,2
ISIC_4066094,0
ISIC_4066314,3
ISIC_4066707,0
ISIC_4066726,4
ISIC_4067024,4
ISIC_4067241,0
ISIC_4067686,2
ISIC_4067693,3
ISIC_4067727,3
ISIC_4067791,4
ISIC_4067867,4
ISIC_4068301,2
ISIC_4068331,2
ISIC_4068365,4
ISIC_4068608,2
ISIC_4068636,0
ISIC_4068690,0
ISIC_4068824,2
ISIC_4069145,3
ISIC_4069279,3
ISIC_4069483,1
ISIC_4069633,2
ISIC_4069690,3
ISIC_4069836,4
ISIC_4070687,4
ISIC_4071091,4
ISIC_4071099,3
ISIC_4071202,4
ISIC_4071342,1
ISIC_4071351,4
ISIC_4071825,4
ISIC_4072053,3
ISIC_4072073,0
ISIC_4072221,3
ISIC_4072610,0
ISIC_4072730,1
ISIC_4072747,2
ISIC_4072976,3
ISIC_4073074,4
ISIC_4073281,0
ISIC_4073425,4
ISIC_4074094,0
ISIC_4074472,4
ISIC_4074537,4
ISIC_4075148,4
ISIC_4075315,2
ISIC_4075338,4
ISIC_4075547,3
ISIC_4075583,1
ISIC_4075697,1
ISIC_4075797,3
ISIC_4076162,3
ISIC_4076753,2
ISIC_4077252,1
ISIC_4077341,4
ISIC_4077664,4
ISIC_4077768,3
ISIC_4077798,2
ISIC_4078966,0
ISIC_4079108,2
ISIC_4079345,3
ISIC_4080292,2
ISIC_4080784,0
ISIC_4081632,0
ISIC_4082303,1
ISIC_4082318,4
ISIC_4082515,2
ISIC_4083200,4
ISIC_4083225,4
ISIC_4083434,3
ISIC_4083460,2
ISIC_4083947,1
ISIC_4084359,1
ISIC_4084431,1
ISIC_4084523,1
ISIC_4084878,4
ISIC_4085041,2
ISIC_4085198,4
ISIC_4085552,0
ISIC_4085644,2
ISIC_4086048,0
ISIC_4086312,2
ISIC_4086323,4
ISIC_4086375,0
ISIC_4086529,3
ISIC_4086726,3
ISIC_4087028,0
ISIC_4087267,1
ISIC_4087753,3
ISIC_4087851,3
ISIC_4088252,4
ISIC_4088344,1
ISIC_4088444,0
ISIC_4088630,3
ISIC_4088647,3
ISIC_4089243,3
ISIC_4089379,3
ISIC_4090161,0
ISIC_4090494,1
ISIC_4090714,2
ISIC_4090811,2
ISIC_4090965,3
ISIC_4091066,0
ISIC_4091290,4
ISIC_4091981,0
ISIC_4092249,4
ISIC_4092294,3
ISIC_4092478,2
ISIC_4092711,0
ISIC_4093484,4
ISIC_4094763,1
ISIC_4094771,1
ISIC_4094907,3
ISIC_4094925,4
ISIC_4095559,2
ISIC_4095882,2
ISIC_4096200,4
ISIC_4096292,2
ISIC_4096361,3
ISIC_4096462,3
ISIC_4096832,3
ISIC_4097143,2
ISIC_4097632,0
ISIC_4098233,2
ISIC_4098925,4
ISIC_4099058,3
ISIC_4099287,2
ISIC_4099428,4
ISIC_4099750,4
ISIC_4099950,2
ISIC_4100400,3
ISIC_4100532,0
ISIC_4100695,2
ISIC_4100970,0
ISIC_4101237,1
ISIC_4101415,3
ISIC_4101596,3
ISIC_4102250,1
ISIC_4102316,4
ISIC_4102774,1
ISIC_4102922,1
ISIC_4102979,2
ISIC_4103653,0
ISIC_4103984,4
ISIC_4104378,1
ISIC_4104442,1
ISIC_4104650,3
ISIC_4105234,2
ISIC_4106632,1
ISIC_4106852,1
ISIC_4107250,2
ISIC_4107574,4
ISIC_4107717,2
ISIC_4108397,0
ISIC_4108473,4
ISIC_4108571,1
ISIC_4108630,3
ISIC_4109088,1
ISIC_4109725,1
ISIC_4110296,2
ISIC_4110997,4
ISIC_4111260,2
ISIC_4111600,1
ISIC_4111637,1
ISIC_4112392,1
ISIC_4112409,1
ISIC_4112692,3
ISIC_4112980,3
ISIC_4113197,1
ISIC_4113246,4
ISIC_4113535,0
ISIC_4114060,4
ISIC_4114269,2
ISIC_4114436,2
ISIC_4114716,4
ISIC_4114972,2
ISIC_4115135,1
ISIC_4115255,0
ISIC_4116224,0
ISIC_4116553,0
ISIC_4116569,1
ISIC_4116617,4
ISIC_4116770,2
ISIC_4117215,0
ISIC_4118525,1
ISIC_4118762,0
ISIC_4119029,2
ISIC_4119189,3
ISIC_4119325,0
ISIC_4119445,3
ISIC_4120174,3
ISIC_4120236,2
ISIC_4120704,3
ISIC_4120771,0
ISIC_4121595,3
ISIC_4122125,0
ISIC_4122234,2
ISIC_4122442,1
ISIC_4123007,0
ISIC_4123109,1
ISIC_4123491,0
ISIC_4124060,3
ISIC_4124332,3
ISIC_4125010,0
ISIC_4125071,1
ISIC_4125181,0
ISIC_4125718,3
ISIC_4126021,0
ISIC_4126295,0
ISIC_4126822,1
ISIC_4127016,0
ISIC_4127065,0
ISIC_4127351,2
ISIC_4127690,1
ISIC_4127965,4
ISIC_4127968,0
ISIC_4128129,2
ISIC_4128342,3
ISIC_4129321,3
ISIC_4129376,3
ISIC_4129443,4
ISIC_4129493,1
ISIC_4129894,2
ISIC_4130167,0
ISIC_4130478,1
ISIC_4130540,2
ISIC_4131236,0
ISIC_4131353,3
ISIC_4131697,0
ISIC_4131810,1
ISIC_4131961,2
ISIC_4132000,1
ISIC_4132022,0
ISIC_4132082,0
ISIC_4132613,1
ISIC_4132656,0
ISIC_4132685,4
ISIC_4132876,1
ISIC_4132992,4
ISIC_4133665,1
ISIC_4133875,3
ISIC_4134237,0
ISIC_4134314,2
ISIC_4134969,4
ISIC_4135058,0
ISIC_4136351,3
ISIC_4136391,0
ISIC_4136591,3
ISIC_4136663,1
ISIC_4136832,2
ISIC_4137093,2
ISIC_4137198,4
ISIC_4137545,4
ISIC_4137694,1
ISIC_4137798,3
ISIC_4137821,3
ISIC_4138181,1
ISIC_4138196,3
ISIC_4138273,4
ISIC_4138377,2
ISIC_4139000,3
ISIC_4139135,2
ISIC_4139260,0
ISIC_4139442,1
ISIC_4140008,2
ISIC_4140193,0
ISIC_4140471,2
ISIC_4140634,2
ISIC_4140935,0
ISIC_4141491,0
ISIC_4141515,0
ISIC_4141898,3
ISIC_4142019,3
ISIC_4142024,1
ISIC_4142239,0
ISIC_4143253,3
ISIC_4143410,0
ISIC_4143443,1
ISIC_4143831,3
ISIC_4143845,0
ISIC_4144198,2
ISIC_4144626,0
ISIC_4144963,4
ISIC_4145523,0
ISIC_4145671,3
ISIC_4146291,4
ISIC_4146342,3
ISIC_4147040,2
ISIC_4147166,2
ISIC_4147328,4
ISIC_4147719,4
ISIC_4148086,4
ISIC_4148681,3
ISIC_4149144,1
ISIC_4149704,3
ISIC_4150178,2
ISIC_4150885,3
ISIC_4151356,2
ISIC_4152689,4
ISIC_4153234,3
ISIC_4153542,4
ISIC_4153687,4
ISIC_4153900,3
ISIC_4154293,3
ISIC_4154497,0
ISIC_4154608,0
ISIC_4155168,1
ISIC_4155471,1
ISIC_4155780,1
ISIC_4156010,3
ISIC_4156205,3
ISIC_4156405,4
ISIC_4156689,2
ISIC_4156791,2
ISIC_4157049,4
ISIC_4157237,4
ISIC_4157955,1
ISIC_4158432,1
ISIC_4158555,1
ISIC_4158672,2
ISIC_4158721,4
ISIC_4158984,4
ISIC_4159272,0
ISIC_4159394,0
ISIC_4159420,1
ISIC_4159621,4
ISIC_4159742,4
ISIC_4160574,0
ISIC_4160636,0
ISIC_4160755,2
ISIC_4160773,1
ISIC_4161113,3
ISIC_4161205,3
ISIC_4161227,0
ISIC_4161256,2
ISIC_4161718,4
ISIC_4161929,0
ISIC_4162336,0
ISIC_4162354,2
ISIC_4162774,0
ISIC_4162828,4
ISIC_4163009,3
ISIC_4163143,0
ISIC_4163686,1
ISIC_4163843,2
ISIC_4163881,4
ISIC_4163930,2
ISIC_4164065,0
ISIC_4164426,0
ISIC_4164633,3
ISIC_4164882,4
ISIC_4164955,4
ISIC_4165214,2
ISIC_4165761,2
ISIC_4166364,2
ISIC_4166393,4
ISIC_4166490,1
ISIC_4167053,2
ISIC_4167210,2
ISIC_4167216,4
ISIC_4167334,1
ISIC_4167610,0
ISIC_4167654,2
ISIC_4167726,2
ISIC_4168757,1
ISIC_4169117,0
ISIC_4169481,0
ISIC_4170498,2
ISIC_4170698,1
ISIC_4171787,0
ISIC_4172423,1
ISIC_4172470,3
ISIC_4172686,0
ISIC_4172804,3
ISIC_4173783,1
ISIC_4174013,3
ISIC_4174378,3
ISIC_4174479,0
ISIC_4174592,0
ISIC_4174614,3
ISIC_4174983,1
ISIC_4175400,1
ISIC_4175439,2
ISIC_4176259,4
ISIC_4176335,3
ISIC_4176366,1
ISIC_4176448,3
ISIC_4176809,1
ISIC_4176815,2
ISIC_4177043,1
ISIC_4177415,2
ISIC_4177761,2
ISIC_4178745,4
ISIC_4180373,2
ISIC_4180497,1
ISIC_4180979,1
ISIC_4181042,4
ISIC_4181204,3
ISIC_4181530,2
ISIC_4181565,2
ISIC_4181595,1
ISIC_4181628,2
ISIC_4182102,1
ISIC_4182214,0
ISIC_4182781,3
ISIC_4182801,0
ISIC_4183816,1
ISIC_4183857,0
ISIC_4183926,4
ISIC_4184050,0
ISIC_4184100,2
ISIC_4184101,3
ISIC_4184433,0
ISIC_4185414,2
ISIC_4185719,1
ISIC_4186524,1
ISIC_4187393,2
ISIC_4187485,3
ISIC_4187524,0
ISIC_4187725,0
ISIC_4188203,0
ISIC_4188624,1
ISIC_4188644,1
ISIC_4188998,2
ISIC_4189111,4
ISIC_4189297,3
ISIC_4189494,4
ISIC_4189520,4
ISIC_4189633,2
ISIC_4189981,0
ISIC_4190314,4
ISIC_4190569,1
ISIC_4190595,3
ISIC_4190706,3
ISIC_4190900,4
ISIC_4190910,4
ISIC_4190964,4
ISIC_4191011,0
ISIC_4191094,1
ISIC_4191202,0
ISIC_4191215,1
ISIC_4191363,4
ISIC_4191663,2
ISIC_4192125,0
ISIC_4192149,2
ISIC_4192307,0
ISIC_4192383,3
ISIC_4192466,4
ISIC_4193253,1
ISIC_4193594,4
ISIC_4193775,4
ISIC_4194002,1
ISIC_4195490,0
ISIC_4195837,4
ISIC_4195950,2
ISIC_4195990,1
ISIC_4196596,4
ISIC_4197781,0
ISIC_4197892,0
ISIC_4198374,4
ISIC_4198406,4
ISIC_4198421,3
ISIC_4198902,1
ISIC_4198984,2
ISIC_4199101,2
ISIC_4199686,3
ISIC_4200081,1
ISIC_4200486,3
ISIC_4200673,3
ISIC_4201327,3
ISIC_4201406,1
ISIC_4201571,4
ISIC_4201891,4
ISIC_4201955,3
ISIC_4201989,3
ISIC_4202054,0
ISIC_4202615,0
ISIC_4203206,1
ISIC_4203526,3
ISIC_4203961,1
ISIC_4204880,2
ISIC_4205013,1
ISIC_4205242,1
ISIC_4205815,3
ISIC_4205922,3
ISIC_4206035,2
ISIC_4206375,4
ISIC_4206472,4
ISIC_4207079,3
ISIC_4207851,1
ISIC_4208361,1
ISIC_4209411,2
ISIC_4209819,2
ISIC_4210002,4
ISIC_4210734,4
ISIC_4210740,3
ISIC_4210857,3
ISIC_4210941,0
ISIC_4211868,3
ISIC_4211990,1
ISIC_4212044,4
ISIC_4212184,2
ISIC_4212259,3
ISIC_4212454,2
ISIC_4212457,2
ISIC_4212689,3
ISIC_4213876,1
ISIC_4214519,2
ISIC_4214531,4
ISIC_4214813,2
ISIC_4215060,0
ISIC_4216169,0
ISIC_4216468,2
ISIC_4216750,3
ISIC_4217321,4
ISIC_4217677,4
ISIC_4217963,1
ISIC_4219589,1
ISIC_4219607,4
ISIC_4219834,3
ISIC_4220010,4
ISIC_4220279,4
ISIC_4220326,0
ISIC_4220845,1
ISIC_4221317,2
ISIC_4221464,4
ISIC_4221726,1
ISIC_4221778,0
ISIC_4221820,2
ISIC_4222275,2
ISIC_4222616,4
ISIC_4222843,0
ISIC_4223155,4
ISIC_4223575,1
ISIC_4223734,0
ISIC_4224064,3
ISIC_4225027,1
ISIC_4225838,3
ISIC_4226349,3
ISIC_4226395,1
ISIC_4226673,4
ISIC_4226975,3
ISIC_4227174,1
ISIC_4227209,2
ISIC_4227377,1
ISIC_4227455,4
ISIC_4227624,1
ISIC_4227640,2
ISIC_4228799,3
ISIC_4228971,4
ISIC_4229429,2
ISIC_4229473,4
ISIC_4229849,0
ISIC_4229978,2
ISIC_4230049,4
ISIC_4230432,1
ISIC_4230496,1
ISIC_4231032,2
ISIC_4231051,4
ISIC_4231065,2
ISIC_4231127,4
ISIC_4231292,0
ISIC_4231346,2
ISIC_4231732,3
ISIC_4232053,0
ISIC_4232172,1
ISIC_4232370,3
ISIC_4232726,4
ISIC_4232756,4
ISIC_4232761,1
ISIC_4233248,3
ISIC_4233746,0
ISIC_4233755,1
ISIC_4234271,0
ISIC_4234402,1
ISIC_4235137,0
ISIC_4235215,0
ISIC_4235503,1
ISIC_4236274,4
ISIC_4237064,2
ISIC_4237327,0
ISIC_4237725,2
ISIC_4238222,2
ISIC_4238548,3
ISIC_4238945,1
ISIC_4238950,3
ISIC_4239652,0
ISIC_4240898,3
ISIC_4241286,1
ISIC_4241316,1
ISIC_4241347,0
ISIC_4241907,2
ISIC_4242504,4
ISIC_4242559,4
ISIC_4242926,0
ISIC_4243283,3
ISIC_4243470,0
ISIC_4243720,0
ISIC_4243801,1
ISIC_4243947,3
ISIC_4244697,4
ISIC_4244832,1
ISIC_4244870,4
ISIC_4245634,2
ISIC_4246086,2
ISIC_4247149,3
ISIC_4247204,0
ISIC_4247289,3
ISIC_4247550,1
ISIC_4247778,0
ISIC_4247853,3
ISIC_4247898,0
ISIC_4247917,1
ISIC_4248007,0
ISIC_4248013,1
ISIC_4248187,2
ISIC_4248273,4
ISIC_4248447,1
ISIC_4248524,2
ISIC_4248784,0
ISIC_4248858,4
ISIC_4249243,2
ISIC_4249893,2
ISIC_4250465,2
ISIC_4251081,3
ISIC_4251930,1
ISIC_4252268,4
ISIC_4252285,4
ISIC_4252502,1
ISIC_4252547,2
ISIC_4252887,2
ISIC_4253346,1
ISIC_4253348,2
ISIC_4253563,3
ISIC_4253581,4
ISIC_4253846,1
ISIC_4253935,1
ISIC_4254237,4
ISIC_4254524,4
ISIC_4254687,0
ISIC_4254744,2
ISIC_4254745,0
ISIC_4254754,3
ISIC_4254809,1
ISIC_4255013,1
ISIC_4255737,2
ISIC_4255923,0
ISIC_4256214,2
ISIC_4257537,4
ISIC_4257634,1
ISIC_4257799,3
ISIC_4257938,2
ISIC_4258283,3
ISIC_4259202,2
ISIC_4259290,4
ISIC_4260257,3
ISIC_4261232,0
ISIC_4261531,0
ISIC_4261725,2
ISIC_4261854,2
ISIC_4262059,3
ISIC_4262522,0
ISIC_4262670,1
ISIC_4262925,4
ISIC_4262989,3
ISIC_4263017,2
ISIC_4263521,2
ISIC_4264358,3
ISIC_4264422,1
ISIC_4264600,3
ISIC_4264802,2
ISIC_4264826,1
ISIC_4264897,4
ISIC_4265307,1
ISIC_4265714,0
ISIC_4265726,3
ISIC_4265755,1
ISIC_4266157,4
ISIC_4266246,1
ISIC_4266455,1
ISIC_4266467,0
ISIC_4266501,0
ISIC_4266533,1
ISIC_4266570,0
ISIC_4266571,4
ISIC_4267177,1
ISIC_4267683,2
ISIC_4267696,3
ISIC_4267719,2
ISIC_4268757,0
ISIC_4269227,4
ISIC_4269911,2
ISIC_4270126,3
ISIC_4270163,1
ISIC_4270738,4
ISIC_4271108,2
ISIC_4271110,1
ISIC_4271140,3
ISIC_4271377,2
ISIC_4271489,4
ISIC_4271700,1
ISIC_4272084,1
ISIC_4272317,4
ISIC_4272459,2
ISIC_4273692,4
ISIC_4273868,2
ISIC_4273914,4
ISIC_4274300,4
ISIC_4274519,2
ISIC_4274953,2
ISIC_4275338,2
ISIC_4276014,1
ISIC_4276255,4
ISIC_4276528,1
ISIC_4276933,3
ISIC_4277163,4
ISIC_4277207,2
ISIC_4277677,1
ISIC_4278330,4
ISIC_4278349,3
ISIC_4278440,2
ISIC_4278569,3
ISIC_4278981,2
ISIC_4279689,1
ISIC_4280104,0
ISIC_4280352,1
ISIC_4280835,3
ISIC_4280886,4
ISIC_4281113,0
ISIC_4281745,2
ISIC_4281858,2
ISIC_4281872,3
ISIC_4282056,2
ISIC_4282579,0
ISIC_4282634,2
ISIC_4282719,0
ISIC_4282783,2
ISIC_4283351,4
ISIC_4284380,2
ISIC_4285297,4
ISIC_4285699,3
ISIC_4286541,1
ISIC_4286715,1
ISIC_4286818,2
ISIC_4286837,1
ISIC_4287317,1
ISIC_4287463,3
ISIC_4287506,2
ISIC_4288266,3
ISIC_4288307,3
ISIC_4288522,3
ISIC_4288709,4
ISIC_4288845,2
ISIC_4289345,1
ISIC_4289873,1
ISIC_4289906,1
ISIC_4290875,4
ISIC_4291750,0
ISIC_4291830,1
ISIC_4291899,1
ISIC_4291907,2
ISIC_4292681,4
ISIC_4292703,3
ISIC_4292708,0
ISIC_4292879,3
ISIC_4293124,2
ISIC_4293419,4
ISIC_4293652,1
ISIC_4294419,3
ISIC_4294705,3
ISIC_4295092,2
ISIC_4295415,1
ISIC_4296030,0
ISIC_4296456,3
ISIC_4296518,4
ISIC_4296616,0
ISIC_4297655,4
ISIC_4298309,1
ISIC_4298420,1
ISIC_4298624,2
ISIC_4298761,2
ISIC_4299055,1
ISIC_4299159,4
ISIC_4299282,1
ISIC_4299328,0
ISIC_4299647,3
ISIC_4300178,2
ISIC_4300657,4
ISIC_4300983,3
ISIC_4301050,4
ISIC_4301302,4
ISIC_4301919,2
ISIC_4301997,3
ISIC_4302410,2
ISIC_4302883,2
ISIC_4303228,2
ISIC_4303372,2
ISIC_4304068,3
ISIC_4305663,2
ISIC_4305685,3
ISIC_4305845,4
ISIC_4305951,0
ISIC_4306308,3
ISIC_4306724,1
ISIC_4306844,3
ISIC_4307005,0
ISIC_4307205,3
ISIC_4307219,4
ISIC_4307344,3
ISIC_4307490,2
ISIC_4307626,3
ISIC_4308923,2
ISIC_4309183,3
ISIC_4309381,4
ISIC_4310074,1
ISIC_4310834,1
ISIC_4310869,0
ISIC_4311436,3
ISIC_4311486,4
ISIC_4311544,3
ISIC_4311592,4
ISIC_4311777,4
ISIC_4311858,4
ISIC_4312047,4
ISIC_4312138,0
ISIC_4312155,4
ISIC_4312470,3
ISIC_4312761,4
ISIC_4312804,2
ISIC_4312835,4
ISIC_4312841,4
ISIC_4313352,4
ISIC_4314003,2
ISIC_4314089,3
ISIC_4314417,3
ISIC_4314577,4
ISIC_4315107,4
ISIC_4315525,0
ISIC_4315613,1
ISIC_4315770,4
ISIC_4316406,1
ISIC_4316501,2
ISIC_4316571,3
ISIC_4317382,1
ISIC_4317478,2
ISIC_4317759,0
ISIC_4318374,0
ISIC_4318718,3
ISIC_4319491,0
ISIC_4319859,3
ISIC_4319874,3
ISIC_4319945,0
ISIC_4319958,2
ISIC_4320200,3
ISIC_4320994,0
ISIC_4321592,0
ISIC_4321815,1
ISIC_4321966,4
ISIC_4322723,0
ISIC_4322822,2
ISIC_4322848,1
ISIC_4322954,1
ISIC_4323070,3
ISIC_4323160,2
ISIC_4323332,2
ISIC_4323391,0
ISIC_4323911,0
ISIC_4324163,2
ISIC_4324879,0
ISIC_4325003,1
ISIC_4325049,4
ISIC_4325155,4
ISIC_4325452,0
ISIC_4326053,0
ISIC_4326159,1
ISIC_4326917,1
ISIC_4327046,4
ISIC_4327071,2
ISIC_4327247,1
ISIC_4327358,2
ISIC_4327394,1
ISIC_4327406,1
ISIC_4327535,0
ISIC_4327560,2
ISIC_4327726,1
ISIC_4327760,3
ISIC_4328501,4
ISIC_4328580,1
ISIC_4328662,1
ISIC_4329176,2
ISIC_4329544,3
ISIC_4329598,2
ISIC_4329876,1
ISIC_4330005,2
ISIC_4330074,1
ISIC_4330267,4
ISIC_4330291,3
ISIC_4330796,3
ISIC_4331174,4
ISIC_4331395,1
ISIC_4331481,1
ISIC_4331936,0
ISIC_4332529,3
ISIC_4332771,3
ISIC_4332846,2
ISIC_4332885,1
ISIC_4333412,2
ISIC_4334767,2
ISIC_4335023,4
ISIC_4335080,4
ISIC_4335188,2
ISIC_4335732,2
ISIC_4335758,4
ISIC_4336409,0
ISIC_4336970,1
ISIC_4337318,3
ISIC_4338132,1
ISIC_4338927,0
ISIC_4339752,4
ISIC_4340139,0
ISIC_4340428,1
ISIC_4340509,3
ISIC_4341135,1
ISIC_4341261,2
ISIC_4341685,2
ISIC_4341875,3
ISIC_4342416,0
ISIC_4343129,0
ISIC_4343552,3
ISIC_4343836,2
ISIC_4344540,4
ISIC_4344870,1
ISIC_4344995,4
ISIC_4345000,1
ISIC_4345015,2
ISIC_4345114,2
ISIC_4345168,4
ISIC_4345522,4
ISIC_4345773,0
ISIC_4346660,3
ISIC_4346693,1
ISIC_4347161,2
ISIC_4347590,4
ISIC_4347596,2
ISIC_4347744,4
ISIC_4348010,0
ISIC_4348334,0
ISIC_4348579,2
ISIC_4348896,1
ISIC_4348994,1
ISIC_4349418,3
ISIC_4349612,3
ISIC_4349724,3
ISIC_4350093,0
ISIC_4350772,4
ISIC_4350874,3
ISIC_4350914,1
ISIC_4350924,0
ISIC_4351077,0
ISIC_4351248,2
ISIC_4351306,4
ISIC_4351814,2
ISIC_4351868,0
ISIC_4352209,4
ISIC_4352303,3
ISIC_4352457,2
ISIC_4352700,0
ISIC_4352838,4
ISIC_4352854,4
ISIC_4352991,1
ISIC_4353963,4
ISIC_4354520,2
ISIC_4354772,3
ISIC_4354797,4
ISIC_4354857,1
ISIC_4354896,0
ISIC_4355229,3
ISIC_4355465,1
ISIC_4355518,1
ISIC_4355549,3
ISIC_4356872,3
ISIC_4357596,2
ISIC_4357821,4
ISIC_4357962,0
ISIC_4358017,3
ISIC_4358550,4
ISIC_4358727,0
ISIC_4359258,1
ISIC_4359340,4
ISIC_4359707,0
ISIC_4360127,1
ISIC_4360240,3
ISIC_4360908,2
ISIC_4361405,3
ISIC_4361854,4
ISIC_4362449,1
ISIC_4362614,4
ISIC_4362713,3
ISIC_4362778,1
ISIC_4362889,1
ISIC_4363269,0
ISIC_4363398,3
ISIC_4363557,4
ISIC_4363579,0
ISIC_4363603,4
ISIC_4363665,0
ISIC_4363841,0
ISIC_4363897,2
ISIC_4364153,2
ISIC_4364169,2
ISIC_4364382,4
ISIC_4364397,1
ISIC_4364454,0
ISIC_4364740,0
ISIC_4364788,2
ISIC_4365093,1
ISIC_4365445,0
ISIC_4365769,3
ISIC_4366032,1
ISIC_4366055,4
ISIC_4366175,2
ISIC_4366213,3
ISIC_4366350,1
ISIC_4366627,0
ISIC_4366946,0
ISIC_4367789,3
ISIC_4367829,1
ISIC_4367917,0
ISIC_4368411,2
ISIC_4368478,1
ISIC_4368650,4
ISIC_4369035,1
ISIC_4369062,1
ISIC_4369805,2
ISIC_4369851,3
ISIC_4370751,3
ISIC_4370988,4
ISIC_4371210,3
ISIC_4371865,2
ISIC_4371913,2
ISIC_4372133,1
ISIC_4372243,0
ISIC_4372519,4
ISIC_4372880,2
ISIC_4373429,4
ISIC_4373563,0
ISIC_4373733,1
ISIC_4373835,0
ISIC_4373904,0
ISIC_4374554,4
ISIC_4374944,1
ISIC_4375524,2
ISIC_4375532,0
ISIC_4375821,3
ISIC_4375862,3
ISIC_4375870,4
ISIC_4376010,0
ISIC_4376261,3
ISIC_4376918,0
ISIC_4377059,4
ISIC_4377193,3
ISIC_4377208,4
ISIC_4377245,2
ISIC_4377403,1
ISIC_4377893,4
ISIC_4378189,2
ISIC_4378242,1
ISIC_4378584,3
ISIC_4378793,2
ISIC_4378851,1
ISIC_4379502,4
ISIC_4379788,0
ISIC_4379942,4
ISIC_4379945,4
ISIC_4380268,4
ISIC_4380623,4
ISIC_4381427,4
ISIC_4382004,1
ISIC_4382115,4
ISIC_4382153,4
ISIC_4382390,1
ISIC_4382472,0
ISIC_4383671,2
ISIC_4384016,2
ISIC_4384199,2
ISIC_4384331,0
ISIC_4384341,1
ISIC_4384614,3
ISIC_4384861,4
ISIC_4385152,4
ISIC_4385326,3
ISIC_4385637,0
ISIC_4385762,0
ISIC_4385893,1
ISIC_4386659,1
ISIC_4387517,3
ISIC_4387797,0
ISIC_4387858,1
ISIC_4388706,0
ISIC_4388906,0
ISIC_4388949,1
ISIC_4389370,4
ISIC_4389708,2
ISIC_4389962,1
ISIC_4390848,1
ISIC_4390968,1
ISIC_4391043,2
ISIC_4391104,1
ISIC_4391894,4
ISIC_4391904,4
ISIC_4391909,0
ISIC_4391942,0
ISIC_4392384,1
ISIC_4392916,2
ISIC_4393209,0
ISIC_4393521,3
ISIC_4393537,2
ISIC_4393704,2
ISIC_4393733,3
ISIC_4394163,0
ISIC_4394524,4
ISIC_4394837,3
ISIC_4394972,1
ISIC_4395111,4
ISIC_4395329,0
ISIC_4396406,2
ISIC_4396411,1
ISIC_4396553,4
ISIC_4396799,2
ISIC_4397068,3
ISIC_4397087,0
ISIC_4397205,4
ISIC_4397755,0
ISIC_4397871,1
ISIC_4398011,2
ISIC_4398957,2
ISIC_4399411,1
ISIC_4399740,0
ISIC_4399771,3
ISIC_4399814,3
ISIC_4399858,0
ISIC_4400140,2
ISIC_4400186,2
ISIC_4400397,3
ISIC_4400664,1
ISIC_4401014,3
ISIC_4401524,0
ISIC_4402731,0
ISIC_4403411,2
ISIC_4404036,4
ISIC_4404649,1
ISIC_4404772,1
ISIC_4404893,3
ISIC_4405196,4
ISIC_4405883,0
ISIC_4405986,3
ISIC_4406292,4
ISIC_4406629,4
ISIC_4407024,4
ISIC_4407516,0
ISIC_4407617,0
ISIC_4408559,3
ISIC_4408786,0
ISIC_4409067,1
ISIC_4409266,0
ISIC_4409713,3
ISIC_4409740,4
ISIC_4409799,0
ISIC_4409939,0
ISIC_4410725,0
ISIC_4411874,0
ISIC_4411889,3
ISIC_4411925,4
ISIC_4412555,2
ISIC_4412821,3
ISIC_4413140,3
ISIC_4413418,3
ISIC_4413508,2
ISIC_4414811,2
ISIC_4414841,4
ISIC_4415049,1
ISIC_4415203,4
ISIC_4416817,4
ISIC_4417054,4
ISIC_4417295,3
ISIC_4417495,1
ISIC_4418220,0
ISIC_4418259,2
ISIC_4418458,4
ISIC_4418545,3
ISIC_4418581,4
ISIC_4419280,1
ISIC_4419352,3
ISIC_4419431,2
ISIC_4419522,4
ISIC_4419686,0
ISIC_4419720,3
ISIC_4419837,4
ISIC_4420070,0
ISIC_4420727,3
ISIC_4420952,4
ISIC_4421064,3
ISIC_4421291,2
ISIC_4422047,2
ISIC_4422302,2
ISIC_4422476,3
ISIC_4422580,1
ISIC_4423793,4
ISIC_4423812,4
ISIC_4424322,2
ISIC_4424729,4
ISIC_4425322,4
ISIC_4425604,1
ISIC_4425657,3
ISIC_4425766,3
ISIC_4426166,1
ISIC_4426187,4
ISIC_4426345,4
ISIC_4426377,3
ISIC_4427161,0
ISIC_4427596,2
ISIC_4427755,4
ISIC_4427949,4
ISIC_4428309,0
ISIC_4428649,2
ISIC_4428769,1
ISIC_4429297,4
ISIC_4429406,3
ISIC_4430409,0
ISIC_4430697,4
ISIC_4430815,3
ISIC_4430934,4
ISIC_4430946,2
ISIC_4431715,0
ISIC_4431773,4
ISIC_4431858,2
ISIC_4432269,3
ISIC_4432735,2
ISIC_4432898,1
ISIC_4433244,2
ISIC_4433514,1
ISIC_4433552,4
ISIC_4433582,0
ISIC_4433684,4
ISIC_4433832,1
ISIC_4434040,3
ISIC_4434221,0
ISIC_4434225,2
ISIC_4434803,2
ISIC_4434947,2
ISIC_4435057,4
ISIC_4435164,0
ISIC_4435262,1
ISIC_4435370,1
ISIC_4435776,0
ISIC_4435838,2
ISIC_4435840,3
ISIC_4436342,2
ISIC_4436649,1
ISIC_4436810,2
ISIC_4436833,2
ISIC_4437425,0
ISIC_4437672,4
ISIC_4438311,4
ISIC_4438597,3
ISIC_4439054,4
ISIC_4440543,0
ISIC_4441648,2
ISIC_4441861,2
ISIC_4442418,2
ISIC_4442490,2
ISIC_4442506,3
ISIC_4442772,0
ISIC_4442900,4
ISIC_4442983,2
ISIC_4443373,1
ISIC_4443545,4
ISIC_4443776,2
ISIC_4444623,4
ISIC_4445501,1
ISIC_4445635,0
ISIC_4445729,4
ISIC_4446385,4
ISIC_4446879,3
ISIC_4447973,1
ISIC_4448257,1
ISIC_4448341,2
ISIC_4448375,0
ISIC_4448604,3
ISIC_4448959,3
ISIC_4448994,0
ISIC_4450231,4
ISIC_4450909,0
ISIC_4451735,2
ISIC_4451966,0
ISIC_4452168,0
ISIC_4452219,4
ISIC_4452228,0
ISIC_4452233,2
ISIC_4452285,1
ISIC_4452420,2
ISIC_4452748,3
ISIC_4452819,4
ISIC_4453489,1
ISIC_4453506,4
ISIC_4454485,4
ISIC_4454509,3
ISIC_4455413,3
ISIC_4455601,2
ISIC_4455932,1
ISIC_4456116,3
ISIC_4456117,1
ISIC_4456975,0
ISIC_4457207,2
ISIC_4457514,3
ISIC_4457552,0
ISIC_4457587,1
ISIC_4458567,4
ISIC_4458627,1
ISIC_4459001,3
ISIC_4459125,4
ISIC_4460849,0
ISIC_4461610,1
ISIC_4461785,0
ISIC_4461919,3
ISIC_4462476,3
ISIC_4462621,4
ISIC_4462681,4
ISIC_4462773,4
ISIC_4462821,0
ISIC_4462870,0
ISIC_4462876,3
ISIC_4463086,1
ISIC_4463126,2
ISIC_4463482,2
ISIC_4463660,2
ISIC_4463837,2
ISIC_4464311,3
ISIC_4464519,0
ISIC_4464522,1
ISIC_4464702,4
ISIC_4464935,1
ISIC_4465089,3
ISIC_4465475,2
ISIC_4465529,4
ISIC_4466413,1
ISIC_4466975,4
ISIC_4467150,3
ISIC_4468129,1
ISIC_4468148,1
ISIC_4468180,2
ISIC_4468439,2
ISIC_4468474,0
ISIC_4468549,3
ISIC_4468787,2
ISIC_4469476,4
ISIC_4469805,3
ISIC_4470123,1
ISIC_4470206,2
ISIC_4470494,4
ISIC_4470574,1
ISIC_4470766,0
ISIC_4471367,1
ISIC_4471567,0
ISIC_4471783,4
ISIC_4472381,2
ISIC_4472903,0
ISIC_4473124,1
ISIC_4473807,2
ISIC_4474170,3
ISIC_4474341,1
ISIC_4474352,2
ISIC_4474899,2
ISIC_4474970,2
ISIC_4475268,2
ISIC_4475297,0
ISIC_4475489,1
ISIC_4475657,0
ISIC_4476854,0
ISIC_4477003,3
ISIC_4477167,0
ISIC_4477448,0
ISIC_4477481,1
ISIC_4477599,3
ISIC_4477650,3
ISIC_4477916,1
ISIC_4478231,4
ISIC_4478276,2
ISIC_4478326,3
ISIC_4478337,2
ISIC_4478364,3
ISIC_4479651,1
ISIC_4479844,4
ISIC_4480504,3
ISIC_4481065,0
ISIC_4481320,4
ISIC_4481362,1
ISIC_4481684,2
ISIC_4482522,3
ISIC_4482569,0
ISIC_4482610,0
ISIC_4482928,3
ISIC_4483070,2
ISIC_4483719,1
ISIC_4484431,1
ISIC_4484889,4
ISIC_4484966,1
ISIC_4485854,1
ISIC_4486332,3
ISIC_4486352,4
ISIC_4487036,4
ISIC_4487081,2
ISIC_4487429,2
ISIC_4487589,2
ISIC_4487743,0
ISIC_4488579,2
ISIC_4489169,2
ISIC_4489229,4
ISIC_4489593,3
ISIC_4489625,0
ISIC_4489943,2
ISIC_4490077,2
ISIC_4490219,2
ISIC_4490800,4
ISIC_4490903,1
ISIC_4491273,0
ISIC_4491376,3
ISIC_4493028,0
ISIC_4493245,4
ISIC_4493347,4
ISIC_4493482,3
ISIC_4493499,4
ISIC_4493771,4
ISIC_4494022,2
ISIC_4494314,2
ISIC_4494407,2
ISIC_4494444,2
ISIC_4494516,4
ISIC_4494731,2
ISIC_4495092,0
ISIC_4495099,4
ISIC_4495210,0
ISIC_4495224,4
ISIC_4495272,2
ISIC_4495397,4
ISIC_4495986,4
ISIC_4496143,2
ISIC_4496457,1
ISIC_4496483,2
ISIC_4496559,4
ISIC_4496665,3
ISIC_4497032,4
ISIC_4497120,1
ISIC_4497294,0
ISIC_4497373,4
ISIC_4497904,4
ISIC_4498012,4
ISIC_4498746,3
ISIC_4498803,0
ISIC_4499109,3
ISIC_4499263,3
ISIC_4499380,2
ISIC_4499925,4
ISIC_4499992,4
ISIC_4500184,0
ISIC_4500287,2
ISIC_4500503,3
ISIC_4500518,3
ISIC_4500574,3
ISIC_4500621,3
ISIC_4501708,0
ISIC_4501838,4
ISIC_4501947,1
ISIC_4502420,0
ISIC_4502443,1
ISIC_4502605,0
ISIC_4504995,4
ISIC_4505089,1
ISIC_4505178,2
ISIC_4505293,0
ISIC_4505852,4
ISIC_4506174,4
ISIC_4506190,0
ISIC_4506292,2
ISIC_4506356,4
ISIC_4506406,2
ISIC_4506518,2
ISIC_4506930,4
ISIC_4507193,1
ISIC_4507700,0
ISIC_4508511,0
ISIC_4508523,0
ISIC_4508878,1
ISIC_4508966,3
ISIC_4509525,2
ISIC_4509624,1
ISIC_4509806,4
ISIC_4509925,0
ISIC_4510342,0
ISIC_4510707,3
ISIC_4511027,4
ISIC_4511511,1
ISIC_4511574,2
ISIC_4511841,2
ISIC_4512203,2
ISIC_4512260,0
ISIC_4512891,0
ISIC_4513059,4
ISIC_4513493,2
ISIC_4513704,4
ISIC_4513843,3
ISIC_4513934,1
ISIC_4514446,4
ISIC_4514456,1
ISIC_4514511,1
ISIC_4515826,3
ISIC_4516137,2
ISIC_4516437,0
ISIC_4516835,2
ISIC_4517117,0
ISIC_4517203,3
ISIC_4517497,0
ISIC_4517595,1
ISIC_4517738,4
ISIC_4518003,3
ISIC_4518384,4
ISIC_4518794,3
ISIC_4519298,2
ISIC_4520168,1
ISIC_4520470,4
ISIC_4520704,3
ISIC_4521222,0
ISIC_4521482,3
ISIC_4521497,3
ISIC_4522014,4
ISIC_4522095,1
ISIC_4522302,0
ISIC_4523138,4
ISIC_4523238,1
ISIC_4523382,2
ISIC_4523565,3
ISIC_4523750,4
ISIC_4524422,3
ISIC_4524431,0
ISIC_4524493,0
ISIC_4524763,3
ISIC_4524900,0
ISIC_4525084,3
ISIC_4525143,1
ISIC_4525243,4
ISIC_4525317,3
ISIC_4525463,0
ISIC_4525700,2
ISIC_4525721,4
ISIC_4526238,2
ISIC_4526367,4
ISIC_4526581,3
ISIC_4526991,3
ISIC_4527040,2
ISIC_4527227,2
ISIC_4527661,0
ISIC_4527758,3
ISIC_4527901,2
ISIC_4528136,0
ISIC_4528140,0
ISIC_4528219,2
ISIC_4528262,2
ISIC_4528712,3
ISIC_4529092,2
ISIC_4529168,1
ISIC_4529294,4
ISIC_4529363,2
ISIC_4529581,0
ISIC_4530154,4
ISIC_4530249,1
ISIC_4530871,4
ISIC_4531585,2
ISIC_4531954,3
ISIC_4532303,3
ISIC_4532667,2
ISIC_4532882,4
ISIC_4533487,0
ISIC_4533664,0
ISIC_4533779,4
ISIC_4533833,3
ISIC_4534433,0
ISIC_4534571,4
ISIC_4534608,3
ISIC_4535099,0
ISIC_4535125,3
ISIC_4535659,3
ISIC_4535762,4
ISIC_4535809,0
ISIC_4535920,2
ISIC_4536012,2
ISIC_4536154,0
ISIC_4536407,3
ISIC_4536635,2
ISIC_4536709,2
ISIC_4536982,2
ISIC_4537784,0
ISIC_4537869,1
ISIC_4537893,3
ISIC_4537937,4
ISIC_4538207,1
ISIC_4538489,3
ISIC_4538661,4
ISIC_4538870,1
ISIC_4539623,1
ISIC_4539674,3
ISIC_4539713,0
ISIC_4540140,4
ISIC_4540332,0
ISIC_4540439,3
ISIC_4540903,4
ISIC_4541530,2
ISIC_4542016,2
ISIC_4542225,2
ISIC_4542516,3
ISIC_4542632,2
ISIC_4543121,2
ISIC_4543330,2
ISIC_4543887,2
ISIC_4543944,0
ISIC_4544729,4
ISIC_4544879,2
ISIC_4545112,4
ISIC_4545553,4
ISIC_4545717,4
ISIC_4545751,1
ISIC_4546136,1
ISIC_4547141,4
ISIC_4547148,0
ISIC_4547333,2
ISIC_4547675,1
ISIC_4547887,0
ISIC_4548346,3
ISIC_4548356,2
ISIC_4548483,0
ISIC_4548632,2
ISIC_4548947,4
ISIC_4548990,2
ISIC_4548995,2
ISIC_4549059,2
ISIC_4549530,4
ISIC_4550082,3
ISIC_4550251,0
ISIC_4551082,1
ISIC_4551517,3
ISIC_4551907,2
ISIC_4552035,3
ISIC_4552090,2
ISIC_4552230,3
ISIC_4552843,1
ISIC_4553390,2
ISIC_4553571,2
ISIC_4553633,0
ISIC_4553760,1
ISIC_4554381,3
ISIC_4554863,2
ISIC_4555130,1
ISIC_4555291,1
ISIC_4555461,1
ISIC_4555577,3
ISIC_4555795,1
ISIC_4555817,1
ISIC_4556455,1
ISIC_4556458,3
ISIC_4556592,4
ISIC_4556663,1
ISIC_4556690,2
ISIC_4557337,4
ISIC_4558228,0
ISIC_4558701,0
ISIC_4558982,0
ISIC_4559070,4
ISIC_4559115,2
ISIC_4559174,0
ISIC_4559397,2
ISIC_4559986,3
ISIC_4560338,0
ISIC_4560585,3
ISIC_4560763,1
ISIC_4560814,1
ISIC_4561410,3
ISIC_4561874,3
ISIC_4562053,2
ISIC_4562120,0
ISIC_4562352,1
ISIC_4562725,3
ISIC_4562786,2
ISIC_4563146,1
ISIC_4563442,2
ISIC_4563766,0
ISIC_4564048,2
ISIC_4564163,1
ISIC_4564818,3
ISIC_4564960,4
ISIC_4565254,2
ISIC_4565478,3
ISIC_4565629,3
ISIC_4565708,4
ISIC_4565888,1
ISIC_4566098,3
ISIC_4566200,2
ISIC_4566325,2
ISIC_4566439,3
ISIC_4567607,2
ISIC_4567730,3
ISIC_4567954,3
ISIC_4568001,3
ISIC_4568022,2
ISIC_4568084,0
ISIC_4568565,2
ISIC_4569077,4
ISIC_4569239,3
ISIC_4569321,2
ISIC_4569383,3
ISIC_4569631,4
ISIC_4569978,4
ISIC_4570724,3
ISIC_4571395,3
ISIC_4571687,1
ISIC_4572286,0
ISIC_4573256,0
ISIC_4573624,0
ISIC_4574346,1
ISIC_4574865,0
ISIC_4575091,2
ISIC_4575112,0
ISIC_4575432,2
ISIC_4575717,3
ISIC_4575967,0
ISIC_4576725,4
ISIC_4576846,4
ISIC_4577414,4
ISIC_4578194,0
ISIC_4578709,1
ISIC_4579262,4
ISIC_4579531,4
ISIC_4580046,4
ISIC_4580231,1
ISIC_4580428,3
ISIC_4580458,1
ISIC_4580506,1
ISIC_4580926,0
ISIC_4581029,2
ISIC_4581042,3
ISIC_4581058,2
ISIC_4581692,3
ISIC_4581739,0
ISIC_4581863,1
ISIC_4582670,3
ISIC_4583929,4
ISIC_4584265,4
ISIC_4584708,4
ISIC_4584794,3
ISIC_4585372,4
ISIC_4585386,3
ISIC_4585501,1
ISIC_4585877,3
ISIC_4586133,3
ISIC_4586139,0
ISIC_4586632,3
ISIC_4586940,0
ISIC_4587506,2
ISIC_4588129,1
ISIC_4589123,1
ISIC_4589609,2
ISIC_4589707,1
ISIC_4590786,1
ISIC_4590810,2
ISIC_4591099,0
ISIC_4591134,4
ISIC_4591316,3
ISIC_4591526,1
ISIC_4592019,0
ISIC_4592289,2
ISIC_4593224,3
ISIC_4593735,4
ISIC_4593792,4
ISIC_4593940,4
ISIC_4594359,2
ISIC_4594429,0
ISIC_4594982,0
ISIC_4594995,2
ISIC_4595555,4
ISIC_4595741,2
ISIC_4595856,0
ISIC_4596089,2
ISIC_4596182,0
ISIC_4596231,3
ISIC_4596257,3
ISIC_4596803,3
ISIC_4597011,1
ISIC_4597566,2
ISIC_4597598,2
ISIC_4597707,3
ISIC_4597914,3
ISIC_4599730,2
ISIC_4600505,1
ISIC_4600666,0
ISIC_4600751,4
ISIC_4600831,2
ISIC_4601037,3
ISIC_4601046,3
ISIC_4601297,4
ISIC_4601381,4
ISIC_4601418,2
ISIC_4601527,4
ISIC_4601679,2
ISIC_4601757,0
ISIC_4602050,4
ISIC_4602667,2
ISIC_4602691,3
ISIC_4602983,1
ISIC_4603054,4
ISIC_4603706,0
ISIC_4603891,3
ISIC_4603987,1
ISIC_4604137,0
ISIC_4604654,0
ISIC_4604893,0
ISIC_4605642,3
ISIC_4605737,3
ISIC_4606283,1
ISIC_4606519,2
ISIC_4606646,2
ISIC_4607215,3
ISIC_4608323,3
ISIC_4608393,2
ISIC_4608846,1
ISIC_4609932,2
ISIC_4610204,1
ISIC_4610600,2
ISIC_4610868,2
ISIC_4610907,4
ISIC_4611145,4
ISIC_4611698,0
ISIC_4611792,0
ISIC_4612015,4
ISIC_4612180,3
ISIC_4612744,0
ISIC_4613405,3
ISIC_4613437,4
ISIC_4613450,4
ISIC_4613657,4
ISIC_4614044,1
ISIC_4614129,3
ISIC_4614604,3
ISIC_4615813,0
ISIC_4616221,1
ISIC_4616635,0
ISIC_4617212,1
ISIC_4617417,1
ISIC_4617683,4
ISIC_4618364,2
ISIC_4618918,4
ISIC_4618932,1
ISIC_4619182,4
ISIC_4619789,4
ISIC_4619889,0
ISIC_4619903,2
ISIC_4620053,3
ISIC_4620192,2
ISIC_4620387,3
ISIC_4620425,0
ISIC_4620906,3
ISIC_4621548,4
ISIC_4622069,2
ISIC_4622079,0
ISIC_4622159,3
ISIC_4622902,0
ISIC_4623037,1
ISIC_4623351,2
ISIC_4624352,4
ISIC_4624536,1
ISIC_4624611,3
ISIC_4624753,3
ISIC_4624973,3
ISIC_4626159,2
ISIC_4626633,1
ISIC_4627335,3
ISIC_4627348,1
ISIC_4628573,1
ISIC_4628654,2
ISIC_4629184,2
ISIC_4629472,0
ISIC_4629476,1
ISIC_4630067,1
ISIC_4630228,3
ISIC_4630926,4
ISIC_4631367,1
ISIC_4631509,1
ISIC_4631698,3
ISIC_4631711,2
ISIC_4631910,0
ISIC_4632020,4
ISIC_4632059,2
ISIC_4632947,1
ISIC_4632986,4
ISIC_4633003,4
ISIC_4633551,4
ISIC_4634128,3
ISIC_4634378,1
ISIC_4634464,3
ISIC_4634479,4
ISIC_4634800,0
ISIC_4635151,3
ISIC_4635435,3
ISIC_4635765,4
ISIC_4636434,0
ISIC_4636840,1
ISIC_4637454,1
ISIC_4637479,0
ISIC_4638310,1
ISIC_4638628,1
ISIC_4638801,2
ISIC_4638986,1
ISIC_4639099,0
ISIC_4639468,2
ISIC_4639874,0
ISIC_4640293,3
ISIC_4640613,1
ISIC_4640621,3
ISIC_4641968,3
ISIC_4642190,4
ISIC_4642695,0
ISIC_4642816,2
ISIC_4642877,2
ISIC_4643298,3
ISIC_4643939,1
ISIC_4644148,1
ISIC_4644299,3
ISIC_4645138,2
ISIC_4645788,2
ISIC_4645995,1
ISIC_4646061,4
ISIC_4646072,3
ISIC_4646202,0
ISIC_4646228,2
ISIC_4646413,0
ISIC_4646815,0
ISIC_4646990,1
ISIC_4647349,3
ISIC_4647398,3
ISIC_4647442,1
ISIC_4647804,3
ISIC_4647886,2
ISIC_4647934,0
ISIC_4648130,3
ISIC_4648561,2
ISIC_4648566,3
ISIC_4648593,3
ISIC_4648604,1
ISIC_4648708,2
ISIC_4648717,1
ISIC_4648901,2
ISIC_4648971,2
ISIC_4649250,0
ISIC_4649440,3
ISIC_4649465,3
ISIC_4649869,3
ISIC_4650046,0
ISIC_4650236,4
ISIC_4652186,1
ISIC_4652753,0
ISIC_4653049,1
ISIC_4653073,0
ISIC_4653149,2
ISIC_4653167,0
ISIC_4653363,0
ISIC_4653503,0
ISIC_4654225,0
ISIC_4654250,0
ISIC_4654379,1
ISIC_4654443,4
ISIC_4654808,3
ISIC_4654965,4
ISIC_4655150,1
ISIC_4655338,2
ISIC_4655392,3
ISIC_4655757,3
ISIC_4656184,3
ISIC_4656375,3
ISIC_4656565,2
ISIC_4656707,3
ISIC_4657078,0
ISIC_4657728,1
ISIC_4657733,4
ISIC_4657838,4
ISIC_4658144,2
ISIC_4658405,1
ISIC_4658487,4
ISIC_4658681,3
ISIC_4659355,3
ISIC_4659384,0
ISIC_4659494,0
ISIC_4660078,4
ISIC_4660199,4
ISIC_4660401,0
ISIC_4660907,3
ISIC_4660964,2
ISIC_4661748,3
ISIC_4661994,2
ISIC_4662418,4
ISIC_4663008,1
ISIC_4663404,1
ISIC_4663531,2
ISIC_4663883,4
ISIC_4665061,0
ISIC_4665178,4
ISIC_4665415,4
ISIC_4665517,3
ISIC_4666619,1
ISIC_4666634,1
ISIC_4667046,2
ISIC_4667223,2
ISIC_4667287,3
ISIC_4667889,4
ISIC_4667975,3
ISIC_4668001,1
ISIC_4669070,1
ISIC_4669149,2
ISIC_4669366,4
ISIC_4669490,2
ISIC_4669785,1
ISIC_4669803,4
ISIC_4670089,1
ISIC_4670096,1
ISIC_4670822,4
ISIC_4670831,2
ISIC_4671039,2
ISIC_4671056,0
ISIC_4671324,2
ISIC_4671738,1
ISIC_4672131,1
ISIC_4672353,0
ISIC_4672749,1
ISIC_4672918,2
ISIC_4673461,4
ISIC_4673583,4
ISIC_4673648,2
ISIC_4673844,2
ISIC_4674378,2
ISIC_4674818,1
ISIC_4675065,3
ISIC_4675228,1
ISIC_4675269,3
ISIC_4676156,2
ISIC_4676270,1
ISIC_4676579,3
ISIC_4676685,3
ISIC_4677050,0
ISIC_4677073,2
ISIC_4677514,1
ISIC_4677620,2
ISIC_4678416,3
ISIC_4678962,1
ISIC_4679347,3
ISIC_4679428,3
ISIC_4679492,3
ISIC_4679605,4
ISIC_4679971,3
ISIC_4680198,2
ISIC_4680417,2
ISIC_4680528,0
ISIC_4681021,0
ISIC_4681089,0
ISIC_4681139,4
ISIC_4681143,2
ISIC_4681838,4
ISIC_4682438,1
ISIC_4682498,4
ISIC_4682923,4
ISIC_4683052,4
ISIC_4683122,1
ISIC_4683695,4
ISIC_4683861,2
ISIC_4684100,2
ISIC_4684171,4
ISIC_4684424,1
ISIC_4684714,1
ISIC_4684860,3
ISIC_4685347,2
ISIC_4685917,1
ISIC_4686029,1
ISIC_4686274,3
ISIC_4686317,0
ISIC_4686662,1
ISIC_4686690,4
ISIC_4686972,0
ISIC_4687418,1
ISIC_4688253,0
ISIC_4688928,1
ISIC_4688979,1
ISIC_4690019,0
ISIC_4690030,1
ISIC_4690191,2
ISIC_4690506,0
ISIC_4691314,4
ISIC_4691440,4
ISIC_4691883,0
ISIC_4691889,1
ISIC_4691943,0
ISIC_4692454,2
ISIC_4692567,2
ISIC_4693226,3
ISIC_4693485,4
ISIC_4693693,0
ISIC_4694634,3
ISIC_4694986,4
ISIC_4695051,2
ISIC_4695363,0
ISIC_4695396,1
ISIC_4695567,1
ISIC_4695702,1
ISIC_4695815,1
ISIC_4695916,2
ISIC_4695963,2
ISIC_4696139,3
ISIC_4696142,4
ISIC_4696783,3
ISIC_4697037,0
ISIC_4697272,4
ISIC_4698219,2
ISIC_4698457,2
ISIC_4698626,3
ISIC_4698828,2
ISIC_4699066,1
ISIC_4699072,3
ISIC_4699787,3
ISIC_4699833,3
ISIC_4699989,3
ISIC_4700144,2
ISIC_4700532,3
ISIC_4700970,3
ISIC_4700975,1
ISIC_4701063,2
ISIC_4701157,2
ISIC_4701231,3
ISIC_4701619,3
ISIC_4701889,2
ISIC_4701900,0
ISIC_4702027,2
ISIC_4702258,1
ISIC_4702522,0
ISIC_4702716,1
ISIC_4702809,0
ISIC_4702872,2
ISIC_4702892,1
ISIC_4703171,4
ISIC_4704470,4
ISIC_4704578,0
ISIC_4705128,2
ISIC_4705307,4
ISIC_4705662,1
ISIC_4705711,3
ISIC_4706475,4
ISIC_4707475,3
ISIC_4707552,0
ISIC_4708642,2
ISIC_4709038,2
ISIC_4709512,2
ISIC_4709818,0
ISIC_4709945,1
ISIC_4710645,4
ISIC_4710686,4
ISIC_4711251,2
ISIC_4711419,4
ISIC_4711662,1
ISIC_4712133,4
ISIC_4712429,0
ISIC_4712796,1
ISIC_4713698,4
ISIC_4713733,2
ISIC_4714617,2
ISIC_4715366,0
ISIC_4715386,1
ISIC_4715464,0
ISIC_4716834,2
ISIC_4716997,3
ISIC_4717199,3
ISIC_4718237,2
ISIC_4718313,1
ISIC_4718825,4
ISIC_4718884,3
ISIC_4719028,2
ISIC_4719181,1
ISIC_4719332,4
ISIC_4719620,4
ISIC_4719895,0
ISIC_4720140,1
ISIC_4720160,0
ISIC_4720306,2
ISIC_4721434,1
ISIC_4721599,1
ISIC_4722021,2
ISIC_4722119,3
ISIC_4722884,4
ISIC_4722942,4
ISIC_4723179,2
ISIC_4723218,3
ISIC_4723378,4
ISIC_4723603,0
ISIC_4724660,3
ISIC_4724738,4
ISIC_4724943,4
ISIC_4725027,2
ISIC_4725089,3
ISIC_4725103,1
ISIC_4725367,3
ISIC_4725762,2
ISIC_4726177,3
ISIC_4726417,0
ISIC_4726431,4
ISIC_4726702,2
ISIC_4726724,4
ISIC_4727450,3
ISIC_4727718,0
ISIC_4727937,3
ISIC_4728167,4
ISIC_4728200,2
ISIC_4728589,2
ISIC_4728756,1
ISIC_4728968,1
ISIC_4729057,2
ISIC_4730066,1
ISIC_4730074,1
ISIC_4730433,1
ISIC_4730764,0
ISIC_4731097,1
ISIC_4731117,3
ISIC_4731791,3
ISIC_4732241,0
ISIC_4732353,1
ISIC_4732460,3
ISIC_4732584,3
ISIC_4732684,1
ISIC_4732788,2
ISIC_4732943,3
ISIC_4732985,0
ISIC_4733537,1
ISIC_4733622,1
ISIC_4734111,1
ISIC_4734627,3
ISIC_4734950,0
ISIC_4735106,0
ISIC_4735120,0
ISIC_4735699,4
ISIC_4735706,0
ISIC_4735959,4
ISIC_4736149,3
ISIC_4737109,3
ISIC_4737624,0
ISIC_4737672,4
ISIC_4737689,1
ISIC_4738525,1
ISIC_4738636,4
ISIC_4738641,3
ISIC_4739527,3
ISIC_4739594,1
ISIC_4739872,2
ISIC_4739931,0
ISIC_4740131,1
ISIC_4740278,4
ISIC_4741420,4
ISIC_4741533,0
ISIC_4742252,1
ISIC_4742279,2
ISIC_4742488,1
ISIC_4742778,2
ISIC_4743215,0
ISIC_4743674,4
ISIC_4743738,4
ISIC_4743874,2
ISIC_4743961,3
ISIC_4744192,4
ISIC_4744272,4
ISIC_4744842,0
ISIC_4744974,2
ISIC_4745004,1
ISIC_4745037,4
ISIC_4745049,0
ISIC_4745475,3
ISIC_4745594,2
ISIC_4745658,2
ISIC_4746361,2
ISIC_4747339,2
ISIC_4747355,1
ISIC_4747391,0
ISIC_4747584,4
ISIC_4747814,0
ISIC_4748023,0
ISIC_4748031,0
ISIC_4748600,1
ISIC_4748605,4
ISIC_4748668,3
ISIC_4748977,3
ISIC_4749005,4
ISIC_4749142,3
ISIC_4749576,2
ISIC_4749897,1
ISIC_4749959,0
ISIC_4750129,2
ISIC_4750803,2
ISIC_4750920,0
ISIC_4750951,0
ISIC_4750973,3
ISIC_4751140,3
ISIC_4751349,2
ISIC_4751661,1
ISIC_4751809,2
ISIC_4752084,0
ISIC_4752144,2
ISIC_4752151,3
ISIC_4752273,1
ISIC_4752289,2
ISIC_4752331,4
ISIC_4752638,1
ISIC_4752710,4
ISIC_4754859,2
ISIC_4755260,1
ISIC_4755369,4
ISIC_4755559,4
ISIC_4755931,4
ISIC_4755972,2
ISIC_4756167,0
ISIC_4756595,1
ISIC_4756979,1
ISIC_4757398,0
ISIC_4757866,2
ISIC_4758757,4
ISIC_4758913,4
ISIC_4758961,1
ISIC_4758968,3
ISIC_4759062,2
ISIC_4760061,4
ISIC_4760800,2
ISIC_4761075,2
ISIC_4761090,1
ISIC_4761334,2
ISIC_4761335,1
ISIC_4761751,0
ISIC_4761813,0
ISIC_4762362,4
ISIC_4762598,3
ISIC_4762621,0
ISIC_4762702,3
ISIC_4762906,1
ISIC_4762916,3
ISIC_4763007,2
ISIC_4763017,2
ISIC_4763436,0
ISIC_4763703,1
ISIC_4763943,4
ISIC_4764002,1
ISIC_4764178,3
ISIC_4764292,3
ISIC_4764568,2
ISIC_4764654,3
ISIC_4764834,0
ISIC_4764863,0
ISIC_4765023,2
ISIC_4765242,3
ISIC_4765374,1
ISIC_4765444,2
ISIC_4765912,3
ISIC_4765961,2
ISIC_4766046,3
ISIC_4766531,1
ISIC_4766707,1
ISIC_4767345,4
ISIC_4767789,4
ISIC_4768021,2
ISIC_4768144,1
ISIC_4768236,0
ISIC_4768491,2
ISIC_4768512,1
ISIC_4768668,1
ISIC_4768702,1
ISIC_4769266,4
ISIC_4770073,1
ISIC_4770452,3
ISIC_4770696,1
ISIC_4770938,2
ISIC_4771064,0
ISIC_4771668,3
ISIC_4771769,1
ISIC_4772008,2
ISIC_4772294,2
ISIC_4773019,3
ISIC_4773560,4
ISIC_4773675,1
ISIC_4774143,3
ISIC_4775838,4
ISIC_4775907,0
ISIC_4775964,3
ISIC_4776213,4
ISIC_4776770,4
ISIC_4777536,1
ISIC_4777949,3
ISIC_4778171,0
ISIC_4778262,2
ISIC_4780541,1
ISIC_4780793,3
ISIC_4781140,2
ISIC_4781169,1
ISIC_4781205,0
ISIC_4781680,3
ISIC_4781927,0
ISIC_4782134,4
ISIC_4782254,1
ISIC_4782878,4
ISIC_4782894,2
ISIC_4782920,2
ISIC_4783750,0
ISIC_4783933,3
ISIC_4784251,3
ISIC_4784726,0
ISIC_4784833,3
ISIC_4784925,2
ISIC_4785358,0
ISIC_4785487,4
ISIC_4785677,2
ISIC_4786018,1
ISIC_4786412,4
ISIC_4786417,2
ISIC_4786942,0
ISIC_4787183,1
ISIC_4787403,4
ISIC_4787698,2
ISIC_4787821,3
ISIC_4787852,2
ISIC_4788195,3
ISIC_4788652,4
ISIC_4788878,3
ISIC_4789328,3
ISIC_4789377,0
ISIC_4789481,1
ISIC_4789566,0
ISIC_4789784,2
ISIC_4790259,2
ISIC_4790284,4
ISIC_4791227,0
ISIC_4791412,2
ISIC_4791461,2
ISIC_4791544,2
ISIC_4791589,4
ISIC_4791893,3
ISIC_4792222,4
ISIC_4792234,4
ISIC_4792338,2
ISIC_4792415,1
ISIC_4792446,0
ISIC_4792936,0
ISIC_4793117,0
ISIC_4793861,3
ISIC_4793961,2
ISIC_4794020,1
ISIC_4794052,3
ISIC_4794433,1
ISIC_4794551,0
ISIC_4794573,3
ISIC_4794860,2
ISIC_4795570,4
ISIC_4796032,4
ISIC_4796100,4
ISIC_4796189,0
ISIC_4797654,0
ISIC_4797852,2
ISIC_4797896,4
ISIC_4798962,2
ISIC_4799881,1
ISIC_4800314,4
ISIC_4800479,1
ISIC_4800495,3
ISIC_4800695,4
ISIC_4801098,1
ISIC_4801124,2
ISIC_4801737,1
ISIC_4801791,2
ISIC_4802066,3
ISIC_4803030,4
ISIC_4803231,4
ISIC_4803414,1
ISIC_4803755,1
ISIC_4803943,4
ISIC_4804158,2
ISIC_4804912,0
ISIC_4805048,4
ISIC_4805419,2
ISIC_4805931,3
ISIC_4806829,3
ISIC_4807012,0
ISIC_4807196,3
ISIC_4807631,2
ISIC_4807849,1
ISIC_4808108,1
ISIC_4808298,1
ISIC_4808309,2
ISIC_4808930,0
ISIC_4809078,1
ISIC_4809996,1
ISIC_4810142,4
ISIC_4810500,3
ISIC_4811165,2
ISIC_4811211,3
ISIC_4811593,1
ISIC_4812480,4
ISIC_4812508,0
ISIC_4812889,0
ISIC_4813181,2
ISIC_4813681,0
ISIC_4813830,0
ISIC_4813844,0
ISIC_4813932,2
ISIC_4814024,0
ISIC_4814912,3
ISIC_4815277,2
ISIC_4815636,2
ISIC_4816564,2
ISIC_4816726,4
ISIC_4816989,0
ISIC_4817112,0
ISIC_4817121,3
ISIC_4817771,0
ISIC_4818326,2
ISIC_4818460,1
ISIC_4819371,3
ISIC_4820373,4
ISIC_4820549,3
ISIC_4820993,1
ISIC_4821309,4
ISIC_4821865,0
ISIC_4822192,3
ISIC_4822306,4
ISIC_4822442,4
ISIC_4823052,2
ISIC_4823597,1
ISIC_4823942,2
ISIC_4824111,2
ISIC_4824153,2
ISIC_4824758,0
ISIC_4825096,4
ISIC_4825322,0
ISIC_4826024,4
ISIC_4826037,0
ISIC_4826154,0
ISIC_4826449,3
ISIC_4826546,2
ISIC_4826839,1
ISIC_4826918,3
ISIC_4827138,4
ISIC_4827825,1
ISIC_4827954,3
ISIC_4828093,1
ISIC_4828265,3
ISIC_4828380,4
ISIC_4828943,1
ISIC_4829356,2
ISIC_4829706,4
ISIC_4830433,3
ISIC_4830849,4
ISIC_4830913,4
ISIC_4831434,0
ISIC_4831524,3
ISIC_4831895,1
ISIC_4832620,2
ISIC_4832697,2
ISIC_4833061,0
ISIC_4833252,2
ISIC_4833303,0
ISIC_4833737,0
ISIC_4834243,1
ISIC_4834452,4
ISIC_4834687,2
ISIC_4835344,2
ISIC_4836699,4
ISIC_4836861,1
ISIC_4836873,1
ISIC_4836901,4
ISIC_4837536,0
ISIC_4838102,2
ISIC_4838394,2
ISIC_4838916,4
ISIC_4839104,1
ISIC_4839421,2
ISIC_4839673,4
ISIC_4839775,2
ISIC_4840575,0
ISIC_4840686,2
ISIC_4840770,1
ISIC_4840910,1
ISIC_4841244,1
ISIC_4841508,2
ISIC_4841705,0
ISIC_4842241,4
ISIC_4842269,1
ISIC_4842587,4
ISIC_4842681,3
ISIC_4842741,2
ISIC_4843102,4
ISIC_4844741,0
ISIC_4844937,2
ISIC_4845540,0
ISIC_4845682,1
ISIC_4846042,3
ISIC_4846287,1
ISIC_4846741,3
ISIC_4847287,4
ISIC_4847584,3
ISIC_4847868,2
ISIC_4848012,0
ISIC_4848047,3
ISIC_4848291,1
ISIC_4848484,1
ISIC_4848986,3
ISIC_4849032,0
ISIC_4849252,3
ISIC_4850178,3
ISIC_4850678,4
ISIC_4850844,1
ISIC_4851243,3
ISIC_4851366,4
ISIC_4851437,3
ISIC_4851490,2
ISIC_4851652,4
ISIC_4851979,3
ISIC_4853371,3
ISIC_4853597,4
ISIC_4853745,1
ISIC_4853790,1
ISIC_4854091,4
ISIC_4854794,2
ISIC_4855054,2
ISIC_4855628,1
ISIC_4855878,4
ISIC_4856118,0
ISIC_4856236,0
ISIC_4856299,4
ISIC_4856527,1
ISIC_4856536,0
ISIC_4856651,1
ISIC_4856654,4
ISIC_4856892,4
ISIC_4856908,3
ISIC_4857535,1
ISIC_4857586,2
ISIC_4857711,0
ISIC_4857744,0
ISIC_4857770,1
ISIC_4857994,2
ISIC_4858099,4
ISIC_4858439,4
ISIC_4858896,4
ISIC_4859011,3
ISIC_4859456,0
ISIC_4860223,4
ISIC_4860863,2
ISIC_4861267,3
ISIC_4861375,1
ISIC_4862028,1
ISIC_4862507,4
ISIC_4862526,2
ISIC_4862692,4
ISIC_4863236,2
ISIC_4863375,3
ISIC_4863404,0
ISIC_4863708,3
ISIC_4863784,2
ISIC_4864523,3
ISIC_4865746,2
ISIC_4865877,2
ISIC_4866086,0
ISIC_4866649,0
ISIC_4867043,0
ISIC_4867811,0
ISIC_4868262,4
ISIC_4868783,1
ISIC_4868926,3
ISIC_4868982,0
ISIC_4869740,0
ISIC_4869844,1
ISIC_4869901,1
ISIC_4870011,2
ISIC_4870676,0
ISIC_4870701,1
ISIC_4870813,0
ISIC_4870936,0
ISIC_4871616,0
ISIC_4871936,2
ISIC_4871998,0
ISIC_4872791,2
ISIC_4873009,3
ISIC_4873045,2
ISIC_4873098,4
ISIC_4873431,0
ISIC_4873796,0
ISIC_4874266,0
ISIC_4874287,4
ISIC_4874581,2
ISIC_4875023,4
ISIC_4875370,3
ISIC_4875724,4
ISIC_4876193,1
ISIC_4876378,2
ISIC_4876720,2
ISIC_4876818,1
ISIC_4877382,2
ISIC_4877995,1
ISIC_4878779,2
ISIC_4879050,3
ISIC_4879144,4
ISIC_4879187,2
ISIC_4879647,0
ISIC_4879697,4
ISIC_4880652,1
ISIC_4880952,3
ISIC_4881109,2
ISIC_4881602,3
ISIC_4881841,0
ISIC_4882123,2
ISIC_4882333,1
ISIC_4882389,0
ISIC_4883212,2
ISIC_4883330,2
ISIC_4883373,2
ISIC_4883407,0
ISIC_4883688,1
ISIC_4884189,3
ISIC_4884220,2
ISIC_4884394,0
ISIC_4884712,3
ISIC_4884803,0
ISIC_4884879,2
ISIC_4885417,2
ISIC_4885444,0
ISIC_4885898,0
ISIC_4886493,0
ISIC_4886992,1
ISIC_4887256,0
ISIC_4887384,2
ISIC_4887403,3
ISIC_4887874,4
ISIC_4887995,1
ISIC_4887997,4
ISIC_4888722,0
ISIC_4888812,2
ISIC_4888821,0
ISIC_4888971,3
ISIC_4889196,2
ISIC_4889332,4
ISIC_4889721,1
ISIC_4889839,0
ISIC_4890201,0
ISIC_4890895,4
ISIC_4891057,0
ISIC_4891204,2
ISIC_4891233,3
ISIC_4891451,2
ISIC_4892083,3
ISIC_4892761,4
ISIC_4892817,0
ISIC_4892823,4
ISIC_4893602,4
ISIC_4893911,1
ISIC_4894156,2
ISIC_4894286,0
ISIC_4894602,4
ISIC_4894802,4
ISIC_4894806,2
ISIC_4894929,2
ISIC_4895464,3
ISIC_4895838,4
ISIC_4895957,3
ISIC_4896088,2
ISIC_4896348,3
ISIC_4897171,1
ISIC_4897852,2
ISIC_4897895,4
ISIC_4898865,4
ISIC_4899386,2
ISIC_4899513,4
ISIC_4899689,3
ISIC_4900012,2
ISIC_4900077,2
ISIC_4900923,2
ISIC_4901293,1
ISIC_4901330,3
ISIC_4901577,2
ISIC_4901633,4
ISIC_4901967,0
ISIC_4902829,0
ISIC_4903186,1
ISIC_4903900,1
ISIC_4903927,2
ISIC_4903988,2
ISIC_4904317,1
ISIC_4904364,2
ISIC_4904405,4
ISIC_4904912,2
ISIC_4905088,3
ISIC_4905111,2
ISIC_4905126,3
ISIC_4905331,3
ISIC_4906026,0
ISIC_4906130,2
ISIC_4906385,1
ISIC_4906470,0
ISIC_4907595,2
ISIC_4908514,0
ISIC_4908873,4
ISIC_4909154,1
ISIC_4909229,2
ISIC_4909462,1
ISIC_4910094,4
ISIC_4910271,2
ISIC_4910683,3
ISIC_4911104,2
ISIC_4911407,1
ISIC_4911852,3
ISIC_4912127,2
ISIC_4912369,2
ISIC_4912684,1
ISIC_4913284,4
ISIC_4913818,1
ISIC_4915404,3
ISIC_4915666,4
ISIC_4915889,2
ISIC_4915897,2
ISIC_4916704,4
ISIC_4917748,4
ISIC_4917773,3
ISIC_4918571,1
ISIC_4918809,0
ISIC_4919198,0
ISIC_4919209,2
ISIC_4919503,2
ISIC_4919596,4
ISIC_4919947,2
ISIC_4920051,4
ISIC_4920148,4
ISIC_4920166,1
ISIC_4920181,3
ISIC_4920999,0
ISIC_4921130,3
ISIC_4921164,0
ISIC_4921413,2
ISIC_4921648,1
ISIC_4921882,4
ISIC_4922000,2
ISIC_4922651,2
ISIC_4922965,0
ISIC_4923095,2
ISIC_4923457,4
ISIC_4923606,2
ISIC_4924365,0
ISIC_4924690,0
ISIC_4925442,3
ISIC_4925631,3
ISIC_4926099,2
ISIC_4926448,0
ISIC_4926484,0
ISIC_4926759,0
ISIC_4926788,4
ISIC_4927075,1
ISIC_4927297,3
ISIC_4927560,0
ISIC_4927573,0
ISIC_4927813,1
ISIC_4927895,3
ISIC_4927943,4
ISIC_4928143,4
ISIC_4928277,2
ISIC_4928426,0
ISIC_4928482,1
ISIC_4928553,0
ISIC_4929101,0
ISIC_4929141,2
ISIC_4929703,4
ISIC_4929865,1
ISIC_4930108,1
ISIC_4930558,2
ISIC_4930632,0
ISIC_4930672,4
ISIC_4930937,3
ISIC_4931777,4
ISIC_4932000,2
ISIC_4932763,2
ISIC_4932813,4
ISIC_4932844,1
ISIC_4933119,0
ISIC_4933150,1
ISIC_4933230,1
ISIC_4933332,4
ISIC_4933604,2
ISIC_4933735,1
ISIC_4934323,0
ISIC_4935711,3
ISIC_4936610,0
ISIC_4936662,0
ISIC_4936702,0
ISIC_4937316,3
ISIC_4937725,3
ISIC_4938165,4
ISIC_4938188,1
ISIC_4938376,1
ISIC_4938388,1
ISIC_4938638,3
ISIC_4938791,0
ISIC_4938994,3
ISIC_4939321,3
ISIC_4939497,4
ISIC_4939916,0
ISIC_4940947,1
ISIC_4941125,0
ISIC_4941243,1
ISIC_4941646,3
ISIC_4942545,2
ISIC_4942899,4
ISIC_4943234,3
ISIC_4943237,3
ISIC_4943389,4
ISIC_4943797,2
ISIC_4944445,1
ISIC_4944556,4
ISIC_4944690,0
ISIC_4945233,3
ISIC_4945245,2
ISIC_4945584,4
ISIC_4946006,0
ISIC_4946031,2
ISIC_4946953,3
ISIC_4947205,4
ISIC_4947726,4
ISIC_4947778,4
ISIC_4947816,0
ISIC_4948093,2
ISIC_4948341,3
ISIC_4948642,4
ISIC_4948722,2
ISIC_4949652,4
ISIC_4949672,0
ISIC_4949846,1
ISIC_4950151,2
ISIC_4950290,4
ISIC_4950321,4
ISIC_4950467,3
ISIC_4950948,3
ISIC_4951035,4
ISIC_4951095,3
ISIC_4951557,2
ISIC_4952040,1
ISIC_4952227,4
ISIC_4952515,4
ISIC_4952820,3
ISIC_4953080,3
ISIC_4954282,3
ISIC_4954719,2
ISIC_4954740,1
ISIC_4954969,0
ISIC_4955457,4
ISIC_4955740,0
ISIC_4955968,3
ISIC_4956352,1
ISIC_4956558,2
ISIC_4956713,0
ISIC_4956766,0
ISIC_4956861,3
ISIC_4956965,3
ISIC_4957216,0
ISIC_4957315,0
ISIC_4957730,4
ISIC_4957778,2
ISIC_4957931,1
ISIC_4957985,4
ISIC_4958006,0
ISIC_4958219,1
ISIC_4958578,3
ISIC_4958861,2
ISIC_4959023,0
ISIC_4959114,0
ISIC_4959937,0
ISIC_4960406,1
ISIC_4960477,0
ISIC_4960784,4
ISIC_4960802,1
ISIC_4961292,2
ISIC_4961493,1
ISIC_4961543,0
ISIC_4961708,0
ISIC_4962288,4
ISIC_4962984,4
ISIC_4963111,0
ISIC_4963405,2
ISIC_4963410,0
ISIC_4963625,4
ISIC_4964433,1
ISIC_4964478,2
ISIC_4964532,1
ISIC_4964586,4
ISIC_4964644,1
ISIC_4965160,3
ISIC_4965459,1
ISIC_4965526,2
ISIC_4965795,1
ISIC_4965832,3
ISIC_4965850,1
ISIC_4965967,4
ISIC_4966148,3
ISIC_4966496,0
ISIC_4966865,4
ISIC_4967164,3
ISIC_4967564,0
ISIC_4967586,0
ISIC_4967639,1
ISIC_4967755,1
ISIC_4967830,3
ISIC_4968388,4
ISIC_4968536,3
ISIC_4968624,4
ISIC_4968876,4
ISIC_4969221,4
ISIC_4969249,3
ISIC_4969320,3
ISIC_4969372,4
ISIC_4969660,3
ISIC_4969996,1
ISIC_4971047,4
ISIC_4971534,3
ISIC_4971739,1
ISIC_4972756,4
ISIC_4972972,3
ISIC_4973203,0
ISIC_4973282,1
ISIC_4973549,3
ISIC_4973666,2
ISIC_4973809,3
ISIC_4973831,0
ISIC_4974475,0
ISIC_4974788,2
ISIC_4975243,4
ISIC_4975454,0
ISIC_4975505,2
ISIC_4975848,3
ISIC_4975949,1
ISIC_4976189,1
ISIC_4976513,1
ISIC_4977119,2
ISIC_4977415,0
ISIC_4977971,0
ISIC_4978039,0
ISIC_4978474,3
ISIC_4978697,0
ISIC_4978829,2
ISIC_4978973,4
ISIC_4979071,4
ISIC_4979624,1
ISIC_4979697,0
ISIC_4979909,3
ISIC_4980079,0
ISIC_4980328,3
ISIC_4980338,2
ISIC_4980656,1
ISIC_4981135,4
ISIC_4981344,1
ISIC_4981507,3
ISIC_4981608,1
ISIC_4981759,4
ISIC_4982097,3
ISIC_4983237,3
ISIC_4983367,1
ISIC_4983464,2
ISIC_4984668,1
ISIC_4984688,3
ISIC_4984992,0
ISIC_4985037,0
ISIC_4985369,4
ISIC_4986274,4
ISIC_4986451,3
ISIC_4986485,2
ISIC_4986879,2
ISIC_4986933,0
ISIC_4987297,0
ISIC_4987473,0
ISIC_4988141,1
ISIC_4988671,4
ISIC_4989914,2
ISIC_4991633,1
ISIC_4991644,3
ISIC_4992060,3
ISIC_4992109,2
ISIC_4992554,3
ISIC_4992702,2
ISIC_4993417,0
ISIC_4993777,0
ISIC_4993799,0
ISIC_4994072,4
ISIC_4994445,4
ISIC_4994695,4
ISIC_4994891,0
ISIC_4995656,2
ISIC_4996497,2
ISIC_4996867,3
ISIC_4997532,4
ISIC_4998280,4
ISIC_4998535,2
ISIC_4998816,4
ISIC_4998826,0
ISIC_5000359,3
ISIC_5000531,1
ISIC_5000592,3
ISIC_5001033,2
ISIC_5001123,4
ISIC_5001317,2
ISIC_5002041,3
ISIC_5002096,4
ISIC_5002227,4
ISIC_5002700,0
ISIC_5002738,2
ISIC_5002739,3
ISIC_5003062,1
ISIC_5003226,1
ISIC_5003391,2
ISIC_5003538,4
ISIC_5003751,3
ISIC_5003787,3
ISIC_5003862,0
ISIC_5004291,3
ISIC_5004681,3
ISIC_5004716,4
ISIC_5005065,3
ISIC_5005149,3
ISIC_5005253,4
ISIC_5005747,2
ISIC_5005869,3
ISIC_5005961,3
ISIC_5006020,1
ISIC_5006118,2
ISIC_5006135,1
ISIC_5006434,3
ISIC_5006877,0
ISIC_5006891,3
ISIC_5008272,4
ISIC_5008399,0
ISIC_5008478,0
ISIC_5008602,4
ISIC_5009085,0
ISIC_5009935,3
ISIC_5009980,1
ISIC_5010197,2
ISIC_5011222,3
ISIC_5011331,0
ISIC_5011531,3
ISIC_5011583,2
ISIC_5012067,1
ISIC_5012435,3
ISIC_5013346,2
ISIC_5013376,2
ISIC_5013558,2
ISIC_5013602,2
ISIC_5014345,0
ISIC_5014425,2
ISIC_5014516,3
ISIC_5015081,0
ISIC_5015378,3
ISIC_5015391,1
ISIC_5016141,2
ISIC_5016597,0
ISIC_5017874,0
ISIC_5018298,4
ISIC_5018367,0
ISIC_5018520,3
ISIC_5018620,0
ISIC_5018840,4
ISIC_5019268,1
ISIC_5019303,2
ISIC_5021038,4
ISIC_5021861,2
ISIC_5021938,0
ISIC_5022002,1
ISIC_5022546,2
ISIC_5022555,2
ISIC_5022895,1
ISIC_5023040,3
ISIC_5023793,2
ISIC_5023949,0
ISIC_5025675,3
ISIC_5026265,3
ISIC_5026565,4
ISIC_5026709,3
ISIC_5026745,3
ISIC_5028203,1
ISIC_5028303,4
ISIC_5028581,1
ISIC_5028612,3
ISIC_5028878,1
ISIC_5028913,0
ISIC_5029008,3
ISIC_5029146,2
ISIC_5029636,2
ISIC_5029669,3
ISIC_5029679,2
ISIC_5029767,4
ISIC_5029956,0
ISIC_5030337,0
ISIC_5030416,2
ISIC_5030989,0
ISIC_5031252,3
ISIC_5031380,3
ISIC_5031549,4
ISIC_5032047,2
ISIC_5032060,3
ISIC_5032464,3
ISIC_5032938,0
ISIC_5033074,4
ISIC_5033871,4
ISIC_5033906,4
ISIC_5033950,4
ISIC_5034304,1
ISIC_5034671,0
ISIC_5035663,2
ISIC_5036010,1
ISIC_5036393,2
ISIC_5037370,2
ISIC_5037592,4
ISIC_5037740,4
ISIC_5037784,0
ISIC_5037785,3
ISIC_5037796,4
ISIC_5038440,1
ISIC_5038808,1
ISIC_5038943,2
ISIC_5038963,2
ISIC_5039396,4
ISIC_5039708,2
ISIC_5039895,0
ISIC_5039900,2
ISIC_5040726,0
ISIC_5041059,2
ISIC_5041139,3
ISIC_5041398,4
ISIC_5041679,4
ISIC_5042077,1
ISIC_5042455,0
ISIC_5042497,0
ISIC_5042524,2
ISIC_5042770,1
ISIC_5042983,2
ISIC_5043090,4
ISIC_5043429,3
ISIC_5043996,4
ISIC_5044391,1
ISIC_5044438,4
ISIC_5044449,0
ISIC_5044479,4
ISIC_5044557,2
ISIC_5044647,1
ISIC_5044765,3
ISIC_5044766,1
ISIC_5044940,0
ISIC_5045173,1
ISIC_5045600,3
ISIC_5046055,0
ISIC_5046082,1
ISIC_5046340,2
ISIC_5046352,3
ISIC_5046402,3
ISIC_5047172,4
ISIC_5047840,3
ISIC_5047862,4
ISIC_5047865,1
ISIC_5047956,3
ISIC_5047962,2
ISIC_5048124,0
ISIC_5048571,1
ISIC_5049137,3
ISIC_5049165,3
ISIC_5049325,4
ISIC_5049365,1
ISIC_5050669,2
ISIC_5050702,0
ISIC_5051449,2
ISIC_5051632,1
ISIC_5051907,2
ISIC_5052630,4
ISIC_5052760,1
ISIC_5053869,0
ISIC_5053904,3
ISIC_5054136,2
ISIC_5054317,3
ISIC_5054877,4
ISIC_5055404,3
ISIC_5055871,2
ISIC_5055930,2
ISIC_5056170,4
ISIC_5056768,0
ISIC_5057452,4
ISIC_5057716,2
ISIC_5057875,0
ISIC_5058120,0
ISIC_5058159,2
ISIC_5059092,4
ISIC_5059195,4
ISIC_5059355,0
ISIC_5059375,1
ISIC_5059476,3
ISIC_5059640,3
ISIC_5060012,3
ISIC_5060016,0
ISIC_5060252,1
ISIC_5060576,4
ISIC_5061168,3
ISIC_5061278,4
ISIC_5061329,3
ISIC_5061466,0
ISIC_5061661,3
ISIC_5062795,2
ISIC_5063451,0
ISIC_5063645,1
ISIC_5064969,3
ISIC_5065157,3
ISIC_5065245,4
ISIC_5065360,4
ISIC_5065528,2
ISIC_5066267,2
ISIC_5066448,0
ISIC_5066548,0
ISIC_5066849,2
ISIC_5067317,3
ISIC_5068221,4
ISIC_5068748,0
ISIC_5069034,2
ISIC_5069292,0
ISIC_5069412,4
ISIC_5069688,0
ISIC_5069715,1
ISIC_5069771,1
ISIC_5069780,0
ISIC_5070664,4
ISIC_5070697,2
ISIC_5070701,2
ISIC_5070849,4
ISIC_5070894,0
ISIC_5071046,1
ISIC_5071555,2
ISIC_5071682,3
ISIC_5071800,3
ISIC_5072049,2
ISIC_5072210,3
ISIC_5072343,4
ISIC_5072761,2
ISIC_5072824,0
ISIC_5073160,4
ISIC_5073817,1
ISIC_5073847,1
ISIC_5074129,2
ISIC_5074160,3
ISIC_5074228,3
ISIC_5074788,1
ISIC_5074858,0
ISIC_5074968,4
ISIC_5075202,3
ISIC_5075232,1
ISIC_5075261,0
ISIC_5075404,0
ISIC_5075453,4
ISIC_5076396,1
ISIC_5076700,0
ISIC_5076871,1
ISIC_5077627,4
ISIC_5077664,0
ISIC_5078356,4
ISIC_5079103,3
ISIC_5079420,0
ISIC_5079465,3
ISIC_5080559,4
ISIC_5080783,3
ISIC_5081382,2
ISIC_5081644,3
ISIC_5082596,1
ISIC_5082615,4
ISIC_5084113,2
ISIC_5084146,3
ISIC_5084150,0
ISIC_5084175,3
ISIC_5084360,4
ISIC_5084654,0
ISIC_5084661,4
ISIC_5084682,1
ISIC_5084796,2
ISIC_5086219,0
ISIC_5086254,4
ISIC_5086349,2
ISIC_5086403,1
ISIC_5086676,1
ISIC_5086709,2
ISIC_5087331,2
ISIC_5087395,2
ISIC_5087951,0
ISIC_5088967,0
ISIC_5089423,3
ISIC_5090146,2
ISIC_5090400,2
ISIC_5090724,1
ISIC_5090739,3
ISIC_5091090,3
ISIC_5091521,3
ISIC_5091712,2
ISIC_5091815,2
ISIC_5091950,3
ISIC_5092424,3
ISIC_5092484,2
ISIC_5092834,2
ISIC_5093070,4
ISIC_5093264,1
ISIC_5093799,1
ISIC_5095445,0
ISIC_5095848,1
ISIC_5096132,0
ISIC_5096227,1
ISIC_5096336,3
ISIC_5096338,2
ISIC_5096378,1
ISIC_5096556,3
ISIC_5096569,4
ISIC_5096748,0
ISIC_5097490,1
ISIC_5097785,0
ISIC_5097807,1
ISIC_5097912,3
ISIC_5097947,2
ISIC_5098152,1
ISIC_5098492,3
ISIC_5098663,4
ISIC_5098722,1
ISIC_5098778,1
ISIC_5099193,1
ISIC_5099324,2
ISIC_5099569,2
ISIC_5099981,3
ISIC_5100134,1
ISIC_5100319,0
ISIC_5101111,3
ISIC_5101218,0
ISIC_5101240,4
ISIC_5101322,2
ISIC_5101955,0
ISIC_5102688,2
ISIC_5102769,2
ISIC_5102846,3
ISIC_5103342,4
ISIC_5103657,2
ISIC_5103658,3
ISIC_5103854,1
ISIC_5104054,3
ISIC_5104241,0
ISIC_5104731,4
ISIC_5104795,1
ISIC_5104921,3
ISIC_5105824,3
ISIC_5106102,2
ISIC_5106239,3
ISIC_5106240,2
ISIC_5106348,1
ISIC_5106545,2
ISIC_5106638,2
ISIC_5106867,4
ISIC_5106902,0
ISIC_5107157,3
ISIC_5107195,0
ISIC_5107655,0
ISIC_5108076,3
ISIC_5108538,3
ISIC_5108732,1
ISIC_5109296,3
ISIC_5109327,2
ISIC_5109915,2
ISIC_5110133,2
ISIC_5110209,0
ISIC_5110505,3
ISIC_5110696,3
ISIC_5111439,1
ISIC_5111521,0
ISIC_5112267,2
ISIC_5112744,1
ISIC_5112908,3
ISIC_5112931,4
ISIC_5113169,2
ISIC_5113187,4
ISIC_5113492,2
ISIC_5113530,1
ISIC_5113684,1
ISIC_5114555,4
ISIC_5115473,4
ISIC_5116541,0
ISIC_5116614,4
ISIC_5117209,0
ISIC_5117658,2
ISIC_5118254,4
ISIC_5118536,4
ISIC_5118951,1
ISIC_5119261,1
ISIC_5119269,2
ISIC_5119273,1
ISIC_5119380,1
ISIC_5119949,2
ISIC_5120109,4
ISIC_5120553,2
ISIC_5120564,2
ISIC_5120795,4
ISIC_5121178,3
ISIC_5121498,3
ISIC_5121988,2
ISIC_5122042,2
ISIC_5122091,2
ISIC_5122168,1
ISIC_5122173,2
ISIC_5122220,4
ISIC_5123366,1
ISIC_5123813,4
ISIC_5123817,4
ISIC_5123837,1
ISIC_5123950,3
ISIC_5123979,3
ISIC_5124889,4
ISIC_5124997,0
ISIC_5125226,3
ISIC_5125438,0
ISIC_5125960,3
ISIC_5126638,0
ISIC_5127759,2
ISIC_5127944,3
ISIC_5128216,1
ISIC_5128348,4
ISIC_5128589,3
ISIC_5128793,2
ISIC_5130179,3
ISIC_5130418,4
ISIC_5130558,1
ISIC_5130786,2
ISIC_5130916,3
ISIC_5131121,4
ISIC_5131138,0
ISIC_5131198,4
ISIC_5131330,1
ISIC_5131452,0
ISIC_5131821,3
ISIC_5131914,2
ISIC_5132214,2
ISIC_5132536,1
ISIC_5132893,2
ISIC_5133396,4
ISIC_5133461,4
ISIC_5133729,0
ISIC_5133804,4
ISIC_5134634,0
ISIC_5134680,1
ISIC_5134862,1
ISIC_5135143,4
ISIC_5135700,1
ISIC_5135858,3
ISIC_5136151,0
ISIC_5136370,3
ISIC_5136612,4
ISIC_5136890,2
ISIC_5137061,3
ISIC_5137911,3
ISIC_5137933,4
ISIC_5138032,0
ISIC_5138700,3
ISIC_5139028,2
ISIC_5140952,1
ISIC_5141510,3
ISIC_5141596,3
ISIC_5141844,1
ISIC_5142088,0
ISIC_5142275,4
ISIC_5142375,4
ISIC_5142472,0
ISIC_5142479,2
ISIC_5142496,1
ISIC_5142743,4
ISIC_5143697,1
ISIC_5143786,1
ISIC_5143813,2
ISIC_5143984,1
ISIC_5144082,0
ISIC_5144150,4
ISIC_5144373,4
ISIC_5144615,4
ISIC_5144730,1
ISIC_5144813,0
ISIC_5145325,4
ISIC_5145347,0
ISIC_5145651,3
ISIC_5146245,3
ISIC_5146942,1
ISIC_5147263,1
ISIC_5147292,2
ISIC_5147346,4
ISIC_5147524,3
ISIC_5148474,0
ISIC_5148544,1
ISIC_5148635,2
ISIC_5148638,4
ISIC_5148722,1
ISIC_5148751,0
ISIC_5148961,0
ISIC_5149021,1
ISIC_5149127,2
ISIC_5149162,1
ISIC_5149397,0
ISIC_5149730,3
ISIC_5150141,4
ISIC_5150200,3
ISIC_5150491,3
ISIC_5150671,3
ISIC_5150938,4
ISIC_5151091,4
ISIC_5151261,3
ISIC_5151428,1
ISIC_5151719,2
ISIC_5152000,1
ISIC_5152600,3
ISIC_5152619,2
ISIC_5152859,2
ISIC_5153075,2
ISIC_5153404,4
ISIC_5153482,2
ISIC_5153725,3
ISIC_5154175,0
ISIC_5154320,4
ISIC_5155692,1
ISIC_5156210,4
ISIC_5157055,2
ISIC_5157775,0
ISIC_5157799,1
ISIC_5157962,1
ISIC_5158305,0
ISIC_5158597,4
ISIC_5158910,3
ISIC_5159043,4
ISIC_5159400,1
ISIC_5159517,3
ISIC_5159557,1
ISIC_5161114,3
ISIC_5162216,3
ISIC_5162699,4
ISIC_5162861,3
ISIC_5162875,0
ISIC_5163183,0
ISIC_5163257,2
ISIC_5163523,1
ISIC_5163807,2
ISIC_5163976,4
ISIC_5164045,0
ISIC_5164059,0
ISIC_5164319,3
ISIC_5164416,2
ISIC_5165183,2
ISIC_5165286,3
ISIC_5165522,1
ISIC_5165544,3
ISIC_5165620,0
ISIC_5166636,3
ISIC_5166798,2
ISIC_5166934,3
ISIC_5166956,0
ISIC_5167001,0
ISIC_5167067,1
ISIC_5167209,1
ISIC_5167572,1
ISIC_5168050,0
ISIC_5168662,0
ISIC_5169434,4
ISIC_5169650,1
ISIC_5169849,2
ISIC_5169967,2
ISIC_5170196,0
ISIC_5170228,0
ISIC_5170323,4
ISIC_5170482,0
ISIC_5170766,0
ISIC_5170821,4
ISIC_5171439,1
ISIC_5172053,3
ISIC_5173343,3
ISIC_5173385,3
ISIC_5173486,1
ISIC_5173742,0
ISIC_5173984,3
ISIC_5174173,4
ISIC_5174403,0
ISIC_5174438,1
ISIC_5174617,1
ISIC_5174685,3
ISIC_5175471,2
ISIC_5175564,1
ISIC_5175636,0
ISIC_5176105,2
ISIC_5176297,1
ISIC_5176419,2
ISIC_5176708,2
ISIC_5177353,0
ISIC_5178031,2
ISIC_5178161,1
ISIC_5178216,1
ISIC_5178977,1
ISIC_5179415,2
ISIC_5179497,3
ISIC_5179503,0
ISIC_5179549,0
ISIC_5179620,1
ISIC_5179742,4
ISIC_5179841,0
ISIC_5179884,1
ISIC_5180805,0
ISIC_5181177,3
ISIC_5181340,1
ISIC_5181956,2
ISIC_5182084,1
ISIC_5182148,1
ISIC_5182179,1
ISIC_5182364,4
ISIC_5182592,0
ISIC_5182725,3
ISIC_5182820,3
ISIC_5182841,2
ISIC_5183488,3
ISIC_5184722,2
ISIC_5185074,3
ISIC_5185188,0
ISIC_5185222,2
ISIC_5185580,2
ISIC_5185729,4
ISIC_5186059,3
ISIC_5187457,4
ISIC_5187819,4
ISIC_5188065,0
ISIC_5188723,0
ISIC_5188831,0
ISIC_5189247,1
ISIC_5189310,1
ISIC_5189688,1
ISIC_5189783,4
ISIC_5189804,2
ISIC_5189902,1
ISIC_5189963,3
ISIC_5190484,1
ISIC_5190562,2
ISIC_5190837,0
ISIC_5190920,4
ISIC_5191018,3
ISIC_5191115,3
ISIC_5191344,4
ISIC_5191998,3
ISIC_5192051,1
ISIC_5192265,2
ISIC_5192527,4
ISIC_5192684,2
ISIC_5193510,3
ISIC_5193576,3
ISIC_5193810,3
ISIC_5194331,4
ISIC_5194334,2
ISIC_5194340,4
ISIC_5194345,1
ISIC_5194705,3
ISIC_5194874,3
ISIC_5195360,3
ISIC_5195381,0
ISIC_5195680,2
ISIC_5195977,0
ISIC_5196005,0
ISIC_5196052,2
ISIC_5196220,3
ISIC_5196516,3
ISIC_5196781,4
ISIC_5196913,3
ISIC_5196937,3
ISIC_5196989,1
ISIC_5197473,3
ISIC_5198201,1
ISIC_5198347,0
ISIC_5198439,1
ISIC_5198780,0
ISIC_5198817,1
ISIC_5198847,0
ISIC_5198996,3
ISIC_5199301,3
ISIC_5199342,2
ISIC_5199497,1
ISIC_5200765,1
ISIC_5200791,4
ISIC_5200993,4
ISIC_5201151,1
ISIC_5202074,2
ISIC_5202231,3
ISIC_5202235,3
ISIC_5202944,0
ISIC_5203137,3
ISIC_5203504,1
ISIC_5203791,2
ISIC_5204029,2
ISIC_5204117,4
ISIC_5204143,3
ISIC_5204245,3
ISIC_5204408,0
ISIC_5204796,0
ISIC_5204824,4
ISIC_5204992,0
ISIC_5205426,0
ISIC_5205454,2
ISIC_5205468,2
ISIC_5206080,1
ISIC_5206218,0
ISIC_5207050,4
ISIC_5207136,0
ISIC_5207738,0
ISIC_5207969,3
ISIC_5208069,0
ISIC_5208090,4
ISIC_5208232,3
ISIC_5208357,0
ISIC_5208613,1
ISIC_5208789,0
ISIC_5208963,1
ISIC_5209007,1
ISIC_5209031,0
ISIC_5209265,0
ISIC_5209401,0
ISIC_5209769,0
ISIC_5210016,2
ISIC_5210063,1
ISIC_5210074,4
ISIC_5210185,0
ISIC_5210340,0
ISIC_5211080,1
ISIC_5212189,1
ISIC_5212857,4
ISIC_5213224,2
ISIC_5213663,4
ISIC_5213792,3
ISIC_5213829,3
ISIC_5214247,0
ISIC_5214779,0
ISIC_5215191,1
ISIC_5216586,2
ISIC_5216654,2
ISIC_5216675,1
ISIC_5216976,4
ISIC_5217509,1
ISIC_5218474,1
ISIC_5218530,3
ISIC_5218561,0
ISIC_5218739,2
ISIC_5218773,0
ISIC_5219334,1
ISIC_5219569,0
ISIC_5219705,1
ISIC_5219742,2
ISIC_5220254,4
ISIC_5220578,3
ISIC_5220580,1
ISIC_5220698,4
ISIC_5220911,3
ISIC_5221189,3
ISIC_5221354,2
ISIC_5221422,0
ISIC_5221619,0
ISIC_5221636,3
ISIC_5221917,0
ISIC_5222093,0
ISIC_5222541,2
ISIC_5222545,0
ISIC_5223096,1
ISIC_5223101,1
ISIC_5223280,0
ISIC_5224107,3
ISIC_5224467,0
ISIC_5225090,4
ISIC_5225256,3
ISIC_5225263,0
ISIC_5225336,3
ISIC_5225355,0
ISIC_5225528,2
ISIC_5225928,1
ISIC_5226018,0
ISIC_5226159,1
ISIC_5226275,1
ISIC_5226353,4
ISIC_5226371,1
ISIC_5226441,2
ISIC_5227075,2
ISIC_5227635,4
ISIC_5228997,0
ISIC_5229218,1
ISIC_5229249,3
ISIC_5229861,3
ISIC_5230282,4
ISIC_5230345,2
ISIC_5230371,1
ISIC_5230385,3
ISIC_5230497,3
ISIC_5230975,2
ISIC_5231145,4
ISIC_5231616,2
ISIC_5231959,3
ISIC_5231991,4
ISIC_5232632,2
ISIC_5233226,4
ISIC_5233406,2
ISIC_5233643,3
ISIC_5233769,1
ISIC_5233978,0
ISIC_5233994,1
ISIC_5234605,4
ISIC_5234835,3
ISIC_5234914,2
ISIC_5235200,1
ISIC_5235229,4
ISIC_5235431,1
ISIC_5235576,4
ISIC_5235744,4
ISIC_5236233,3
ISIC_5236367,2
ISIC_5237020,2
ISIC_5237723,3
ISIC_5237946,4
ISIC_5238111,3
ISIC_5238536,3
ISIC_5238649,1
ISIC_5238910,2
ISIC_5239242,4
ISIC_5239607,0
ISIC_5239796,1
ISIC_5239856,3
ISIC_5239966,3
ISIC_5240035,2
ISIC_5240387,1
ISIC_5240648,2
ISIC_5240834,0
ISIC_5241475,2
ISIC_5241850,1
ISIC_5242216,2
ISIC_5242698,0
ISIC_5243140,4
ISIC_5243378,1
ISIC_5243698,0
ISIC_5243831,4
ISIC_5244188,3
ISIC_5245212,1
ISIC_5246130,2
ISIC_5247102,1
ISIC_5247383,0
ISIC_5247508,3
ISIC_5247560,2
ISIC_5247735,0
ISIC_5248304,4
ISIC_5248486,0
ISIC_5248948,0
ISIC_5249665,2
ISIC_5250674,4
ISIC_5250835,2
ISIC_5250954,3
ISIC_5251150,0
ISIC_5251194,2
ISIC_5251429,0
ISIC_5251729,4
ISIC_5251830,0
ISIC_5251834,4
ISIC_5252266,1
ISIC_5252704,3
ISIC_5252709,1
ISIC_5253149,4
ISIC_5253954,3
ISIC_5254524,4
ISIC_5254803,2
ISIC_5254894,0
ISIC_5254982,1
ISIC_5255175,1
ISIC_5255299,4
ISIC_5255347,2
ISIC_5255922,0
ISIC_5256576,4
ISIC_5256697,3
ISIC_5257137,0
ISIC_5257429,4
ISIC_5258352,0
ISIC_5258551,1
ISIC_5258657,1
ISIC_5259313,0
ISIC_5259414,0
ISIC_5259518,3
ISIC_5259582,3
ISIC_5260050,2
ISIC_5260098,3
ISIC_5260323,2
ISIC_5261146,4
ISIC_5261384,1
ISIC_5261611,2
ISIC_5263419,4
ISIC_5263581,1
ISIC_5263643,3
ISIC_5263858,0
ISIC_5264153,2
ISIC_5264236,2
ISIC_5264761,3
ISIC_5264912,1
ISIC_5265488,4
ISIC_5265873,1
ISIC_5266650,1
ISIC_5266696,3
ISIC_5266752,1
ISIC_5266861,3
ISIC_5267132,3
ISIC_5267208,0
ISIC_5267251,0
ISIC_5267666,4
ISIC_5268041,3
ISIC_5268507,0
ISIC_5268669,4
ISIC_5269341,4
ISIC_5269776,0
ISIC_5269901,0
ISIC_5271116,4
ISIC_5271392,4
ISIC_5271496,1
ISIC_5271811,4
ISIC_5272009,1
ISIC_5272223,0
ISIC_5272345,2
ISIC_5272602,2
ISIC_5272654,3
ISIC_5272766,3
ISIC_5272837,0
ISIC_5272953,4
ISIC_5273029,4
ISIC_5273043,1
ISIC_5273268,2
ISIC_5273359,2
ISIC_5274880,0
ISIC_5274992,0
ISIC_5275138,0
ISIC_5275267,0
ISIC_5276435,2
ISIC_5278307,1
ISIC_5278649,4
ISIC_5278844,4
ISIC_5280019,3
ISIC_5280199,4
ISIC_5280331,4
ISIC_5280356,1
ISIC_5280906,0
ISIC_5281405,4
ISIC_5281485,2
ISIC_5281514,3
ISIC_5281576,1
ISIC_5281630,0
ISIC_5281762,4
ISIC_5281908,2
ISIC_5282642,3
ISIC_5282854,2
ISIC_5282898,3
ISIC_5283061,3
ISIC_5283150,4
ISIC_5283214,3
ISIC_5283412,0
ISIC_5283467,1
ISIC_5283980,0
ISIC_5284141,4
ISIC_5284504,4
ISIC_5284718,4
ISIC_5284935,3
ISIC_5286021,2
ISIC_5286203,0
ISIC_5286483,0
ISIC_5287679,4
ISIC_5287748,1
ISIC_5288404,0
ISIC_5288559,1
ISIC_5289026,4
ISIC_5289147,2
ISIC_5289572,1
ISIC_5289599,1
ISIC_5289926,3
ISIC_5290109,4
ISIC_5290521,0
ISIC_5290569,0
ISIC_5291129,2
ISIC_5291255,2
ISIC_5292859,4
ISIC_5292936,1
ISIC_5293407,0
ISIC_5293624,1
ISIC_5294396,2
ISIC_5294540,1
ISIC_5294689,1
ISIC_5295497,1
ISIC_5296443,3
ISIC_5296786,4
ISIC_5297101,1
ISIC_5297103,1
ISIC_5297111,1
ISIC_5297202,2
ISIC_5297660,4
ISIC_5298216,1
ISIC_5298608,4
ISIC_5299304,4
ISIC_5299464,2
ISIC_5299786,4
ISIC_5299821,1
ISIC_5300278,0
ISIC_5300453,0
ISIC_5300455,1
ISIC_5300774,4
ISIC_5300964,0
ISIC_5301131,4
ISIC_5301811,3
ISIC_5301938,2
ISIC_5301962,4
ISIC_5301965,2
ISIC_5302073,3
ISIC_5302229,1
ISIC_5302286,3
ISIC_5302483,3
ISIC_5302506,0
ISIC_5303069,2
ISIC_5303641,4
ISIC_5303717,3
ISIC_5303829,2
ISIC_5304633,0
ISIC_5305288,1
ISIC_5305757,4
ISIC_5305786,3
ISIC_5305787,3
ISIC_5306427,3
ISIC_5306841,2
ISIC_5306859,1
ISIC_5307070,0
ISIC_5307086,3
ISIC_5307210,1
ISIC_5307523,2
ISIC_5307900,4
ISIC_5308066,3
ISIC_5308859,0
ISIC_5309101,3
ISIC_5309300,4
ISIC_5309561,2
ISIC_5309572,2
ISIC_5309726,2
ISIC_5309814,3
ISIC_5309993,4
ISIC_5310011,4
ISIC_5310294,3
ISIC_5310630,2
ISIC_5310880,3
ISIC_5311458,1
ISIC_5311666,3
ISIC_5311982,0
ISIC_5312003,2
ISIC_5312584,1
ISIC_5312691,4
ISIC_5312710,4
ISIC_5312834,0
ISIC_5312909,1
ISIC_5313087,1
ISIC_5313563,3
ISIC_5313574,2
ISIC_5313579,4
ISIC_5314191,3
ISIC_5314534,3
ISIC_5314606,4
ISIC_5314855,1
ISIC_5315062,2
ISIC_5315125,0
ISIC_5315181,2
ISIC_5315486,3
ISIC_5315726,3
ISIC_5316258,4
ISIC_5316803,3
ISIC_5317325,1
ISIC_5317348,0
ISIC_5317565,0
ISIC_5317971,3
ISIC_5318217,3
ISIC_5318506,0
ISIC_5318595,4
ISIC_5318659,1
ISIC_5319167,1
ISIC_5319885,0
ISIC_5320143,3
ISIC_5320483,2
ISIC_5320523,3
ISIC_5320770,4
ISIC_5320879,1
ISIC_5320886,4
ISIC_5321109,0
ISIC_5321144,1
ISIC_5321219,4
ISIC_5321221,4
ISIC_5321539,1
ISIC_5321580,1
ISIC_5321852,4
ISIC_5322011,2
ISIC_5322071,4
ISIC_5322232,0
ISIC_5323125,1
ISIC_5323653,4
ISIC_5323725,1
ISIC_5323944,0
ISIC_5324178,3
ISIC_5324428,1
ISIC_5324623,4
ISIC_5324726,4
ISIC_5324760,2
ISIC_5324987,0
ISIC_5325281,1
ISIC_5325356,0
ISIC_5325805,4
ISIC_5325810,4
ISIC_5326225,2
ISIC_5326654,1
ISIC_5327000,2
ISIC_5327023,2
ISIC_5327271,3
ISIC_5327658,2
ISIC_5327976,0
ISIC_5329118,4
ISIC_5329156,4
ISIC_5329772,0
ISIC_5329981,0
ISIC_5330325,0
ISIC_5331089,1
ISIC_5331102,0
ISIC_5331204,0
ISIC_5331210,3
ISIC_5331424,1
ISIC_5332107,4
ISIC_5332306,0
ISIC_5332605,4
ISIC_5332814,4
ISIC_5333058,1
ISIC_5333238,0
ISIC_5333356,4
ISIC_5333549,4
ISIC_5334995,2
ISIC_5335049,2
ISIC_5335139,2
ISIC_5335353,0
ISIC_5336007,3
ISIC_5336289,4
ISIC_5336451,3
ISIC_5336548,0
ISIC_5337442,3
ISIC_5337614,4
ISIC_5337622,3
ISIC_5337720,0
ISIC_5338268,2
ISIC_5338510,4
ISIC_5338721,1
ISIC_5339620,1
ISIC_5340000,4
ISIC_5340117,0
ISIC_5340305,1
ISIC_5340455,0
ISIC_5340815,0
ISIC_5340965,3
ISIC_5341021,4
ISIC_5341212,2
ISIC_5341267,1
ISIC_5341606,3
ISIC_5342103,2
ISIC_5342109,0
ISIC_5342664,4
ISIC_5342681,2
ISIC_5343231,3
ISIC_5343424,0
ISIC_5344819,4
ISIC_5345112,3
ISIC_5345560,0
ISIC_5346135,4
ISIC_5346504,2
ISIC_5346591,0
ISIC_5346659,2
ISIC_5346936,0
ISIC_5347727,0
ISIC_5347806,2
ISIC_5347966,1
ISIC_5348582,3
ISIC_5348663,0
ISIC_5348855,3
ISIC_5349205,1
ISIC_5349456,2
ISIC_5349612,2
ISIC_5349762,4
ISIC_5350076,0
ISIC_5350198,2
ISIC_5350269,3
ISIC_5350864,0
ISIC_5351167,1
ISIC_5351400,0
ISIC_5351443,4
ISIC_5351964,3
ISIC_5352251,3
ISIC_5352684,2
ISIC_5353201,3
ISIC_5353241,3
ISIC_5353454,2
ISIC_5353986,0
ISIC_5354202,0
ISIC_5354607,1
ISIC_5354761,2
ISIC_5354827,2
ISIC_5355196,1
ISIC_5355302,2
ISIC_5356775,3
ISIC_5357067,4
ISIC_5357160,1
ISIC_5357288,4
ISIC_5357350,2
ISIC_5357406,0
ISIC_5357781,3
ISIC_5357900,4
ISIC_5357975,3
ISIC_5358174,4
ISIC_5358234,1
ISIC_5358421,2
ISIC_5358477,1
ISIC_5358548,3
ISIC_5358662,4
ISIC_5359062,3
ISIC_5359123,3
ISIC_5359127,1
ISIC_5359212,3
ISIC_5359253,3
ISIC_5359353,1
ISIC_5359416,0
ISIC_5359621,0
ISIC_5360115,1
ISIC_5360253,3
ISIC_5360456,3
ISIC_5360623,3
ISIC_5360921,1
ISIC_5361285,0
ISIC_5361343,2
ISIC_5361404,1
ISIC_5361506,1
ISIC_5361778,1
ISIC_5361965,2
ISIC_5362038,4
ISIC_5362188,1
ISIC_5362590,4
ISIC_5362760,0
ISIC_5362869,3
ISIC_5362925,0
ISIC_5363229,4
ISIC_5363585,1
ISIC_5363849,1
ISIC_5364122,4
ISIC_5364330,2
ISIC_5364841,0
ISIC_5365015,4
ISIC_5365145,0
ISIC_5365232,3
ISIC_5365537,1
ISIC_5365617,2
ISIC_5365919,4
ISIC_5366458,4
ISIC_5366635,2
ISIC_5366657,3
ISIC_5367149,0
ISIC_5367277,0
ISIC_5367506,2
ISIC_5368272,4
ISIC_5368613,4
ISIC_5368668,3
ISIC_5368880,3
ISIC_5369000,0
ISIC_5369680,1
ISIC_5370367,0
ISIC_5370599,0
ISIC_5370803,2
ISIC_5372701,3
ISIC_5372911,4
ISIC_5373091,2
ISIC_5373239,3
ISIC_5373353,0
ISIC_5373844,0
ISIC_5374076,4
ISIC_5376036,1
ISIC_5376141,1
ISIC_5377148,1
ISIC_5377237,2
ISIC_5377693,4
ISIC_5377819,2
ISIC_5377943,0
ISIC_5377977,1
ISIC_5378152,1
ISIC_5378363,0
ISIC_5378379,1
ISIC_5379122,2
ISIC_5379272,4
ISIC_5379786,4
ISIC_5380145,2
ISIC_5380326,3
ISIC_5380827,2
ISIC_5380914,0
ISIC_5381033,3
ISIC_5381502,2
ISIC_5381545,1
ISIC_5381712,0
ISIC_5382189,0
ISIC_5382385,3
ISIC_5382691,2
ISIC_5383064,1
ISIC_5383252,0
ISIC_5383356,2
ISIC_5383549,2
ISIC_5383791,2
ISIC_5384059,3
ISIC_5384663,1
ISIC_5385299,2
ISIC_5385528,4
ISIC_5386105,2
ISIC_5386244,3
ISIC_5386694,1
ISIC_5386739,2
ISIC_5387201,0
ISIC_5387348,0
ISIC_5387815,2
ISIC_5387829,4
ISIC_5388184,2
ISIC_5388245,3
ISIC_5388485,0
ISIC_5388493,4
ISIC_5388851,2
ISIC_5388893,0
ISIC_5389366,2
ISIC_5389415,4
ISIC_5389652,1
ISIC_5389831,4
ISIC_5390261,1
ISIC_5390565,1
ISIC_5390932,1
ISIC_5391190,0
ISIC_5391415,4
ISIC_5391758,3
ISIC_5392118,4
ISIC_5392465,4
ISIC_5392958,2
ISIC_5392994,3
ISIC_5393011,4
ISIC_5393017,3
ISIC_5393065,4
ISIC_5393132,2
ISIC_5393367,2
ISIC_5393557,4
ISIC_5393611,1
ISIC_5393919,3
ISIC_5395011,3
ISIC_5395341,0
ISIC_5395344,2
ISIC_5395714,4
ISIC_5396264,4
ISIC_5396321,2
ISIC_5396394,1
ISIC_5396459,0
ISIC_5397058,2
ISIC_5397163,3
ISIC_5397395,0
ISIC_5397483,3
ISIC_5397779,1
ISIC_5397818,1
ISIC_5398613,4
ISIC_5399014,4
ISIC_5399150,1
ISIC_5399478,4
ISIC_5399828,1
ISIC_5399860,0
ISIC_5399929,4
ISIC_5400113,4
ISIC_5400316,2
ISIC_5400342,3
ISIC_5400609,2
ISIC_5400837,1
ISIC_5400911,3
ISIC_5401671,2
ISIC_5401740,2
ISIC_5402119,1
ISIC_5402327,1
ISIC_5402678,1
ISIC_5402787,1
ISIC_5403296,2
ISIC_5404729,1
ISIC_5404908,1
ISIC_5405456,1
ISIC_5405889,3
ISIC_5405896,1
ISIC_5406576,3
ISIC_5406633,1
ISIC_5406677,0
ISIC_5406752,4
ISIC_5407063,3
ISIC_5407167,4
ISIC_5407191,4
ISIC_5407240,3
ISIC_5407343,4
ISIC_5407436,2
ISIC_5407528,4
ISIC_5407653,2
ISIC_5407936,2
ISIC_5408353,4
ISIC_5408436,0
ISIC_5408489,2
ISIC_5408756,2
ISIC_5408967,1
ISIC_5409064,0
ISIC_5409137,0
ISIC_5409681,2
ISIC_5409716,2
ISIC_5409790,3
ISIC_5409858,2
ISIC_5409902,0
ISIC_5409956,2
ISIC_5409993,0
ISIC_5410088,2
ISIC_5410400,3
ISIC_5410451,0
ISIC_5410481,1
ISIC_5410512,1
ISIC_5411565,2
ISIC_5412095,3
ISIC_5413136,1
ISIC_5413630,3
ISIC_5413674,4
ISIC_5413771,0
ISIC_5413788,4
ISIC_5414133,3
ISIC_5414609,1
ISIC_5414643,1
ISIC_5414884,0
ISIC_5415213,4
ISIC_5415761,4
ISIC_5415781,3
ISIC_5415950,0
ISIC_5415964,1
ISIC_5416004,1
ISIC_5416514,4
ISIC_5416567,1
ISIC_5416646,4
ISIC_5416978,4
ISIC_5417016,1
ISIC_5418216,0
ISIC_5418463,0
ISIC_5418563,1
ISIC_5418679,2
ISIC_5418684,4
ISIC_5418694,2
ISIC_5418861,2
ISIC_5419016,2
ISIC_5419062,2
ISIC_5419475,3
ISIC_5420613,2
ISIC_5420979,3
ISIC_5420987,3
ISIC_5422123,3
ISIC_5422432,2
ISIC_5422940,4
ISIC_5423041,0
ISIC_5423398,2
ISIC_5423896,2
ISIC_5424547,3
ISIC_5425366,3
ISIC_5425595,3
ISIC_5425691,2
ISIC_5425721,1
ISIC_5425741,1
ISIC_5426673,4
ISIC_5426854,3
ISIC_5427407,4
ISIC_5427659,2
ISIC_5428274,1
ISIC_5428651,4
ISIC_5428925,4
ISIC_5429020,2
ISIC_5429665,2
ISIC_5430554,1
ISIC_5431682,3
ISIC_5431995,3
ISIC_5432419,4
ISIC_5432603,2
ISIC_5432721,2
ISIC_5432777,0
ISIC_5433087,1
ISIC_5433553,3
ISIC_5433575,4
ISIC_5434055,3
ISIC_5434070,4
ISIC_5434229,3
ISIC_5434275,2
ISIC_5434350,2
ISIC_5434661,1
ISIC_5435067,3
ISIC_5435291,0
ISIC_5435642,4
ISIC_5435863,1
ISIC_5436811,1
ISIC_5436888,1
ISIC_5437356,4
ISIC_5437618,1
ISIC_5437710,0
ISIC_5437766,3
ISIC_5437785,0
ISIC_5438125,3
ISIC_5438156,2
ISIC_5438431,3
ISIC_5438458,3
ISIC_5439041,1
ISIC_5439597,4
ISIC_5440063,4
ISIC_5440296,0
ISIC_5440360,2
ISIC_5441132,0
ISIC_5441247,0
ISIC_5441597,4
ISIC_5441990,0
ISIC_5442001,0
ISIC_5442158,0
ISIC_5442452,3
ISIC_5442464,1
ISIC_5442578,2
ISIC_5442756,2
ISIC_5442834,2
ISIC_5442856,4
ISIC_5443036,2
ISIC_5443525,3
ISIC_5443689,1
ISIC_5443837,2
ISIC_5443845,2
ISIC_5444355,1
ISIC_5444991,1
ISIC_5445188,2
ISIC_5445212,4
ISIC_5446127,2
ISIC_5446200,2
ISIC_5446470,3
ISIC_5446515,4
ISIC_5446957,1
ISIC_5446987,4
ISIC_5447103,2
ISIC_5448850,4
ISIC_5449507,2
ISIC_5449597,1
ISIC_5449822,4
ISIC_5449908,2
ISIC_5450503,4
ISIC_5451336,1
ISIC_5451400,1
ISIC_5451433,0
ISIC_5452119,4
ISIC_5452648,3
ISIC_5453032,1
ISIC_5453231,2
ISIC_5454321,2
ISIC_5454766,1
ISIC_5454983,1
ISIC_5455157,2
ISIC_5455568,1
ISIC_5457229,1
ISIC_5457246,0
ISIC_5457442,1
ISIC_5457625,4
ISIC_5457705,4
ISIC_5457826,0
ISIC_5457889,0
ISIC_5457974,4
ISIC_5458166,0
ISIC_5458290,0
ISIC_5458886,4
ISIC_5458933,4
ISIC_5459056,4
ISIC_5459207,1
ISIC_5459256,3
ISIC_5459795,0
ISIC_5459997,0
ISIC_5460120,4
ISIC_5461609,4
ISIC_5462221,3
ISIC_5462334,3
ISIC_5463111,2
ISIC_5463880,1
ISIC_5464050,1
ISIC_5464206,3
ISIC_5464509,1
ISIC_5464614,1
ISIC_5464900,3
ISIC_5464911,4
ISIC_5464942,3
ISIC_5465521,2
ISIC_5465724,0
ISIC_5467082,0
ISIC_5467356,2
ISIC_5467675,0
ISIC_5467728,1
ISIC_5468164,0
ISIC_5468245,3
ISIC_5468824,0
ISIC_5468989,3
ISIC_5469302,3
ISIC_5469457,4
ISIC_5469914,0
ISIC_5469999,1
ISIC_5470000,1
ISIC_5470097,4
ISIC_5470300,2
ISIC_5470394,2
ISIC_5470594,1
ISIC_5471749,0
ISIC_5471848,3
ISIC_5471948,2
ISIC_5472470,0
ISIC_5472629,0
ISIC_5473648,4
ISIC_5473807,3
ISIC_5474398,4
ISIC_5474663,2
ISIC_5474797,2
ISIC_5474923,0
ISIC_5475423,3
ISIC_5475765,3
ISIC_5476174,4
ISIC_5476277,3
ISIC_5476463,0
ISIC_5476770,4
ISIC_5476775,2
ISIC_5477617,2
ISIC_5477838,4
ISIC_5477879,1
ISIC_5478234,3
ISIC_5478846,4
ISIC_5479094,4
ISIC_5479774,3
ISIC_5481211,1
ISIC_5481242,0
ISIC_5481673,2
ISIC_5481688,2
ISIC_5482426,0
ISIC_5482440,3
ISIC_5482648,3
ISIC_5482759,3
ISIC_5482805,3
ISIC_5482819,2
ISIC_5483119,0
ISIC_5483243,2
ISIC_5483267,2
ISIC_5483519,2
ISIC_5484046,3
ISIC_5484086,2
ISIC_5484259,1
ISIC_5484270,1
ISIC_5484426,1
ISIC_5484573,1
ISIC_5484776,4
ISIC_5484855,3
ISIC_5485142,4
ISIC_5485254,1
ISIC_5485279,0
ISIC_5485512,0
ISIC_5485524,4
ISIC_5485661,2
ISIC_5485674,3
ISIC_5486460,2
ISIC_5486725,4
ISIC_5487058,1
ISIC_5488046,4
ISIC_5488065,2
ISIC_5488188,1
ISIC_5488982,4
ISIC_5489207,0
ISIC_5489942,1
ISIC_5490004,4
ISIC_5490247,0
ISIC_5490251,4
ISIC_5490352,3
ISIC_5490673,3
ISIC_5491301,4
ISIC_5491407,4
ISIC_5491443,3
ISIC_5491641,3
ISIC_5491747,4
ISIC_5491867,1
ISIC_5491983,0
ISIC_5492174,2
ISIC_5492318,3
ISIC_5492526,2
ISIC_5492778,1
ISIC_5493359,4
ISIC_5494411,1
ISIC_5494642,4
ISIC_5495397,4
ISIC_5495413,4
ISIC_5495452,3
ISIC_5495649,1
ISIC_5496214,0
ISIC_5496602,4
ISIC_5496810,2
ISIC_5497210,4
ISIC_5497432,2
ISIC_5497457,3
ISIC_5497526,2
ISIC_5497851,3
ISIC_5498059,0
ISIC_5498202,4
ISIC_5498651,1
ISIC_5499139,3
ISIC_5499474,0
ISIC_5499492,4
ISIC_5499820,3
ISIC_5500067,3
ISIC_5500256,0
ISIC_5501183,0
ISIC_5501375,0
ISIC_5501596,1
ISIC_5501609,3
ISIC_5501795,4
ISIC_5502229,1
ISIC_5502342,2
ISIC_5502702,1
ISIC_5503347,4
ISIC_5503386,0
ISIC_5503634,2
ISIC_5503918,0
ISIC_5504286,4
ISIC_5504322,2
ISIC_5504525,3
ISIC_5504560,0
ISIC_5504835,0
ISIC_5505407,2
ISIC_5505507,0
ISIC_5505564,2
ISIC_5506059,2
ISIC_5506099,3
ISIC_5506360,0
ISIC_5507066,2
ISIC_5508076,3
ISIC_5508228,2
ISIC_5508542,2
ISIC_5508662,3
ISIC_5508953,1
ISIC_5509212,2
ISIC_5509459,0
ISIC_5509464,3
ISIC_5509691,2
ISIC_5509946,1
ISIC_5510604,1
ISIC_5511088,4
ISIC_5511383,0
ISIC_5512926,0
ISIC_5513021,4
ISIC_5513509,0
ISIC_5514109,1
ISIC_5514594,0
ISIC_5514753,1
ISIC_5514893,3
ISIC_5515493,3
ISIC_5515734,1
ISIC_5515986,0
ISIC_5516082,2
ISIC_5516366,2
ISIC_5516462,0
ISIC_5516928,3
ISIC_5517010,2
ISIC_5517594,2
ISIC_5517712,0
ISIC_5517989,3
ISIC_5518025,3
ISIC_5518236,0
ISIC_5518557,0
ISIC_5518595,3
ISIC_5518805,4
ISIC_5518934,2
ISIC_5519289,3
ISIC_5519357,3
ISIC_5519378,0
ISIC_5520533,4
ISIC_5520553,2
ISIC_5521289,2
ISIC_5521687,2
ISIC_5521873,2
ISIC_5521974,3
ISIC_5522330,0
ISIC_5523196,3
ISIC_5523221,3
ISIC_5523637,1
ISIC_5524048,4
ISIC_5524400,3
ISIC_5524402,2
ISIC_5524682,0
ISIC_5524986,4
ISIC_5525765,1
ISIC_5525877,3
ISIC_5525952,3
ISIC_5526088,0
ISIC_5526118,1
ISIC_5526279,0
ISIC_5526369,3
ISIC_5526478,1
ISIC_5526503,4
ISIC_5526879,3
ISIC_5527224,0
ISIC_5527447,4
ISIC_5527572,4
ISIC_5528563,3
ISIC_5528990,2
ISIC_5529201,1
ISIC_5529924,2
ISIC_5530131,3
ISIC_5530598,3
ISIC_5530685,4
ISIC_5530702,0
ISIC_5531796,4
ISIC_5531886,1
ISIC_5531935,1
ISIC_5532680,0
ISIC_5532861,3
ISIC_5533992,3
ISIC_5533997,2
ISIC_5534167,0
ISIC_5534666,2
ISIC_5534921,4
ISIC_5535143,0
ISIC_5535938,4
ISIC_5536429,3
ISIC_5536480,4
ISIC_5536600,3
ISIC_5536616,0
ISIC_5536710,0
ISIC_5537771,3
ISIC_5537876,2
ISIC_5537985,3
ISIC_5538169,0
ISIC_5538346,0
ISIC_5538778,4
ISIC_5539001,4
ISIC_5539025,4
ISIC_5539077,0
ISIC_5539180,1
ISIC_5539701,2
ISIC_5540003,2
ISIC_5540047,0
ISIC_5540401,2
ISIC_5540619,4
ISIC_5540631,4
ISIC_5540840,3
ISIC_5540913,0
ISIC_5541028,3
ISIC_5541223,1
ISIC_5541240,4
ISIC_5541288,0
ISIC_5541513,0
ISIC_5541912,4
ISIC_5541999,4
ISIC_5542716,1
ISIC_5543178,4
ISIC_5544367,2
ISIC_5544782,4
ISIC_5544791,0
ISIC_5544829,3
ISIC_5544848,4
ISIC_5545410,4
ISIC_5545874,0
ISIC_5546181,4
ISIC_5546488,3
ISIC_5546806,3
ISIC_5547116,3
ISIC_5547218,4
ISIC_5547318,3
ISIC_5547677,2
ISIC_5548608,2
ISIC_5548717,2
ISIC_5548914,2
ISIC_5549273,1
ISIC_5549565,1
ISIC_5549618,0
ISIC_5549712,4
ISIC_5549768,2
ISIC_5549970,3
ISIC_5550263,3
ISIC_5550714,0
ISIC_5551378,1
ISIC_5551736,3
ISIC_5551801,3
ISIC_5552041,2
ISIC_5552066,2
ISIC_5552335,3
ISIC_5552381,4
ISIC_5552385,2
ISIC_5552652,1
ISIC_5552664,3
ISIC_5552666,0
ISIC_5553007,0
ISIC_5553495,0
ISIC_5553722,1
ISIC_5553865,1
ISIC_5554069,4
ISIC_5555096,0
ISIC_5555140,1
ISIC_5555505,2
ISIC_5555694,1
ISIC_5555700,2
ISIC_5555811,2
ISIC_5556297,3
ISIC_5556302,1
ISIC_5556401,3
ISIC_5556498,4
ISIC_5557018,0
ISIC_5557021,2
ISIC_5557025,4
ISIC_5557548,3
ISIC_5557588,4
ISIC_5557685,4
ISIC_5557777,0
ISIC_5557806,2
ISIC_5558141,0
ISIC_5558657,0
ISIC_5558729,3
ISIC_5558942,3
ISIC_5559165,2
ISIC_5559188,4
ISIC_5559730,0
ISIC_5559905,1
ISIC_5560538,2
ISIC_5560944,3
ISIC_5561003,0
ISIC_5561397,2
ISIC_5561459,0
ISIC_5561898,2
ISIC_5561988,0
ISIC_5562344,3
ISIC_5562603,4
ISIC_5562644,1
ISIC_5563008,0
ISIC_5563553,1
ISIC_5563577,2
ISIC_5563693,2
ISIC_5563844,1
ISIC_5564029,2
ISIC_5564432,0
ISIC_5564472,2
ISIC_5564757,4
ISIC_5565053,3
ISIC_5565279,4
ISIC_5565332,2
ISIC_5565349,3
ISIC_5565517,0
ISIC_5565696,0
ISIC_5566237,3
ISIC_5566396,1
ISIC_5566630,4
ISIC_5566810,2
ISIC_5566928,1
ISIC_5567545,1
ISIC_5567663,3
ISIC_5568346,0
ISIC_5568525,3
ISIC_5568834,3
ISIC_5569091,3
ISIC_5569205,0
ISIC_5569222,1
ISIC_5569497,4
ISIC_5569568,3
ISIC_5569766,3
ISIC_5569936,4
ISIC_5570322,3
ISIC_5570430,3
ISIC_5570877,0
ISIC_5571436,4
ISIC_5572404,0
ISIC_5573340,0
ISIC_5573395,2
ISIC_5573566,0
ISIC_5573611,4
ISIC_5573679,1
ISIC_5573695,3
ISIC_5573733,0
ISIC_5573924,1
ISIC_5574911,4
ISIC_5574940,3
ISIC_5575021,3
ISIC_5575449,2
ISIC_5576241,3
ISIC_5576250,4
ISIC_5576301,1
ISIC_5576354,1
ISIC_5576501,0
ISIC_5576986,1
ISIC_5577356,2
ISIC_5578239,1
ISIC_5578611,2
ISIC_5578644,2
ISIC_5578739,0
ISIC_5579667,4
ISIC_5579876,1
ISIC_5580000,4
ISIC_5580631,4
ISIC_5580730,4
ISIC_5581297,4
ISIC_5581931,2
ISIC_5581936,1
ISIC_5582591,3
ISIC_5582679,3
ISIC_5582722,3
ISIC_5582819,3
ISIC_5582962,0
ISIC_5583016,2
ISIC_5583139,0
ISIC_5583159,1
ISIC_5583917,3
ISIC_5584181,0
ISIC_5584185,4
ISIC_5584377,4
ISIC_5584734,2
ISIC_5584859,2
ISIC_5585279,1
ISIC_5585575,2
ISIC_5585802,0
ISIC_5586153,2
ISIC_5586765,2
ISIC_5586799,2
ISIC_5587216,1
ISIC_5587237,1
ISIC_5587291,2
ISIC_5587678,1
ISIC_5588302,2
ISIC_5588509,3
ISIC_5588738,2
ISIC_5588819,4
ISIC_5588935,4
ISIC_5588968,3
ISIC_5589163,2
ISIC_5589185,1
ISIC_5589201,3
ISIC_5589724,2
ISIC_5589782,4
ISIC_5590172,0
ISIC_5591038,3
ISIC_5591515,1
ISIC_5591622,1
ISIC_5592192,0
ISIC_5592257,1
ISIC_5592561,1
ISIC_5592633,1
ISIC_5592669,2
ISIC_5592799,2
ISIC_5592951,2
ISIC_5592956,3
ISIC_5593286,0
ISIC_5593556,2
ISIC_5594342,2
ISIC_5594546,1
ISIC_5594879,0
ISIC_5595054,3
ISIC_5595160,0
ISIC_5596405,4
ISIC_5597282,4
ISIC_5597530,4
ISIC_5597726,0
ISIC_5598741,4
ISIC_5598766,2
ISIC_5598875,1
ISIC_5599120,0
ISIC_5599298,2
ISIC_5599801,1
ISIC_5599941,2
ISIC_5600105,2
ISIC_5600160,1
ISIC_5600337,2
ISIC_5600499,4
ISIC_5600776,2
ISIC_5601024,1
ISIC_5601256,0
ISIC_5601317,1
ISIC_5601326,0
ISIC_5602053,1
ISIC_5602528,3
ISIC_5602724,3
ISIC_5602826,1
ISIC_5602924,0
ISIC_5603218,3
ISIC_5603773,1
ISIC_5604025,3
ISIC_5604110,1
ISIC_5604397,1
ISIC_5604512,3
ISIC_5605246,1
ISIC_5605312,1
ISIC_5605916,0
ISIC_5606099,3
ISIC_5606155,2
ISIC_5606360,1
ISIC_5606693,1
ISIC_5606896,4
ISIC_5606906,4
ISIC_5607111,0
ISIC_5607148,3
ISIC_5607452,1
ISIC_5607667,1
ISIC_5607702,2
ISIC_5608082,1
ISIC_5608740,2
ISIC_5608998,1
ISIC_5609541,4
ISIC_5609717,0
ISIC_5609848,2
ISIC_5609883,4
ISIC_5610153,4
ISIC_5610178,1
ISIC_5610222,4
ISIC_5610422,2
ISIC_5611010,1
ISIC_5611035,2
ISIC_5611049,3
ISIC_5611104,2
ISIC_5611426,4
ISIC_5611515,2
ISIC_5611529,4
ISIC_5612314,2
ISIC_5612452,1
ISIC_5612713,1
ISIC_5612942,2
ISIC_5613057,0
ISIC_5613199,0
ISIC_5613297,2
ISIC_5613605,3
ISIC_5614085,0
ISIC_5614300,1
ISIC_5614446,3
ISIC_5614711,2
ISIC_5615050,3
ISIC_5615250,2
ISIC_5615347,1
ISIC_5615520,2
ISIC_5615676,0
ISIC_5615694,4
ISIC_5616624,2
ISIC_5616806,1
ISIC_5616902,1
ISIC_5617191,2
ISIC_5617330,1
ISIC_5617339,4
ISIC_5617604,0
ISIC_5617771,0
ISIC_5617952,3
ISIC_5618035,2
ISIC_5618055,2
ISIC_5618128,0
ISIC_5618133,2
ISIC_5618239,2
ISIC_5618431,1
ISIC_5619062,2
ISIC_5619286,2
ISIC_5619654,0
ISIC_5619661,0
ISIC_5619750,1
ISIC_5620257,0
ISIC_5620295,0
ISIC_5620304,4
ISIC_5620480,2
ISIC_5620520,1
ISIC_5620846,4
ISIC_5621260,1
ISIC_5621310,2
ISIC_5621546,1
ISIC_5622348,0
ISIC_5622532,1
ISIC_5622782,4
ISIC_5622828,3
ISIC_5623327,2
ISIC_5623356,4
ISIC_5623579,1
ISIC_5623668,1
ISIC_5623735,1
ISIC_5623844,1
ISIC_5623973,3
ISIC_5624273,3
ISIC_5624548,3
ISIC_5624660,2
ISIC_5624953,0
ISIC_5625747,3
ISIC_5625774,4
ISIC_5625980,2
ISIC_5626108,1
ISIC_5626944,4
ISIC_5627269,3
ISIC_5627447,4
ISIC_5627928,2
ISIC_5628322,0
ISIC_5628615,3
ISIC_5629288,0
ISIC_5629390,1
ISIC_5629626,4
ISIC_5629697,2
ISIC_5630228,2
ISIC_5630940,0
ISIC_5631347,2
ISIC_5631388,1
ISIC_5631411,1
ISIC_5631438,3
ISIC_5631641,4
ISIC_5631712,2
ISIC_5632017,1
ISIC_5632250,3
ISIC_5632533,0
ISIC_5632748,4
ISIC_5632905,0
ISIC_5634181,3
ISIC_5634353,3
ISIC_5634535,2
ISIC_5634573,4
ISIC_5635264,1
ISIC_5635940,3
ISIC_5635961,3
ISIC_5636247,3
ISIC_5636556,0
ISIC_5636983,4
ISIC_5637056,4
ISIC_5637105,3
ISIC_5637150,0
ISIC_5637192,0
ISIC_5637273,0
ISIC_5637715,4
ISIC_5638642,0
ISIC_5638795,1
ISIC_5638873,0
ISIC_5639037,2
ISIC_5639070,3
ISIC_5639154,2
ISIC_5639316,0
ISIC_5640246,0
ISIC_5640472,4
ISIC_5640804,3
ISIC_5640863,0
ISIC_5641296,1
ISIC_5641619,3
ISIC_5641938,1
ISIC_5641956,3
ISIC_5642121,1
ISIC_5642824,1
ISIC_5643159,0
ISIC_5643186,2
ISIC_5643422,1
ISIC_5643505,1
ISIC_5644039,4
ISIC_5644242,0
ISIC_5644364,3
ISIC_5644405,3
ISIC_5644568,2
ISIC_5644673,0
ISIC_5644878,1
ISIC_5644962,2
ISIC_5645187,4
ISIC_5645194,1
ISIC_5645368,2
ISIC_5645789,4
ISIC_5646067,1
ISIC_5646135,0
ISIC_5646370,3
ISIC_5646514,1
ISIC_5646706,1
ISIC_5647101,1
ISIC_5647453,1
ISIC_5647554,4
ISIC_5647697,4
ISIC_5647937,4
ISIC_5648111,1
ISIC_5648155,2
ISIC_5648540,0
ISIC_5648767,2
ISIC_5649538,4
ISIC_5649901,2
ISIC_5649978,2
ISIC_5650272,3
ISIC_5650568,2
ISIC_5650747,1
ISIC_5650816,2
ISIC_5651106,3
ISIC_5651246,2
ISIC_5651319,3
ISIC_5651731,1
ISIC_5652091,2
ISIC_5652135,3
ISIC_5652434,1
ISIC_5652519,2
ISIC_5653189,2
ISIC_5653572,0
ISIC_5654124,1
ISIC_5654651,3
ISIC_5654704,3
ISIC_5654818,1
ISIC_5654839,2
ISIC_5654955,1
ISIC_5655181,2
ISIC_5655900,1
ISIC_5656921,0
ISIC_5657199,2
ISIC_5657291,0
ISIC_5657310,4
ISIC_5657484,4
ISIC_5657535,0
ISIC_5657661,3
ISIC_5658162,1
ISIC_5658900,2
ISIC_5659077,3
ISIC_5659240,0
ISIC_5659295,2
ISIC_5659502,2
ISIC_5659638,2
ISIC_5659728,0
ISIC_5660197,1
ISIC_5660325,3
ISIC_5660360,1
ISIC_5660472,2
ISIC_5661100,1
ISIC_5661368,2
ISIC_5661725,1
ISIC_5662175,0
ISIC_5662381,0
ISIC_5663032,3
ISIC_5663111,2
ISIC_5663164,3
ISIC_5663367,1
ISIC_5663741,4
ISIC_5664001,1
ISIC_5664256,4
ISIC_5664728,0
ISIC_5664966,2
ISIC_5665011,2
ISIC_5665277,2
ISIC_5666345,0
ISIC_5666786,2
ISIC_5667403,0
ISIC_5667461,1
ISIC_5667469,4
ISIC_5667519,1
ISIC_5667707,1
ISIC_5667935,2
ISIC_5668342,4
ISIC_5668394,4
ISIC_5668692,0
ISIC_5668727,2
ISIC_5669294,1
ISIC_5670605,2
ISIC_5671175,2
ISIC_5671321,1
ISIC_5671368,4
ISIC_5672389,0
ISIC_5673336,0
ISIC_5673518,3
ISIC_5673859,2
ISIC_5673994,2
ISIC_5674396,2
ISIC_5674532,2
ISIC_5674857,3
ISIC_5675123,3
ISIC_5675298,4
ISIC_5675434,1
ISIC_5675703,4
ISIC_5675714,3
ISIC_5676027,2
ISIC_5676785,0
ISIC_5676827,3
ISIC_5676893,2
ISIC_5677573,0
ISIC_5678113,0
ISIC_5678560,2
ISIC_5678638,1
ISIC_5678799,1
ISIC_5678933,0
ISIC_5679004,2
ISIC_5679290,0
ISIC_5679678,2
ISIC_5679708,1
ISIC_5679942,2
ISIC_5679982,3
ISIC_5680271,1
ISIC_5681025,2
ISIC_5681315,2
ISIC_5681794,2
ISIC_5682259,0
ISIC_5683235,4
ISIC_5683393,1
ISIC_5683747,3
ISIC_5684012,0
ISIC_5684203,0
ISIC_5684218,3
ISIC_5686768,0
ISIC_5686868,0
ISIC_5687743,3
ISIC_5687865,3
ISIC_5688051,2
ISIC_5688196,2
ISIC_5688274,2
ISIC_5688657,4
ISIC_5688720,2
ISIC_5688950,0
ISIC_5689001,4
ISIC_5689392,2
ISIC_5689428,1
ISIC_5689730,0
ISIC_5689986,3
ISIC_5690108,0
ISIC_5691038,3
ISIC_5691568,1
ISIC_5691740,4
ISIC_5692027,0
ISIC_5692354,1
ISIC_5692481,2
ISIC_5692617,3
ISIC_5692863,2
ISIC_5693310,2
ISIC_5693881,4
ISIC_5694393,2
ISIC_5694421,2
ISIC_5694698,4
ISIC_5694928,4
ISIC_5695185,2
ISIC_5695623,4
ISIC_5695927,3
ISIC_5696169,0
ISIC_5696315,4
ISIC_5696426,2
ISIC_5696540,3
ISIC_5697228,4
ISIC_5697457,4
ISIC_5698006,3
ISIC_5698225,3
ISIC_5699099,3
ISIC_5699175,1
ISIC_5699328,1
ISIC_5699758,3
ISIC_5700139,4
ISIC_5700316,4
ISIC_5700599,2
ISIC_5701526,2
ISIC_5702549,3
ISIC_5702591,4
ISIC_5702748,3
ISIC_5703274,4
ISIC_5703303,1
ISIC_5703639,1
ISIC_5703909,0
ISIC_5704178,3
ISIC_5704741,2
ISIC_5704793,2
ISIC_5705413,4
ISIC_5705734,1
ISIC_5705973,3
ISIC_5706192,2
ISIC_5706663,2
ISIC_5706908,1
ISIC_5706956,3
ISIC_5707026,2
ISIC_5707489,1
ISIC_5707528,4
ISIC_5707738,4
ISIC_5707761,3
ISIC_5707762,4
ISIC_5707851,0
ISIC_5708288,1
ISIC_5708449,1
ISIC_5708658,4
ISIC_5709145,2
ISIC_5709170,0
ISIC_5709247,0
ISIC_5709767,2
ISIC_5709772,0
ISIC_5709790,2
ISIC_5709878,4
ISIC_5710959,4
ISIC_5712029,3
ISIC_5712316,1
ISIC_5712645,4
ISIC_5712974,3
ISIC_5713588,1
ISIC_5713761,4
ISIC_5713942,0
ISIC_5713969,2
ISIC_5714090,4
ISIC_5714201,2
ISIC_5714260,4
ISIC_5714285,3
ISIC_5714411,2
ISIC_5714775,3
ISIC_5715000,3
ISIC_5715041,1
ISIC_5716262,2
ISIC_5716385,3
ISIC_5717081,3
ISIC_5717378,2
ISIC_5717433,1
ISIC_5717503,1
ISIC_5717763,2
ISIC_5718343,1
ISIC_5718663,4
ISIC_5718805,2
ISIC_5719183,2
ISIC_5720694,4
ISIC_5721110,4
ISIC_5721195,3
ISIC_5721292,4
ISIC_5721402,2
ISIC_5721677,0
ISIC_5721717,0
ISIC_5722194,0
ISIC_5722211,2
ISIC_5722465,1
ISIC_5722526,0
ISIC_5722813,1
ISIC_5722914,4
ISIC_5722943,4
ISIC_5723062,3
ISIC_5723176,2
ISIC_5723389,0
ISIC_5723495,2
ISIC_5723510,3
ISIC_5723592,2
ISIC_5723974,2
ISIC_5724672,0
ISIC_5725266,1
ISIC_5725572,3
ISIC_5726007,4
ISIC_5726572,3
ISIC_5727083,1
ISIC_5727680,2
ISIC_5728067,1
ISIC_5728325,0
ISIC_5728359,4
ISIC_5728413,0
ISIC_5728988,2
ISIC_5729266,1
ISIC_5729430,3
ISIC_5730062,0
ISIC_5730199,3
ISIC_5730466,4
ISIC_5730636,0
ISIC_5730795,0
ISIC_5731061,3
ISIC_5731710,3
ISIC_5731802,4
ISIC_5732201,4
ISIC_5732374,2
ISIC_5732463,1
ISIC_5732487,2
ISIC_5732730,1
ISIC_5732980,1
ISIC_5733557,4
ISIC_5733748,4
ISIC_5734294,1
ISIC_5734326,2
ISIC_5734620,4
ISIC_5734840,2
ISIC_5734866,3
ISIC_5734915,1
ISIC_5735592,3
ISIC_5736023,3
ISIC_5736126,3
ISIC_5736292,0
ISIC_5736346,2
ISIC_5736529,0
ISIC_5736595,1
ISIC_5736624,2
ISIC_5736844,1
ISIC_5736966,3
ISIC_5736979,2
ISIC_5737191,1
ISIC_5737704,2
ISIC_5737759,4
ISIC_5738103,2
ISIC_5738369,1
ISIC_5738372,2
ISIC_5738587,1
ISIC_5738661,1
ISIC_5739096,4
ISIC_5739393,0
ISIC_5739570,2
ISIC_5739829,4
ISIC_5739948,1
ISIC_5740023,0
ISIC_5740310,4
ISIC_5740617,2
ISIC_5740642,0
ISIC_5742413,0
ISIC_5742875,0
ISIC_5742934,1
ISIC_5743012,1
ISIC_5743527,4
ISIC_5743557,1
ISIC_5743740,3
ISIC_5744192,1
ISIC_5744565,1
ISIC_5745349,3
ISIC_5745941,2
ISIC_5746059,4
ISIC_5746706,3
ISIC_5746845,2
ISIC_5746904,3
ISIC_5747082,0
ISIC_5747367,3
ISIC_5747486,3
ISIC_5747513,2
ISIC_5747681,4
ISIC_5747709,0
ISIC_5747868,0
ISIC_5747907,3
ISIC_5747942,2
ISIC_5748104,4
ISIC_5748118,0
ISIC_5748751,1
ISIC_5748858,0
ISIC_5749706,4
ISIC_5750242,3
ISIC_5750329,0
ISIC_5751099,2
ISIC_5751526,1
ISIC_5751713,1
ISIC_5751956,2
ISIC_5752713,2
ISIC_5753196,0
ISIC_5753483,4
ISIC_5753642,0
ISIC_5753709,0
ISIC_5754070,3
ISIC_5754214,1
ISIC_5754233,1
ISIC_5754554,1
ISIC_5755210,1
ISIC_5755836,1
ISIC_5756962,3
ISIC_5757319,0
ISIC_5757336,4
ISIC_5757406,2
ISIC_5758316,4
ISIC_5758327,2
ISIC_5758379,2
ISIC_5758388,0
ISIC_5758439,1
ISIC_5759054,4
ISIC_5759703,2
ISIC_5759754,1
ISIC_5760047,0
ISIC_5760581,0
ISIC_5760582,0
ISIC_5760868,3
ISIC_5760915,1
ISIC_5760948,2
ISIC_5761232,3
ISIC_5762451,0
ISIC_5763050,0
ISIC_5763398,3
ISIC_5763413,1
ISIC_5763655,2
ISIC_5763750,0
ISIC_5764104,3
ISIC_5764278,2
ISIC_5764302,2
ISIC_5764552,2
ISIC_5765481,2
ISIC_5765854,3
ISIC_5766141,3
ISIC_5766447,0
ISIC_5766923,1
ISIC_5767172,0
ISIC_5767976,0
ISIC_5768032,2
ISIC_5768590,2
ISIC_5768602,4
ISIC_5768749,0
ISIC_5769038,1
ISIC_5769152,3
ISIC_5769387,0
ISIC_5769654,4
ISIC_5770437,4
ISIC_5771028,3
ISIC_5771106,4
ISIC_5771994,3
ISIC_5772144,1
ISIC_5772785,2
ISIC_5772938,1
ISIC_5773967,3
ISIC_5774125,2
ISIC_5774483,4
ISIC_5774527,0
ISIC_5774698,1
ISIC_5774749,2
ISIC_5774974,1
ISIC_5775068,1
ISIC_5775102,2
ISIC_5775708,4
ISIC_5776158,4
ISIC_5776477,3
ISIC_5777169,3
ISIC_5777181,1
ISIC_5777294,4
ISIC_5777548,3
ISIC_5777697,1
ISIC_5778284,1
ISIC_5778330,3
ISIC_5778476,2
ISIC_5778927,0
ISIC_5779294,3
ISIC_5779320,0
ISIC_5779688,4
ISIC_5779699,4
ISIC_5780588,3
ISIC_5780633,2
ISIC_5780781,1
ISIC_5781056,4
ISIC_5781089,0
ISIC_5781274,1
ISIC_5781547,0
ISIC_5781852,2
ISIC_5781908,0
ISIC_5782350,2
ISIC_5782816,1
ISIC_5783203,0
ISIC_5783397,3
ISIC_5783440,2
ISIC_5783685,2
ISIC_5783764,0
ISIC_5783861,1
ISIC_5784090,1
ISIC_5784362,1
ISIC_5784712,2
ISIC_5785399,0
ISIC_5785408,4
ISIC_5786142,3
ISIC_5787278,4
ISIC_5787312,0
ISIC_5787316,0
ISIC_5787517,1
ISIC_5787522,4
ISIC_5787620,1
ISIC_5788057,3
ISIC_5788100,2
ISIC_5788537,0
ISIC_5788886,3
ISIC_5789052,3
ISIC_5789263,0
ISIC_5789575,0
ISIC_5789952,4
ISIC_5789978,0
ISIC_5789994,3
ISIC_5790002,4
ISIC_5790315,2
ISIC_5790319,4
ISIC_5790458,1
ISIC_5790534,1
ISIC_5790535,2
ISIC_5790865,4
ISIC_5791118,2
ISIC_5791131,3
ISIC_5791307,2
ISIC_5791731,0
ISIC_5792189,4
ISIC_5793035,1
ISIC_5793600,1
ISIC_5793921,0
ISIC_5794125,4
ISIC_5795064,2
ISIC_5795486,2
ISIC_5795714,2
ISIC_5796081,2
ISIC_5796179,4
ISIC_5796495,3
ISIC_5796736,3
ISIC_5796748,0
ISIC_5796890,0
ISIC_5797062,0
ISIC_5797220,2
ISIC_5797278,2
ISIC_5797404,1
ISIC_5797653,0
ISIC_5797788,2
ISIC_5797942,2
ISIC_5798331,1
ISIC_5798539,0
ISIC_5799264,0
ISIC_5799312,1
ISIC_5799433,4
ISIC_5799555,2
ISIC_5799583,4
ISIC_5800048,0
ISIC_5800113,3
ISIC_5801307,3
ISIC_5802232,3
ISIC_5802598,0
ISIC_5802768,4
ISIC_5802836,0
ISIC_5803529,2
ISIC_5803620,1
ISIC_5803938,4
ISIC_5804316,3
ISIC_5804606,2
ISIC_5805349,1
ISIC_5805364,1
ISIC_5806831,0
ISIC_5807112,1
ISIC_5807597,3
ISIC_5807608,3
ISIC_5807682,3
ISIC_5808758,4
ISIC_5809019,1
ISIC_5809221,0
ISIC_5809628,3
ISIC_5809781,2
ISIC_5810196,2
ISIC_5810232,2
ISIC_5810306,1
ISIC_5810736,4
ISIC_5811424,0
ISIC_5811561,3
ISIC_5812008,0
ISIC_5812330,3
ISIC_5812931,2
ISIC_5813338,1
ISIC_5813408,1
ISIC_5813427,0
ISIC_5813642,0
ISIC_5814177,2
ISIC_5814641,0
ISIC_5814678,4
ISIC_5814903,3
ISIC_5816393,2
ISIC_5816399,1
ISIC_5816788,3
ISIC_5816902,4
ISIC_5817346,2
ISIC_5818405,0
ISIC_5818981,1
ISIC_5819133,2
ISIC_5819274,3
ISIC_5819346,3
ISIC_5819728,0
ISIC_5819754,3
ISIC_5820273,3
ISIC_5821131,2
ISIC_5821292,2
ISIC_5821293,1
ISIC_5821552,0
ISIC_5821715,0
ISIC_5821737,1
ISIC_5821806,0
ISIC_5822017,3
ISIC_5822691,2
ISIC_5822747,2
ISIC_5823076,3
ISIC_5823077,2
ISIC_5823292,1
ISIC_5823706,2
ISIC_5823859,0
ISIC_5824220,0
ISIC_5824656,2
ISIC_5824730,1
ISIC_5824939,2
ISIC_5825006,4
ISIC_5825647,3
ISIC_5826063,3
ISIC_5826465,0
ISIC_5826878,0
ISIC_5827217,0
ISIC_5827477,0
ISIC_5828120,3
ISIC_5828480,0
ISIC_5828487,2
ISIC_5828564,2
ISIC_5828787,3
ISIC_5829749,4
ISIC_5829771,0
ISIC_5829938,4
ISIC_5830274,0
ISIC_5831201,0
ISIC_5831205,1
ISIC_5831880,1
ISIC_5831911,4
ISIC_5832440,3
ISIC_5832581,1
ISIC_5832623,1
ISIC_5832792,0
ISIC_5832901,0
ISIC_5833015,0
ISIC_5833229,1
ISIC_5833422,2
ISIC_5833689,4
ISIC_5833740,2
ISIC_5833906,4
ISIC_5833957,1
ISIC_5834451,0
ISIC_5835178,2
ISIC_5835414,1
ISIC_5835765,0
ISIC_5836021,1
ISIC_5836421,4
ISIC_5837013,1
ISIC_5837098,0
ISIC_5837974,1
ISIC_5838416,2
ISIC_5839291,2
ISIC_5839679,3
ISIC_5840341,1
ISIC_5840614,4
ISIC_5840975,4
ISIC_5841182,4
ISIC_5841774,3
ISIC_5842053,0
ISIC_5842418,3
ISIC_5843094,4
ISIC_5843515,3
ISIC_5843525,4
ISIC_5844037,4
ISIC_5844751,1
ISIC_5844800,4
ISIC_5844861,2
ISIC_5846004,3
ISIC_5846233,0
ISIC_5846852,1
ISIC_5847018,2
ISIC_5847941,3
ISIC_5848007,1
ISIC_5848790,4
ISIC_5848892,3
ISIC_5849047,0
ISIC_5849178,3
ISIC_5849517,3
ISIC_5849715,3
ISIC_5850457,0
ISIC_5850459,4
ISIC_5850633,3
ISIC_5850699,0
ISIC_5851248,2
ISIC_5851666,0
ISIC_5851895,0
ISIC_5852061,0
ISIC_5852065,4
ISIC_5852089,3
ISIC_5852365,2
ISIC_5852396,3
ISIC_5853024,4
ISIC_5853048,2
ISIC_5853111,2
ISIC_5853367,3
ISIC_5853931,2
ISIC_5854552,0
ISIC_5854870,2
ISIC_5855004,1
ISIC_5855400,0
ISIC_5855700,3
ISIC_5855835,2
ISIC_5855918,0
ISIC_5856088,2
ISIC_5856332,4
ISIC_5856688,1
ISIC_5856859,3
ISIC_5857155,1
ISIC_5857239,1
ISIC_5857303,4
ISIC_5857728,1
ISIC_5857823,1
ISIC_5857954,4
ISIC_5858628,4
ISIC_5859812,0
ISIC_5859840,3
ISIC_5859895,1
ISIC_5860269,2
ISIC_5860849,3
ISIC_5863028,1
ISIC_5863114,2
ISIC_5863192,0
ISIC_5863435,4
ISIC_5863672,4
ISIC_5863681,0
ISIC_5864067,2
ISIC_5864390,4
ISIC_5864677,2
ISIC_5864760,4
ISIC_5865142,4
ISIC_5865361,1
ISIC_5865498,1
ISIC_5865828,2
ISIC_5866381,3
ISIC_5866419,3
ISIC_5866523,2
ISIC_5867126,2
ISIC_5867703,3
ISIC_5867862,2
ISIC_5867911,4
ISIC_5868210,3
ISIC_5868291,1
ISIC_5868423,3
ISIC_5868698,0
ISIC_5868835,2
ISIC_5869383,0
ISIC_5869480,4
ISIC_5869699,2
ISIC_5869892,0
ISIC_5870406,3
ISIC_5870557,3
ISIC_5871588,3
ISIC_5871658,1
ISIC_5871706,3
ISIC_5871888,0
ISIC_5872498,3
ISIC_5873438,4
ISIC_5873447,0
ISIC_5873539,0
ISIC_5873715,4
ISIC_5874357,0
ISIC_5874516,4
ISIC_5874721,3
ISIC_5874970,4
ISIC_5875181,1
ISIC_5876289,1
ISIC_5876656,0
ISIC_5876881,2
ISIC_5877211,0
ISIC_5877410,2
ISIC_5877523,1
ISIC_5877850,0
ISIC_5878189,1
ISIC_5879418,2
ISIC_5879574,3
ISIC_5879789,1
ISIC_5879917,3
ISIC_5879930,1
ISIC_5879997,3
ISIC_5880407,0
ISIC_5881363,3
ISIC_5881453,2
ISIC_5881526,1
ISIC_5881761,4
ISIC_5881871,2
ISIC_5882254,2
ISIC_5882629,3
ISIC_5882650,3
ISIC_5883084,3
ISIC_5883331,4
ISIC_5883407,4
ISIC_5883505,0
ISIC_5884413,2
ISIC_5884700,4
ISIC_5885149,2
ISIC_5885403,3
ISIC_5885421,0
ISIC_5885821,0
ISIC_5885837,1
ISIC_5886168,4
ISIC_5886468,1
ISIC_5887436,4
ISIC_5887545,0
ISIC_5887795,2
ISIC_5887816,4
ISIC_5888212,1
ISIC_5888460,4
ISIC_5888672,0
ISIC_5888971,4
ISIC_5889054,0
ISIC_5889146,2
ISIC_5889165,4
ISIC_5889246,0
ISIC_5889790,2
ISIC_5890896,3
ISIC_5891099,4
ISIC_5891242,4
ISIC_5891278,1
ISIC_5891384,1
ISIC_5891461,3
ISIC_5891736,3
ISIC_5891866,0
ISIC_5892142,2
ISIC_5892680,4
ISIC_5892920,4
ISIC_5893001,1
ISIC_5893544,3
ISIC_5894246,3
ISIC_5894728,1
ISIC_5894764,0
ISIC_5894867,0
ISIC_5895571,1
ISIC_5895572,2
ISIC_5896464,0
ISIC_5896782,1
ISIC_5897134,2
ISIC_5897296,4
ISIC_5897799,0
ISIC_5898085,2
ISIC_5898320,4
ISIC_5899228,0
ISIC_5899357,2
ISIC_5899408,1
ISIC_5899528,1
ISIC_5899545,0
ISIC_5900141,3
ISIC_5900283,1
ISIC_5900778,0
ISIC_5900953,2
ISIC_5901590,1
ISIC_5901919,0
ISIC_5902170,4
ISIC_5902175,2
ISIC_5902427,2
ISIC_5902734,3
ISIC_5902741,0
ISIC_5902851,2
ISIC_5903054,2
ISIC_5903193,0
ISIC_5903677,0
ISIC_5904116,1
ISIC_5904214,4
ISIC_5904421,1
ISIC_5904617,1
ISIC_5905077,3
ISIC_5905147,3
ISIC_5905676,0
ISIC_5907599,3
ISIC_5907770,2
ISIC_5907909,1
ISIC_5907931,2
ISIC_5908132,4
ISIC_5908780,0
ISIC_5909112,1
ISIC_5909403,3
ISIC_5909451,0
ISIC_5909643,4
ISIC_5910241,0
ISIC_5910413,1
ISIC_5910514,4
ISIC_5910518,1
ISIC_5910595,2
ISIC_5910685,3
ISIC_5910975,4
ISIC_5911104,1
ISIC_5912386,2
ISIC_5912392,4
ISIC_5912560,4
ISIC_5913155,0
ISIC_5913530,2
ISIC_5914196,2
ISIC_5914315,2
ISIC_5914940,2
ISIC_5916255,2
ISIC_5917004,4
ISIC_5917247,4
ISIC_5917605,3
ISIC_5917606,3
ISIC_5917755,3
ISIC_5918279,4
ISIC_5918517,0
ISIC_5918756,3
ISIC_5919355,0
ISIC_5919470,2
ISIC_5919604,4
ISIC_5919621,1
ISIC_5919794,0
ISIC_5919926,1
ISIC_5920470,1
ISIC_5920471,0
ISIC_5920594,2
ISIC_5920680,3
ISIC_5920763,1
ISIC_5920869,3
ISIC_5920944,0
ISIC_5920981,2
ISIC_5921024,0
ISIC_5921734,4
ISIC_5921777,1
ISIC_5922056,2
ISIC_5922139,2
ISIC_5922523,2
ISIC_5922588,2
ISIC_5922673,2
ISIC_5922931,0
ISIC_5923285,0
ISIC_5923430,1
ISIC_5923462,4
ISIC_5923484,1
ISIC_5923703,1
ISIC_5923940,2
ISIC_5924147,1
ISIC_5924192,2
ISIC_5924239,2
ISIC_5924261,3
ISIC_5924459,4
ISIC_5924487,1
ISIC_5924758,3
ISIC_5924898,3
ISIC_5925370,2
ISIC_5925471,4
ISIC_5925557,4
ISIC_5926079,4
ISIC_5926429,0
ISIC_5927617,2
ISIC_5927959,2
ISIC_5928023,3
ISIC_5929687,0
ISIC_5930008,1
ISIC_5930509,3
ISIC_5930885,1
ISIC_5931423,2
ISIC_5931552,4
ISIC_5932182,0
ISIC_5932383,4
ISIC_5932704,4
ISIC_5932996,2
ISIC_5933341,3
ISIC_5933559,2
ISIC_5934021,2
ISIC_5934104,4
ISIC_5934239,0
ISIC_5934319,2
ISIC_5934696,1
ISIC_5934948,0
ISIC_5935223,2
ISIC_5935362,1
ISIC_5936601,3
ISIC_5937990,1
ISIC_5938500,4
ISIC_5938680,2
ISIC_5938708,4
ISIC_5939374,4
ISIC_5939646,3
ISIC_5939791,3
ISIC_5940683,4
ISIC_5940866,3
ISIC_5941264,3
ISIC_5941271,0
ISIC_5941272,4
ISIC_5941314,0
ISIC_5941908,0
ISIC_5942073,1
ISIC_5942312,4
ISIC_5942564,2
ISIC_5942593,2
ISIC_5942756,4
ISIC_5943266,2
ISIC_5943355,1
ISIC_5943385,2
ISIC_5943775,4
ISIC_5944083,0
ISIC_5944377,4
ISIC_5944524,0
ISIC_5945155,4
ISIC_5945426,1
ISIC_5945822,4
ISIC_5946099,1
ISIC_5946750,1
ISIC_5946998,1
ISIC_5948805,2
ISIC_5948901,3
ISIC_5950041,4
ISIC_5950116,0
ISIC_5950144,4
ISIC_5950302,0
ISIC_5950453,2
ISIC_5951430,3
ISIC_5952026,2
ISIC_5952283,4
ISIC_5952320,4
ISIC_5952650,4
ISIC_5953243,3
ISIC_5953416,0
ISIC_5953964,4
ISIC_5954790,4
ISIC_5955084,1
ISIC_5955314,0
ISIC_5955438,2
ISIC_5955730,2
ISIC_5955793,4
ISIC_5956170,3
ISIC_5956536,2
ISIC_5957086,2
ISIC_5957223,2
ISIC_5957307,2
ISIC_5958246,2
ISIC_5958295,3
ISIC_5958409,2
ISIC_5958437,3
ISIC_5958466,3
ISIC_5958657,0
ISIC_5959021,4
ISIC_5959591,3
ISIC_5959795,3
ISIC_5960183,1
ISIC_5960427,1
ISIC_5960534,3
ISIC_5960608,1
ISIC_5960641,2
ISIC_5960732,0
ISIC_5960765,1
ISIC_5961024,1
ISIC_5961092,3
ISIC_5961333,4
ISIC_5961421,3
ISIC_5961448,0
ISIC_5961544,2
ISIC_5961619,0
ISIC_5962268,0
ISIC_5962414,0
ISIC_5962462,3
ISIC_5962511,2
ISIC_5963015,2
ISIC_5963113,1
ISIC_5963344,3
ISIC_5963491,0
ISIC_5964173,0
ISIC_5964240,2
ISIC_5964381,4
ISIC_5964467,3
ISIC_5964547,2
ISIC_5964622,3
ISIC_5964676,0
ISIC_5965968,4
ISIC_5966190,2
ISIC_5966519,0
ISIC_5967053,4
ISIC_5967250,0
ISIC_5967783,4
ISIC_5968205,0
ISIC_5968606,2
ISIC_5968854,0
ISIC_5968883,2
ISIC_5969236,0
ISIC_5969449,3
ISIC_5969724,0
ISIC_5969837,2
ISIC_5970180,0
ISIC_5970338,0
ISIC_5970460,3
ISIC_5970560,0
ISIC_5970659,3
ISIC_5971574,2
ISIC_5971591,2
ISIC_5971697,0
ISIC_5971915,0
ISIC_5972136,1
ISIC_5972490,4
ISIC_5972994,4
ISIC_5973717,1
ISIC_5974283,0
ISIC_5974286,1
ISIC_5974838,2
ISIC_5976039,3
ISIC_5976373,4
ISIC_5976532,2
ISIC_5976594,1
ISIC_5976617,2
ISIC_5977230,2
ISIC_5978259,1
ISIC_5978562,1
ISIC_5978705,1
ISIC_5979286,3
ISIC_5979694,1
ISIC_5979771,4
ISIC_5979783,0
ISIC_5979807,4
ISIC_5980105,4
ISIC_5980439,2
ISIC_5981087,2
ISIC_5981147,0
ISIC_5981150,0
ISIC_5981690,1
ISIC_5982769,4
ISIC_5983500,1
ISIC_5983581,1
ISIC_5983666,0
ISIC_5983942,1
ISIC_5984418,1
ISIC_5984674,0
ISIC_5984698,4
ISIC_5985323,1
ISIC_5985961,1
ISIC_5986233,2
ISIC_5986586,4
ISIC_5986786,3
ISIC_5986798,3
ISIC_5987157,4
ISIC_5987266,2
ISIC_5987590,1
ISIC_5987980,2
ISIC_5988336,0
ISIC_5988539,1
ISIC_5988729,3
ISIC_5988963,3
ISIC_5989151,1
ISIC_5990209,0
ISIC_5990316,3
ISIC_5990428,1
ISIC_5990639,2
ISIC_5991112,1
ISIC_5992534,0
ISIC_5992826,3
ISIC_5993356,3
ISIC_5993530,4
ISIC_5993863,2
ISIC_5993901,0
ISIC_5994007,1
ISIC_5994171,3
ISIC_5994286,1
ISIC_5994390,3
ISIC_5994645,0
ISIC_5996300,4
ISIC_5996695,2
ISIC_5996708,0
ISIC_5996925,4
ISIC_5997133,3
ISIC_5997151,2
ISIC_5997266,0
ISIC_5997381,1
ISIC_5997454,1
ISIC_5997532,4
ISIC_5997802,0
ISIC_5997901,3
ISIC_5998340,1
ISIC_5998513,1
ISIC_5998926,1
ISIC_5999002,2
ISIC_5999028,2
ISIC_5999541,2
ISIC_5999832,0
ISIC_6000048,2
ISIC_6000115,0
ISIC_6000142,3
ISIC_6000183,1
ISIC_6000300,4
ISIC_6000407,2
ISIC_6000655,2
ISIC_6000889,4
ISIC_6001164,4
ISIC_6001716,0
ISIC_6001936,3
ISIC_6002099,0
ISIC_6002622,3
ISIC_6002694,0
ISIC_6003124,2
ISIC_6003172,2
ISIC_6003407,1
ISIC_6003494,0
ISIC_6003500,4
ISIC_6003715,2
ISIC_6003763,0
ISIC_6004540,0
ISIC_6004595,1
ISIC_6004886,0
ISIC_6005045,1
ISIC_6005775,4
ISIC_6005983,3
ISIC_6006464,2
ISIC_6006658,1
ISIC_6006795,2
ISIC_6007360,4
ISIC_6007546,4
ISIC_6007760,2
ISIC_6008119,4
ISIC_6008380,2
ISIC_6008926,3
ISIC_6008974,4
ISIC_6009087,2
ISIC_6009620,1
ISIC_6010018,0
ISIC_6010182,3
ISIC_6010241,0
ISIC_6010415,2
ISIC_6013568,1
ISIC_6013764,3
ISIC_6014025,1
ISIC_6014146,0
ISIC_6014763,4
ISIC_6015020,1
ISIC_6016197,1
ISIC_6016330,4
ISIC_6016387,0
ISIC_6016759,1
ISIC_6017124,2
ISIC_6017148,4
ISIC_6017897,2
ISIC_6017985,3
ISIC_6018782,2
ISIC_6018905,1
ISIC_6019120,2
ISIC_6019322,1
ISIC_6019374,2
ISIC_6019516,1
ISIC_6019539,0
ISIC_6020087,4
ISIC_6020102,4
ISIC_6020376,3
ISIC_6020615,4
ISIC_6020636,0
ISIC_6021556,0
ISIC_6022423,4
ISIC_6022973,2
ISIC_6023428,3
ISIC_6023504,2
ISIC_6023518,3
ISIC_6023585,3
ISIC_6023608,0
ISIC_6023792,2
ISIC_6023795,0
ISIC_6023819,2
ISIC_6023882,3
ISIC_6024335,2
ISIC_6024651,2
ISIC_6024691,4
ISIC_6024863,2
ISIC_6025043,2
ISIC_6025224,1
ISIC_6025542,3
ISIC_6025721,4
ISIC_6025803,0
ISIC_6026007,4
ISIC_6026244,4
ISIC_6026435,0
ISIC_6026759,2
ISIC_6026899,2
ISIC_6027459,1
ISIC_6027558,0
ISIC_6027704,2
ISIC_6028082,3
ISIC_6028510,1
ISIC_6028622,2
ISIC_6028963,4
ISIC_6029052,2
ISIC_6029508,0
ISIC_6029552,3
ISIC_6029902,1
ISIC_6030901,1
ISIC_6031046,1
ISIC_6031634,4
ISIC_6032145,1
ISIC_6032456,1
ISIC_6032520,0
ISIC_6033220,2
ISIC_6033222,3
ISIC_6033238,1
ISIC_6034125,3
ISIC_6034199,2
ISIC_6034346,3
ISIC_6034721,3
ISIC_6035124,2
ISIC_6035362,3
ISIC_6035908,1
ISIC_6036303,0
ISIC_6036959,3
ISIC_6037853,1
ISIC_6037869,2
ISIC_6038253,2
ISIC_6038355,0
ISIC_6038436,0
ISIC_6038490,0
ISIC_6038826,0
ISIC_6038977,0
ISIC_6039067,2
ISIC_6039516,0
ISIC_6040311,1
ISIC_6041185,4
ISIC_6041346,3
ISIC_6041385,3
ISIC_6041664,1
ISIC_6041880,4
ISIC_6042293,1
ISIC_6042973,4
ISIC_6043051,0
ISIC_6044518,4
ISIC_6045131,0
ISIC_6045298,4
ISIC_6045560,3
ISIC_6045709,2
ISIC_6045832,0
ISIC_6046224,2
ISIC_6046442,0
ISIC_6047043,2
ISIC_6047070,1
ISIC_6047197,3
ISIC_6048088,4
ISIC_6048309,1
ISIC_6049052,0
ISIC_6049227,2
ISIC_6049499,4
ISIC_6050281,4
ISIC_6050515,1
ISIC_6050597,2
ISIC_6050971,3
ISIC_6051431,1
ISIC_6051598,2
ISIC_6051605,0
ISIC_6051951,3
ISIC_6052437,0
ISIC_6052702,1
ISIC_6052860,3
ISIC_6052995,4
ISIC_6053196,4
ISIC_6053755,4
ISIC_6053980,3
ISIC_6054420,1
ISIC_6054977,4
ISIC_6056121,3
ISIC_6056295,0
ISIC_6056657,3
ISIC_6056692,2
ISIC_6056839,1
ISIC_6057178,3
ISIC_6057455,4
ISIC_6057809,0
ISIC_6057892,3
ISIC_6058127,1
ISIC_6058345,0
ISIC_6058687,1
ISIC_6058822,4
ISIC_6059416,0
ISIC_6059541,4
ISIC_6060741,1
ISIC_6060915,2
ISIC_6061549,2
ISIC_6061824,3
ISIC_6062112,3
ISIC_6062243,4
ISIC_6062536,2
ISIC_6062638,1
ISIC_6062657,3
ISIC_6062747,2
ISIC_6063007,4
ISIC_6063252,3
ISIC_6064007,0
ISIC_6064288,2
ISIC_6064756,1
ISIC_6064843,4
ISIC_6064946,1
ISIC_6065057,3
ISIC_6065128,3
ISIC_6065301,2
ISIC_6065618,3
ISIC_6065668,0
ISIC_6065710,4
ISIC_6065905,2
ISIC_6066129,3
ISIC_6066992,0
ISIC_6067058,3
ISIC_6067133,0
ISIC_6067430,3
ISIC_6067663,3
ISIC_6067834,3
ISIC_6068452,2
ISIC_6069236,0
ISIC_6069595,3
ISIC_6069774,1
ISIC_6069964,1
ISIC_6070758,1
ISIC_6070930,0
ISIC_6071069,4
ISIC_6071233,0
ISIC_6071391,1
ISIC_6072001,2
ISIC_6072166,4
ISIC_6072375,3
ISIC_6072777,2
ISIC_6073559,0
ISIC_6074454,1
ISIC_6074613,4
ISIC_6075066,4
ISIC_6075084,0
ISIC_6076242,3
ISIC_6076561,1
ISIC_6077914,0
ISIC_6078205,4
ISIC_6078211,4
ISIC_6078357,3
ISIC_6078729,2
ISIC_6079391,0
ISIC_6079573,3
ISIC_6080436,3
ISIC_6080906,2
ISIC_6081091,0
ISIC_6081468,0
ISIC_6081540,0
ISIC_6081738,2
ISIC_6081844,2
ISIC_6081901,0
ISIC_6081906,4
ISIC_6081985,1
ISIC_6082278,1
ISIC_6083284,0
ISIC_6083485,0
ISIC_6083609,4
ISIC_6083729,2
ISIC_6084191,1
ISIC_6084620,2
ISIC_6085621,2
ISIC_6085739,4
ISIC_6086070,3
ISIC_6086618,0
ISIC_6087053,2
ISIC_6087232,1
ISIC_6087560,0
ISIC_6087652,3
ISIC_6087965,0
ISIC_6088194,4
ISIC_6088525,3
ISIC_6088781,1
ISIC_6088974,1
ISIC_6089210,4
ISIC_6089318,0
ISIC_6089519,4
ISIC_6089798,4
ISIC_6089817,1
ISIC_6090057,0
ISIC_6090313,4
ISIC_6090499,0
ISIC_6090684,2
ISIC_6090770,2
ISIC_6090848,0
ISIC_6091348,0
ISIC_6091609,4
ISIC_6091765,2
ISIC_6091919,0
ISIC_6092220,4
ISIC_6092704,4
ISIC_6092800,4
ISIC_6092849,1
ISIC_6092911,4
ISIC_6093041,0
ISIC_6093728,2
ISIC_6093819,2
ISIC_6093890,4
ISIC_6094247,1
ISIC_6094946,0
ISIC_6096163,2
ISIC_6096306,3
ISIC_6096541,0
ISIC_6096598,3
ISIC_6096669,4
ISIC_6096693,3
ISIC_6096977,4
ISIC_6097000,4
ISIC_6097168,0
ISIC_6097616,3
ISIC_6097644,3
ISIC_6098003,0
ISIC_6098213,1
ISIC_6098768,0
ISIC_6099309,2
ISIC_6099476,0
ISIC_6099698,1
ISIC_6099931,2
ISIC_6099970,0
ISIC_6100064,4
ISIC_6100177,4
ISIC_6101007,1
ISIC_6101341,2
ISIC_6102435,0
ISIC_6102502,3
ISIC_6102654,1
ISIC_6103060,3
ISIC_6103766,0
ISIC_6103877,3
ISIC_6104053,1
ISIC_6105084,0
ISIC_6106916,2
ISIC_6107184,3
ISIC_6107273,2
ISIC_6107589,1
ISIC_6107681,2
ISIC_6107711,0
ISIC_6108396,2
ISIC_6108555,1
ISIC_6108795,2
ISIC_6108865,1
ISIC_6109274,1
ISIC_6109355,1
ISIC_6109464,4
ISIC_6110309,3
ISIC_6110425,2
ISIC_6110590,4
ISIC_6110788,1
ISIC_6110888,2
ISIC_6111078,3
ISIC_6111487,3
ISIC_6112879,3
ISIC_6113248,4
ISIC_6113524,4
ISIC_6114220,1
ISIC_6114646,0
ISIC_6114762,4
ISIC_6114895,4
ISIC_6115394,0
ISIC_6116001,0
ISIC_6116536,1
ISIC_6116801,2
ISIC_6117024,0
ISIC_6117133,3
ISIC_6117532,1
ISIC_6118204,4
ISIC_6118824,1
ISIC_6118928,0
ISIC_6119156,0
ISIC_6119208,4
ISIC_6119386,1
ISIC_6119830,1
ISIC_6120279,0
ISIC_6121393,4
ISIC_6121857,2
ISIC_6122044,0
ISIC_6122473,4
ISIC_6122799,0
ISIC_6123082,1
ISIC_6123304,2
ISIC_6123657,2
ISIC_6123672,4
ISIC_6124127,2
ISIC_6124241,4
ISIC_6124436,3
ISIC_6124481,3
ISIC_6125005,3
ISIC_6125014,1
ISIC_6125358,4
ISIC_6125652,0
ISIC_6126004,2
ISIC_6126056,4
ISIC_6126554,0
ISIC_6126598,2
ISIC_6126620,4
ISIC_6126623,2
ISIC_6126775,1
ISIC_6127074,0
ISIC_6127167,2
ISIC_6127480,1
ISIC_6127495,3
ISIC_6128108,1
ISIC_6129219,1
ISIC_6129538,1
ISIC_6130498,2
ISIC_6131286,2
ISIC_6131393,2
ISIC_6131501,1
ISIC_6132442,3
ISIC_6132725,0
ISIC_6132976,3
ISIC_6133201,2
ISIC_6133377,4
ISIC_6133418,2
ISIC_6133466,0
ISIC_6133780,2
ISIC_6133988,2
ISIC_6134226,0
ISIC_6134767,0
ISIC_6134930,1
ISIC_6135403,1
ISIC_6135602,1
ISIC_6135865,4
ISIC_6136948,2
ISIC_6137737,0
ISIC_6137928,0
ISIC_6138020,4
ISIC_6138121,4
ISIC_6138246,3
ISIC_6138576,2
ISIC_6138955,1
ISIC_6139353,3
ISIC_6139375,0
ISIC_6139414,0
ISIC_6139434,4
ISIC_6140335,3
ISIC_6140723,4
ISIC_6140773,2
ISIC_6141183,4
ISIC_6141339,2
ISIC_6141422,4
ISIC_6142525,3
ISIC_6142603,1
ISIC_6143209,0
ISIC_6143791,3
ISIC_6143929,1
ISIC_6144315,1
ISIC_6144317,2
ISIC_6144433,1
ISIC_6144716,2
ISIC_6145261,0
ISIC_6145764,3
ISIC_6146097,0
ISIC_6146171,0
ISIC_6146290,4
ISIC_6146357,2
ISIC_6146415,3
ISIC_6147033,0
ISIC_6147463,1
ISIC_6147542,4
ISIC_6147696,2
ISIC_6147712,4
ISIC_6148533,1
ISIC_6148723,1
ISIC_6148967,3
ISIC_6150014,2
ISIC_6150484,2
ISIC_6151153,0
ISIC_6151367,4
ISIC_6151555,4
ISIC_6151703,3
ISIC_6151842,1
ISIC_6152094,3
ISIC_6152426,4
ISIC_6152848,4
ISIC_6153134,3
ISIC_6153185,0
ISIC_6153577,2
ISIC_6153728,1
ISIC_6153896,1
ISIC_6153913,4
ISIC_6154038,3
ISIC_6154667,0
ISIC_6154680,4
ISIC_6154719,1
ISIC_6155423,0
ISIC_6155782,4
ISIC_6155981,2
ISIC_6156296,3
ISIC_6157226,0
ISIC_6157643,4
ISIC_6157842,3
ISIC_6158021,2
ISIC_6159276,0
ISIC_6159454,3
ISIC_6159783,3
ISIC_6159865,4
ISIC_6161460,4
ISIC_6161590,3
ISIC_6161876,1
ISIC_6162260,1
ISIC_6162308,1
ISIC_6162437,4
ISIC_6162499,0
ISIC_6162545,4
ISIC_6162609,3
ISIC_6162663,0
ISIC_6162711,4
ISIC_6162819,4
ISIC_6163117,0
ISIC_6163316,4
ISIC_6163509,4
ISIC_6163859,0
ISIC_6163926,0
ISIC_6164326,3
ISIC_6164605,0
ISIC_6164642,4
ISIC_6165325,0
ISIC_6165499,3
ISIC_6165627,1
ISIC_6165710,1
ISIC_6166247,3
ISIC_6166308,1
ISIC_6166761,0
ISIC_6166810,4
ISIC_6166824,4
ISIC_6167377,1
ISIC_6167855,4
ISIC_6168551,1
ISIC_6168754,2
ISIC_6169297,4
ISIC_6169349,4
ISIC_6169392,2
ISIC_6169609,2
ISIC_6170025,0
ISIC_6170143,0
ISIC_6171084,0
ISIC_6171737,1
ISIC_6171741,3
ISIC_6172071,4
ISIC_6172211,4
ISIC_6172538,3
ISIC_6172565,3
ISIC_6172656,0
ISIC_6173142,1
ISIC_6173157,2
ISIC_6173977,3
ISIC_6174156,3
ISIC_6174735,1
ISIC_6174933,1
ISIC_6175538,2
ISIC_6176182,2
ISIC_6176518,0
ISIC_6176607,3
ISIC_6177158,1
ISIC_6177583,1
ISIC_6177670,0
ISIC_6177679,4
ISIC_6177698,0
ISIC_6177730,0
ISIC_6178088,1
ISIC_6178099,3
ISIC_6178149,2
ISIC_6178206,3
ISIC_6178350,1
ISIC_6178740,4
ISIC_6179440,3
ISIC_6179749,4
ISIC_6180030,0
ISIC_6180870,2
ISIC_6180938,0
ISIC_6181449,2
ISIC_6181505,2
ISIC_6181892,2
ISIC_6182833,1
ISIC_6183124,4
ISIC_6184190,2
ISIC_6184478,1
ISIC_6184911,1
ISIC_6185146,1
ISIC_6185493,4
ISIC_6186467,4
ISIC_6186492,2
ISIC_6186813,2
ISIC_6187143,2
ISIC_6187335,0
ISIC_6187353,4
ISIC_6187697,3
ISIC_6188196,3
ISIC_6188469,3
ISIC_6188574,4
ISIC_6188901,1
ISIC_6188916,4
ISIC_6189075,2
ISIC_6189200,1
ISIC_6189375,2
ISIC_6189828,2
ISIC_6190245,2
ISIC_6191099,3
ISIC_6191100,3
ISIC_6192108,3
ISIC_6192289,2
ISIC_6192523,2
ISIC_6192573,2
ISIC_6192822,0
ISIC_6193134,3
ISIC_6193854,1
ISIC_6194235,1
ISIC_6195257,4
ISIC_6197100,4
ISIC_6197292,1
ISIC_6197608,1
ISIC_6198121,1
ISIC_6198131,1
ISIC_6198993,0
ISIC_6199335,0
ISIC_6199414,3
ISIC_6200040,3
ISIC_6200373,1
ISIC_6200688,4
ISIC_6200741,2
ISIC_6201199,4
ISIC_6201338,4
ISIC_6201695,2
ISIC_6202554,4
ISIC_6203052,2
ISIC_6203128,1
ISIC_6203774,0
ISIC_6203936,4
ISIC_6204286,2
ISIC_6204305,0
ISIC_6204417,3
ISIC_6204970,1
ISIC_6205288,1
ISIC_6207286,4
ISIC_6207535,0
ISIC_6207688,1
ISIC_6208107,1
ISIC_6208222,3
ISIC_6208502,1
ISIC_6208508,0
ISIC_6208708,0
ISIC_6208762,2
ISIC_6208775,4
ISIC_6208899,3
ISIC_6208919,4
ISIC_6208944,1
ISIC_6209119,2
ISIC_6209322,3
ISIC_6209336,4
ISIC_6210024,4
ISIC_6210226,2
ISIC_6210500,0
ISIC_6210962,2
ISIC_6211297,0
ISIC_6211483,0
ISIC_6211633,3
ISIC_6211801,4
ISIC_6212809,2
ISIC_6212920,3
ISIC_6213445,3
ISIC_6215631,2
ISIC_6215646,4
ISIC_6216261,2
ISIC_6216283,3
ISIC_6216671,2
ISIC_6217135,0
ISIC_6217184,0
ISIC_6217288,1
ISIC_6217831,2
ISIC_6218727,0
ISIC_6219458,2
ISIC_6219532,4
ISIC_6219909,3
ISIC_6220625,0
ISIC_6220784,4
ISIC_6220953,4
ISIC_6221165,0
ISIC_6221203,3
ISIC_6221319,1
ISIC_6222431,0
ISIC_6222611,0
ISIC_6222956,4
ISIC_6223183,3
ISIC_6223322,2
ISIC_6223578,1
ISIC_6223767,2
ISIC_6223989,4
ISIC_6224828,1
ISIC_6224829,4
ISIC_6224915,2
ISIC_6225104,0
ISIC_6225107,1
ISIC_6225303,2
ISIC_6225409,0
ISIC_6225486,2
ISIC_6225516,4
ISIC_6225557,3
ISIC_6226803,4
ISIC_6226925,1
ISIC_6227397,2
ISIC_6227878,3
ISIC_6227920,0
ISIC_6227942,2
ISIC_6228471,3
ISIC_6228536,4
ISIC_6228575,1
ISIC_6228625,1
ISIC_6228827,2
ISIC_6228857,0
ISIC_6228963,3
ISIC_6229178,4
ISIC_6231450,3
ISIC_6232156,0
ISIC_6232787,0
ISIC_6232830,1
ISIC_6232899,3
ISIC_6233631,3
ISIC_6233852,3
ISIC_6234013,4
ISIC_6234702,1
ISIC_6234881,2
ISIC_6235716,2
ISIC_6236396,0
ISIC_6236556,0
ISIC_6236911,1
ISIC_6237488,2
ISIC_6237799,3
ISIC_6238016,2
ISIC_6238658,3
ISIC_6238709,0
ISIC_6239639,0
ISIC_6239659,3
ISIC_6239663,3
ISIC_6239783,3
ISIC_6239935,2
ISIC_6239943,0
ISIC_6240735,0
ISIC_6240945,1
ISIC_6240961,4
ISIC_6240998,0
ISIC_6241178,2
ISIC_6241604,1
ISIC_6242597,3
ISIC_6242842,1
ISIC_6242929,4
ISIC_6242942,4
ISIC_6243238,2
ISIC_6243521,2
ISIC_6243879,2
ISIC_6243910,1
ISIC_6244332,4
ISIC_6244582,0
ISIC_6244808,2
ISIC_6244896,3
ISIC_6245027,0
ISIC_6245138,4
ISIC_6245575,3
ISIC_6245809,0
ISIC_6246519,2
ISIC_6246809,4
ISIC_6247314,3
ISIC_6247432,1
ISIC_6247546,2
ISIC_6247584,4
ISIC_6247668,1
ISIC_6247743,0
ISIC_6248008,0
ISIC_6248789,4
ISIC_6249028,3
ISIC_6249090,4
ISIC_6249371,2
ISIC_6249885,3
ISIC_6250010,4
ISIC_6250214,2
ISIC_6250703,1
ISIC_6250704,0
ISIC_6250844,3
ISIC_6250970,2
ISIC_6251061,4
ISIC_6251447,2
ISIC_6251471,1
ISIC_6251647,1
ISIC_6251753,4
ISIC_6252453,3
ISIC_6253092,2
ISIC_6253292,0
ISIC_6253295,4
ISIC_6253947,0
ISIC_6254005,0
ISIC_6254045,4
ISIC_6254283,3
ISIC_6254324,0
ISIC_6254731,4
ISIC_6254988,2
ISIC_6255069,3
ISIC_6255113,3
ISIC_6255251,0
ISIC_6255494,3
ISIC_6255613,1
ISIC_6256314,1
ISIC_6256726,0
ISIC_6256797,3
ISIC_6257422,4
ISIC_6257646,0
ISIC_6257804,1
ISIC_6257952,0
ISIC_6258246,2
ISIC_6258546,0
ISIC_6258744,3
ISIC_6258919,3
ISIC_6260086,1
ISIC_6260129,3
ISIC_6260432,1
ISIC_6260485,4
ISIC_6260673,3
ISIC_6260841,2
ISIC_6260969,0
ISIC_6261482,0
ISIC_6261648,2
ISIC_6262316,3
ISIC_6262797,3
ISIC_6263090,3
ISIC_6263662,4
ISIC_6263736,4
ISIC_6263886,0
ISIC_6263974,2
ISIC_6264165,1
ISIC_6264379,1
ISIC_6264845,2
ISIC_6264932,4
ISIC_6265284,3
ISIC_6265319,1
ISIC_6265473,4
ISIC_6265551,1
ISIC_6265613,0
ISIC_6265890,1
ISIC_6265939,4
ISIC_6266268,0
ISIC_6266876,4
ISIC_6267158,0
ISIC_6267362,3
ISIC_6267455,2
ISIC_6267562,2
ISIC_6267883,3
ISIC_6268014,0
ISIC_6268546,2
ISIC_6268691,0
ISIC_6269166,4
ISIC_6269318,1
ISIC_6269414,1
ISIC_6269503,0
ISIC_6269543,3
ISIC_6269556,3
ISIC_6269796,3
ISIC_6270437,4
ISIC_6270484,1
ISIC_6270513,4
ISIC_6270846,2
ISIC_6271218,2
ISIC_6271263,4
ISIC_6271401,3
ISIC_6271913,2
ISIC_6272249,1
ISIC_6272501,1
ISIC_6272661,1
ISIC_6272993,4
ISIC_6273072,0
ISIC_6273566,3
ISIC_6273964,4
ISIC_6274020,3
ISIC_6274066,2
ISIC_6274085,0
ISIC_6275397,0
ISIC_6276482,0
ISIC_6276646,1
ISIC_6277077,0
ISIC_6277842,2
ISIC_6278040,0
ISIC_6278273,4
ISIC_6278584,0
ISIC_6278647,4
ISIC_6279017,1
ISIC_6279936,2
ISIC_6280185,0
ISIC_6280523,3
ISIC_6281419,1
ISIC_6281673,0
ISIC_6281875,1
ISIC_6281906,4
ISIC_6282093,4
ISIC_6282793,4
ISIC_6282858,0
ISIC_6282950,1
ISIC_6283328,4
ISIC_6283893,3
ISIC_6284012,3
ISIC_6284623,4
ISIC_6284704,1
ISIC_6284722,2
ISIC_6284930,3
ISIC_6285076,0
ISIC_6285376,0
ISIC_6285908,0
ISIC_6285925,1
ISIC_6286014,0
ISIC_6286876,0
ISIC_6287039,3
ISIC_6287575,0
ISIC_6287600,0
ISIC_6287803,0
ISIC_6288337,1
ISIC_6288696,4
ISIC_6288718,1
ISIC_6289346,3
ISIC_6289590,3
ISIC_6289619,0
ISIC_6289684,4
ISIC_6289765,1
ISIC_6289835,3
ISIC_6290159,0
ISIC_6290437,1
ISIC_6290709,4
ISIC_6291051,4
ISIC_6291397,3
ISIC_6291884,4
ISIC_6292209,4
ISIC_6292348,1
ISIC_6292603,1
ISIC_6292863,1
ISIC_6293107,4
ISIC_6293132,3
ISIC_6293227,3
ISIC_6293244,4
ISIC_6293829,0
ISIC_6294069,0
ISIC_6294920,3
ISIC_6294994,3
ISIC_6295087,2
ISIC_6295210,3
ISIC_6295310,4
ISIC_6295455,1
ISIC_6295517,0
ISIC_6296088,0
ISIC_6296099,1
ISIC_6296285,3
ISIC_6296308,4
ISIC_6296442,2
ISIC_6296651,1
ISIC_6297277,1
ISIC_6297317,2
ISIC_6297408,1
ISIC_6298215,0
ISIC_6298228,0
ISIC_6298293,2
ISIC_6298726,4
ISIC_6298828,1
ISIC_6298988,1
ISIC_6299380,3
ISIC_6299415,0
ISIC_6299511,4
ISIC_6299609,3
ISIC_6299639,3
ISIC_6299687,2
ISIC_6299778,2
ISIC_6299969,0
ISIC_6300814,0
ISIC_6301774,3
ISIC_6301984,4
ISIC_6302291,4
ISIC_6302389,4
ISIC_6302981,3
ISIC_6303107,2
ISIC_6303154,1
ISIC_6304007,4
ISIC_6304049,0
ISIC_6304068,1
ISIC_6304171,2
ISIC_6304412,3
ISIC_6304525,4
ISIC_6304655,0
ISIC_6304884,4
ISIC_6305197,3
ISIC_6305227,2
ISIC_6305230,2
ISIC_6305442,1
ISIC_6305501,2
ISIC_6305942,0
ISIC_6306102,3
ISIC_6306333,4
ISIC_6306410,1
ISIC_6306477,2
ISIC_6306658,4
ISIC_6306856,3
ISIC_6306962,0
ISIC_6307069,4
ISIC_6307553,2
ISIC_6307850,3
ISIC_6309336,2
ISIC_6310533,0
ISIC_6310591,4
ISIC_6310830,3
ISIC_6310871,2
ISIC_6311419,0
ISIC_6311570,3
ISIC_6312033,4
ISIC_6312488,3
ISIC_6312590,1
ISIC_6312714,4
ISIC_6312884,2
ISIC_6312979,0
ISIC_6313487,4
ISIC_6313605,1
ISIC_6314232,3
ISIC_6315030,3
ISIC_6315037,1
ISIC_6315192,4
ISIC_6315607,4
ISIC_6315805,4
ISIC_6316043,1
ISIC_6316410,2
ISIC_6316546,3
ISIC_6316781,2
ISIC_6316870,0
ISIC_6317162,3
ISIC_6317597,1
ISIC_6317610,2
ISIC_6318724,4
ISIC_6319036,3
ISIC_6319067,0
ISIC_6319225,2
ISIC_6319587,2
ISIC_6319742,1
ISIC_6319958,1
ISIC_6320012,3
ISIC_6320017,1
ISIC_6320497,1
ISIC_6320692,4
ISIC_6320717,1
ISIC_6320876,3
ISIC_6321076,2
ISIC_6321119,1
ISIC_6321436,4
ISIC_6322191,4
ISIC_6322207,2
ISIC_6322509,0
ISIC_6322982,4
ISIC_6323199,1
ISIC_6323420,0
ISIC_6323489,2
ISIC_6323573,1
ISIC_6323710,2
ISIC_6324383,3
ISIC_6324423,2
ISIC_6324520,0
ISIC_6324832,1
ISIC_6325512,0
ISIC_6325673,0
ISIC_6325797,1
ISIC_6326012,4
ISIC_6326315,1
ISIC_6326389,0
ISIC_6326406,3
ISIC_6326444,3
ISIC_6326790,3
ISIC_6326803,0
ISIC_6328526,4
ISIC_6328606,4
ISIC_6328643,4
ISIC_6329214,1
ISIC_6329217,0
ISIC_6329283,0
ISIC_6329930,0
ISIC_6330079,2
ISIC_6330529,0
ISIC_6330808,4
ISIC_6330821,0
ISIC_6331674,3
ISIC_6331731,3
ISIC_6332165,1
ISIC_6332618,0
ISIC_6332780,3
ISIC_6332867,2
ISIC_6333067,4
ISIC_6333926,4
ISIC_6334015,4
ISIC_6334419,1
ISIC_6334958,4
ISIC_6335479,2
ISIC_6335490,4
ISIC_6335980,0
ISIC_6336141,0
ISIC_6336454,1
ISIC_6336781,4
ISIC_6336926,1
ISIC_6337982,1
ISIC_6338053,3
ISIC_6338078,1
ISIC_6338357,4
ISIC_6339062,0
ISIC_6339509,4
ISIC_6340018,1
ISIC_6340022,2
ISIC_6340394,1
ISIC_6340520,4
ISIC_6340529,0
ISIC_6340564,1
ISIC_6340792,2
ISIC_6341033,4
ISIC_6341670,4
ISIC_6341685,3
ISIC_6342060,0
ISIC_6342224,1
ISIC_6342442,0
ISIC_6342533,1
ISIC_6342641,1
ISIC_6342820,3
ISIC_6342873,0
ISIC_6343199,4
ISIC_6343311,3
ISIC_6344073,3
ISIC_6344114,4
ISIC_6344673,0
ISIC_6345354,3
ISIC_6345464,0
ISIC_6345877,1
ISIC_6346012,2
ISIC_6346327,1
ISIC_6346725,3
ISIC_6346890,3
ISIC_6346989,0
ISIC_6347261,0
ISIC_6347269,3
ISIC_6347332,4
ISIC_6347649,0
ISIC_6347764,2
ISIC_6347839,2
ISIC_6347975,4
ISIC_6348271,1
ISIC_6348348,0
ISIC_6348638,0
ISIC_6348988,3
ISIC_6349069,0
ISIC_6349205,3
ISIC_6350508,3
ISIC_6350634,3
ISIC_6350948,0
ISIC_6351271,0
ISIC_6351451,2
ISIC_6352174,4
ISIC_6352401,2
ISIC_6352565,2
ISIC_6352726,2
ISIC_6352730,4
ISIC_6352858,4
ISIC_6352963,1
ISIC_6352994,3
ISIC_6352997,3
ISIC_6353219,1
ISIC_6353336,1
ISIC_6353527,4
ISIC_6353530,0
ISIC_6354194,2
ISIC_6354541,4
ISIC_6354666,0
ISIC_6355245,3
ISIC_6355353,2
ISIC_6356522,0
ISIC_6356803,0
ISIC_6356861,4
ISIC_6357263,2
ISIC_6357644,1
ISIC_6357690,0
ISIC_6358106,0
ISIC_6358383,2
ISIC_6358752,2
ISIC_6358849,1
ISIC_6358864,1
ISIC_6361412,3
ISIC_6362735,2
ISIC_6363173,0
ISIC_6363862,0
ISIC_6364051,3
ISIC_6364227,1
ISIC_6364462,3
ISIC_6364524,4
ISIC_6364664,2
ISIC_6364958,3
ISIC_6365318,1
ISIC_6365534,4
ISIC_6365920,4
ISIC_6366192,3
ISIC_6366631,0
ISIC_6366677,3
ISIC_6367092,1
ISIC_6367773,2
ISIC_6368084,2
ISIC_6368163,1
ISIC_6369963,4
ISIC_6370142,2
ISIC_6370597,0
ISIC_6370748,0
ISIC_6370792,0
ISIC_6370977,2
ISIC_6371078,0
ISIC_6371233,0
ISIC_6371959,2
ISIC_6372726,4
ISIC_6373500,4
ISIC_6373689,1
ISIC_6373822,2
ISIC_6373857,0
ISIC_6373863,3
ISIC_6373953,2
ISIC_6374267,4
ISIC_6374821,3
ISIC_6374961,4
ISIC_6375121,4
ISIC_6375439,3
ISIC_6375797,3
ISIC_6376450,1
ISIC_6376803,1
ISIC_6376955,2
ISIC_6376959,2
ISIC_6377047,0
ISIC_6377578,4
ISIC_6377622,2
ISIC_6377883,4
ISIC_6378169,1
ISIC_6378766,1
ISIC_6378798,0
ISIC_6378963,1
ISIC_6379299,1
ISIC_6379690,4
ISIC_6379790,4
ISIC_6380209,3
ISIC_6380662,2
ISIC_6380766,1
ISIC_6380982,1
ISIC_6381090,0
ISIC_6381197,2
ISIC_6381203,2
ISIC_6381236,4
ISIC_6381283,3
ISIC_6381607,4
ISIC_6381785,0
ISIC_6381852,0
ISIC_6381981,4
ISIC_6381999,2
ISIC_6382207,2
ISIC_6383193,2
ISIC_6383291,0
ISIC_6383359,0
ISIC_6383486,2
ISIC_6383922,4
ISIC_6383949,0
ISIC_6384274,1
ISIC_6384559,2
ISIC_6384906,0
ISIC_6384912,1
ISIC_6384927,1
ISIC_6384997,3
ISIC_6385074,2
ISIC_6385216,1
ISIC_6385220,0
ISIC_6385296,1
ISIC_6385374,4
ISIC_6385615,4
ISIC_6385627,0
ISIC_6385793,4
ISIC_6386354,3
ISIC_6386485,1
ISIC_6386546,3
ISIC_6387764,4
ISIC_6388531,4
ISIC_6388815,3
ISIC_6388940,3
ISIC_6389532,3
ISIC_6390738,1
ISIC_6390756,2
ISIC_6391396,4
ISIC_6391567,1
ISIC_6391835,0
ISIC_6391839,1
ISIC_6391978,4
ISIC_6392089,4
ISIC_6392461,1
ISIC_6392478,0
ISIC_6392658,3
ISIC_6392764,0
ISIC_6393098,2
ISIC_6393611,4
ISIC_6393699,2
ISIC_6393708,1
ISIC_6394129,2
ISIC_6394612,3
ISIC_6395503,1
ISIC_6395861,2
ISIC_6396473,2
ISIC_6396565,4
ISIC_6397631,2
ISIC_6398283,4
ISIC_6398519,3
ISIC_6398669,4
ISIC_6399004,2
ISIC_6399196,1
ISIC_6399275,0
ISIC_6399303,4
ISIC_6399531,1
ISIC_6399767,4
ISIC_6399787,1
ISIC_6399923,1
ISIC_6400232,0
ISIC_6400279,1
ISIC_6400502,4
ISIC_6400544,2
ISIC_6400714,1
ISIC_6400810,0
ISIC_6400815,2
ISIC_6401355,1
ISIC_6401657,1
ISIC_6401819,0
ISIC_6402612,3
ISIC_6402680,3
ISIC_6402957,2
ISIC_6403046,0
ISIC_6403268,4
ISIC_6403592,1
ISIC_6403739,3
ISIC_6403977,0
ISIC_6404049,4
ISIC_6404238,4
ISIC_6404810,3
ISIC_6405298,4
ISIC_6405981,4
ISIC_6406035,1
ISIC_6406517,2
ISIC_6406987,0
ISIC_6407004,0
ISIC_6407060,3
ISIC_6407136,2
ISIC_6407190,1
ISIC_6407230,3
ISIC_6407239,0
ISIC_6407399,0
ISIC_6408090,2
ISIC_6408408,4
ISIC_6408480,2
ISIC_6408608,0
ISIC_6409060,0
ISIC_6409296,1
ISIC_6409671,3
ISIC_6409918,1
ISIC_6410765,0
ISIC_6410830,4
ISIC_6411004,0
ISIC_6411466,3
ISIC_6411684,0
ISIC_6411939,4
ISIC_6411966,1
ISIC_6412112,1
ISIC_6412486,4
ISIC_6413170,1
ISIC_6413346,1
ISIC_6413382,4
ISIC_6413651,2
ISIC_6413847,3
ISIC_6413890,2
ISIC_6414006,4
ISIC_6414490,1
ISIC_6415466,2
ISIC_6416127,4
ISIC_6416533,3
ISIC_6416559,4
ISIC_6416889,1
ISIC_6417037,0
ISIC_6417059,2
ISIC_6417769,2
ISIC_6418122,2
ISIC_6418410,0
ISIC_6418515,4
ISIC_6419239,3
ISIC_6419248,1
ISIC_6420302,4
ISIC_6420431,1
ISIC_6421103,4
ISIC_6421507,4
ISIC_6421586,0
ISIC_6422158,0
ISIC_6422187,3
ISIC_6422441,4
ISIC_6422703,1
ISIC_6422710,1
ISIC_6422791,0
ISIC_6422862,0
ISIC_6423301,2
ISIC_6423860,3
ISIC_6423914,4
ISIC_6423964,4
ISIC_6424460,0
ISIC_6424652,2
ISIC_6424987,3
ISIC_6425531,4
ISIC_6425608,2
ISIC_6425807,4
ISIC_6425888,2
ISIC_6425979,0
ISIC_6426083,1
ISIC_6427046,3
ISIC_6427086,1
ISIC_6427157,1
ISIC_6427761,3
ISIC_6428020,1
ISIC_6428021,2
ISIC_6428488,4
ISIC_6430052,3
ISIC_6430088,4
ISIC_6430210,0
ISIC_6430323,2
ISIC_6431475,0
ISIC_6431697,3
ISIC_6432089,2
ISIC_6432413,0
ISIC_6432495,1
ISIC_6432672,0
ISIC_6433037,3
ISIC_6433084,3
ISIC_6433108,3
ISIC_6433284,3
ISIC_6433551,4
ISIC_6433744,1
ISIC_6434192,3
ISIC_6434203,3
ISIC_6434210,4
ISIC_6434344,2
ISIC_6434480,2
ISIC_6434605,3
ISIC_6434618,2
ISIC_6434878,1
ISIC_6435545,2
ISIC_6435644,1
ISIC_6435655,3
ISIC_6436069,0
ISIC_6436107,0
ISIC_6436212,0
ISIC_6436590,4
ISIC_6436649,1
ISIC_6436998,3
ISIC_6437087,4
ISIC_6437637,4
ISIC_6437676,1
ISIC_6438174,2
ISIC_6438355,4
ISIC_6439380,3
ISIC_6440050,2
ISIC_6440229,2
ISIC_6440420,0
ISIC_6440489,0
ISIC_6440753,3
ISIC_6441128,1
ISIC_6441261,0
ISIC_6441489,0
ISIC_6441610,4
ISIC_6441689,4
ISIC_6441985,0
ISIC_6442221,0
ISIC_6442768,2
ISIC_6443700,0
ISIC_6443772,4
ISIC_6443984,3
ISIC_6444653,1
ISIC_6444694,0
ISIC_6444989,2
ISIC_6445219,0
ISIC_6445453,4
ISIC_6446417,3
ISIC_6446484,1
ISIC_6446616,4
ISIC_6446647,3
ISIC_6446753,0
ISIC_6446779,3
ISIC_6446825,3
ISIC_6447071,4
ISIC_6447132,4
ISIC_6447663,2
ISIC_6447681,3
ISIC_6448063,3
ISIC_6448077,3
ISIC_6448179,3
ISIC_6448312,3
ISIC_6448654,2
ISIC_6449065,1
ISIC_6449939,2
ISIC_6450034,2
ISIC_6450123,0
ISIC_6450285,1
ISIC_6450517,1
ISIC_6450541,4
ISIC_6450756,1
ISIC_6451230,1
ISIC_6451337,0
ISIC_6451703,2
ISIC_6452132,3
ISIC_6452498,4
ISIC_6452564,2
ISIC_6453506,4
ISIC_6454168,0
ISIC_6455034,0
ISIC_6455160,4
ISIC_6455702,1
ISIC_6455907,0
ISIC_6455934,3
ISIC_6456170,1
ISIC_6456370,3
ISIC_6457449,3
ISIC_6457573,2
ISIC_6457849,3
ISIC_6458199,0
ISIC_6458249,1
ISIC_6458558,0
ISIC_6458982,4
ISIC_6459358,2
ISIC_6459627,1
ISIC_6459796,1
ISIC_6459976,1
ISIC_6460137,4
ISIC_6460185,0
ISIC_6460696,4
ISIC_6460791,3
ISIC_6461085,3
ISIC_6461419,2
ISIC_6461484,0
ISIC_6461631,3
ISIC_6462375,4
ISIC_6463222,0
ISIC_6463417,1
ISIC_6464152,0
ISIC_6464177,2
ISIC_6464378,3
ISIC_6464509,0
ISIC_6464772,0
ISIC_6464905,2
ISIC_6465925,2
ISIC_6466318,2
ISIC_6466611,2
ISIC_6467025,1
ISIC_6467369,1
ISIC_6467876,0
ISIC_6468427,2
ISIC_6468817,4
ISIC_6469123,4
ISIC_6469202,0
ISIC_6469507,0
ISIC_6469737,3
ISIC_6469759,4
ISIC_6470589,2
ISIC_6470697,1
ISIC_6470698,0
ISIC_6470709,0
ISIC_6470737,2
ISIC_6471212,4
ISIC_6471496,3
ISIC_6471539,4
ISIC_6471878,1
ISIC_6472901,1
ISIC_6473446,4
ISIC_6473449,1
ISIC_6473741,0
ISIC_6473760,2
ISIC_6473876,1
ISIC_6473894,3
ISIC_6474368,0
ISIC_6474901,2
ISIC_6474947,3
ISIC_6475034,0
ISIC_6475049,0
ISIC_6475895,2
ISIC_6475946,2
ISIC_6476351,2
ISIC_6476964,2
ISIC_6477259,3
ISIC_6477752,3
ISIC_6477782,3
ISIC_6477810,0
ISIC_6478101,2
ISIC_6478314,0
ISIC_6478506,4
ISIC_6478823,1
ISIC_6479426,4
ISIC_6479562,0
ISIC_6479999,3
ISIC_6480121,3
ISIC_6480380,1
ISIC_6480425,3
ISIC_6480491,0
ISIC_6480784,4
ISIC_6481264,2
ISIC_6481497,0
ISIC_6481625,4
ISIC_6481852,1
ISIC_6481862,4
ISIC_6481959,0
ISIC_6482239,1
ISIC_6482425,2
ISIC_6482577,2
ISIC_6482662,3
ISIC_6482778,4
ISIC_6483504,4
ISIC_6483766,3
ISIC_6484136,1
ISIC_6484241,3
ISIC_6485050,3
ISIC_6485348,3
ISIC_6485672,0
ISIC_6485874,0
ISIC_6486810,1
ISIC_6486815,0
ISIC_6486834,0
ISIC_6486856,2
ISIC_6486966,2
ISIC_6487069,0
ISIC_6487577,1
ISIC_6487809,4
ISIC_6488089,3
ISIC_6488516,2
ISIC_6488635,2
ISIC_6488658,4
ISIC_6489551,2
ISIC_6489678,0
ISIC_6489887,4
ISIC_6489993,4
ISIC_6490869,0
ISIC_6490895,2
ISIC_6490926,0
ISIC_6491599,0
ISIC_6491606,0
ISIC_6491919,3
ISIC_6493373,3
ISIC_6494157,0
ISIC_6494409,1
ISIC_6494965,2
ISIC_6494974,1
ISIC_6495137,2
ISIC_6496251,2
ISIC_6496370,4
ISIC_6496765,2
ISIC_6496927,1
ISIC_6497106,2
ISIC_6497135,1
ISIC_6497508,1
ISIC_6497797,1
ISIC_6497801,4
ISIC_6498256,4
ISIC_6498269,1
ISIC_6498634,0
ISIC_6498670,4
ISIC_6498675,2
ISIC_6498790,1
ISIC_6499329,1
ISIC_6499613,3
ISIC_6499712,4
ISIC_6500094,0
ISIC_6500342,0
ISIC_6500602,3
ISIC_6500700,3
ISIC_6500740,0
ISIC_6501071,2
ISIC_6501973,3
ISIC_6502168,1
ISIC_6502288,2
ISIC_6502491,3
ISIC_6502825,0
ISIC_6502887,2
ISIC_6503619,1
ISIC_6503730,0
ISIC_6503962,0
ISIC_6504118,1
ISIC_6505551,4
ISIC_6506429,2
ISIC_6506481,2
ISIC_6507179,4
ISIC_6507241,0
ISIC_6507412,4
ISIC_6507492,1
ISIC_6507640,2
ISIC_6507792,3
ISIC_6507805,1
ISIC_6508516,1
ISIC_6509261,0
ISIC_6509682,1
ISIC_6509801,3
ISIC_6510017,2
ISIC_6510403,4
ISIC_6511141,0
ISIC_6511284,4
ISIC_6511689,2
ISIC_6511816,2
ISIC_6512037,4
ISIC_6512207,3
ISIC_6512384,1
ISIC_6512653,2
ISIC_6512878,3
ISIC_6513553,2
ISIC_6513575,1
ISIC_6513977,4
ISIC_6514416,4
ISIC_6514426,3
ISIC_6514525,0
ISIC_6515089,4
ISIC_6515221,4
ISIC_6515241,0
ISIC_6515283,1
ISIC_6515546,0
ISIC_6515697,2
ISIC_6515912,0
ISIC_6516710,4
ISIC_6516921,4
ISIC_6517082,0
ISIC_6517663,4
ISIC_6517852,0
ISIC_6518041,1
ISIC_6518815,4
ISIC_6520179,4
ISIC_6520237,1
ISIC_6520777,2
ISIC_6521087,1
ISIC_6521444,4
ISIC_6521870,0
ISIC_6522126,4
ISIC_6522402,4
ISIC_6522713,3
ISIC_6522875,4
ISIC_6523459,4
ISIC_6524052,3
ISIC_6524119,1
ISIC_6524270,2
ISIC_6524810,4
ISIC_6525194,4
ISIC_6526150,4
ISIC_6526237,4
ISIC_6526489,2
ISIC_6526551,2
ISIC_6527127,2
ISIC_6527244,4
ISIC_6527285,0
ISIC_6527288,4
ISIC_6527464,4
ISIC_6527537,2
ISIC_6527570,4
ISIC_6528080,2
ISIC_6528650,3
ISIC_6529073,4
ISIC_6529342,1
ISIC_6529773,4
ISIC_6529819,0
ISIC_6529890,2
ISIC_6530659,2
ISIC_6531003,0
ISIC_6531118,0
ISIC_6531410,4
ISIC_6531557,0
ISIC_6532096,4
ISIC_6532137,1
ISIC_6532805,4
ISIC_6532966,4
ISIC_6533176,0
ISIC_6533307,2
ISIC_6533561,4
ISIC_6533612,1
ISIC_6533754,4
ISIC_6534346,1
ISIC_6534791,4
ISIC_6534818,0
ISIC_6535381,3
ISIC_6535502,0
ISIC_6535558,3
ISIC_6535961,4
ISIC_6536232,2
ISIC_6536419,1
ISIC_6536514,1
ISIC_6536813,4
ISIC_6536909,3
ISIC_6537021,2
ISIC_6537513,2
ISIC_6537539,1
ISIC_6538524,0
ISIC_6538955,2
ISIC_6539116,4
ISIC_6539127,1
ISIC_6539326,2
ISIC_6539336,0
ISIC_6539852,3
ISIC_6540624,4
ISIC_6541615,1
ISIC_6542088,3
ISIC_6542162,4
ISIC_6543121,2
ISIC_6543269,1
ISIC_6543564,4
ISIC_6544010,2
ISIC_6544051,2
ISIC_6544382,1
ISIC_6544410,2
ISIC_6544548,1
ISIC_6544804,4
ISIC_6545051,1
ISIC_6546423,0
ISIC_6546903,2
ISIC_6546981,3
ISIC_6547083,1
ISIC_6547275,3
ISIC_6547336,1
ISIC_6547379,2
ISIC_6547605,1
ISIC_6547707,4
ISIC_6547878,0
ISIC_6548307,1
ISIC_6548474,3
ISIC_6548734,2
ISIC_6548812,3
ISIC_6549150,0
ISIC_6549429,1
ISIC_6549798,4
ISIC_6549826,2
ISIC_6549908,4
ISIC_6549919,1
ISIC_6550073,1
ISIC_6550427,4
ISIC_6550552,2
ISIC_6550650,1
ISIC_6550761,1
ISIC_6550925,0
ISIC_6551180,2
ISIC_6551511,3
ISIC_6551532,1
ISIC_6551980,3
ISIC_6552115,1
ISIC_6552380,4
ISIC_6552421,4
ISIC_6552552,3
ISIC_6552718,0
ISIC_6552884,2
ISIC_6552922,3
ISIC_6553041,2
ISIC_6553295,0
ISIC_6553389,3
ISIC_6553467,1
ISIC_6553579,0
ISIC_6553768,1
ISIC_6553951,2
ISIC_6554025,2
ISIC_6554961,1
ISIC_6555039,0
ISIC_6555093,3
ISIC_6555249,1
ISIC_6555290,2
ISIC_6555339,2
ISIC_6555563,3
ISIC_6555618,1
ISIC_6556082,4
ISIC_6556220,1
ISIC_6556473,4
ISIC_6556513,2
ISIC_6556622,4
ISIC_6557194,3
ISIC_6557292,0
ISIC_6557548,4
ISIC_6557642,3
ISIC_6557781,3
ISIC_6557860,2
ISIC_6558624,0
ISIC_6558697,4
ISIC_6558904,1
ISIC_6559830,4
ISIC_6559838,3
ISIC_6559840,0
ISIC_6559979,0
ISIC_6560677,3
ISIC_6561111,1
ISIC_6561769,3
ISIC_6561787,2
ISIC_6562217,3
ISIC_6562435,2
ISIC_6562729,4
ISIC_6562849,2
ISIC_6562871,0
ISIC_6563103,4
ISIC_6563211,0
ISIC_6563363,1
ISIC_6563695,4
ISIC_6563761,1
ISIC_6564034,0
ISIC_6564196,1
ISIC_6564214,2
ISIC_6564628,3
ISIC_6564818,2
ISIC_6564920,0
ISIC_6565033,2
ISIC_6565471,4
ISIC_6565709,1
ISIC_6566042,3
ISIC_6566304,1
ISIC_6567382,3
ISIC_6567645,2
ISIC_6567889,0
ISIC_6568233,1
ISIC_6568236,3
ISIC_6568247,1
ISIC_6569060,4
ISIC_6569298,3
ISIC_6569301,0
ISIC_6569414,3
ISIC_6570097,0
ISIC_6570166,4
ISIC_6570291,2
ISIC_6570611,0
ISIC_6571026,0
ISIC_6571305,1
ISIC_6571335,4
ISIC_6571459,1
ISIC_6571597,3
ISIC_6572147,2
ISIC_6572463,1
ISIC_6572571,4
ISIC_6572646,1
ISIC_6573514,0
ISIC_6573518,4
ISIC_6573731,0
ISIC_6573739,3
ISIC_6574042,4
ISIC_6574365,1
ISIC_6574446,3
ISIC_6574497,4
ISIC_6574514,4
ISIC_6574851,3
ISIC_6574872,2
ISIC_6575037,3
ISIC_6575298,3
ISIC_6575414,0
ISIC_6575871,3
ISIC_6576368,0
ISIC_6576397,2
ISIC_6576549,2
ISIC_6576813,4
ISIC_6577087,0
ISIC_6577388,2
ISIC_6577551,3
ISIC_6577632,1
ISIC_6577745,3
ISIC_6577767,0
ISIC_6577841,1
ISIC_6577925,1
ISIC_6578516,2
ISIC_6578522,1
ISIC_6578862,1
ISIC_6579382,4
ISIC_6580076,3
ISIC_6580094,0
ISIC_6580109,3
ISIC_6580386,3
ISIC_6580390,2
ISIC_6580394,4
ISIC_6580482,1
ISIC_6580542,2
ISIC_6580862,2
ISIC_6581411,0
ISIC_6581665,0
ISIC_6581765,0
ISIC_6582297,1
ISIC_6582783,4
ISIC_6583372,0
ISIC_6583844,3
ISIC_6584373,4
ISIC_6584579,2
ISIC_6584629,2
ISIC_6584847,3
ISIC_6584861,2
ISIC_6584958,4
ISIC_6585659,3
ISIC_6585725,2
ISIC_6586052,1
ISIC_6586187,2
ISIC_6586304,0
ISIC_6587018,3
ISIC_6587310,4
ISIC_6587534,1
ISIC_6587559,0
ISIC_6587979,2
ISIC_6588103,2
ISIC_6588204,2
ISIC_6588370,4
ISIC_6588537,0
ISIC_6588756,4
ISIC_6588801,4
ISIC_6588853,3
ISIC_6588881,0
ISIC_6588982,4
ISIC_6589867,2
ISIC_6590191,1
ISIC_6590303,2
ISIC_6590463,2
ISIC_6590468,4
ISIC_6590554,4
ISIC_6590864,3
ISIC_6591140,2
ISIC_6591185,3
ISIC_6591387,1
ISIC_6592334,1
ISIC_6592559,4
ISIC_6593073,0
ISIC_6593451,1
ISIC_6593484,1
ISIC_6593826,0
ISIC_6594273,0
ISIC_6594464,1
ISIC_6594555,3
ISIC_6595186,3
ISIC_6595224,2
ISIC_6595273,0
ISIC_6595325,2
ISIC_6595668,3
ISIC_6595672,4
ISIC_6596202,4
ISIC_6596403,2
ISIC_6596447,1
ISIC_6596667,1
ISIC_6597839,0
ISIC_6598023,4
ISIC_6598889,1
ISIC_6599116,2
ISIC_6599891,1
ISIC_6600150,2
ISIC_6600158,1
ISIC_6600225,3
ISIC_6600424,4
ISIC_6601052,4
ISIC_6601616,0
ISIC_6602449,0
ISIC_6602516,1
ISIC_6602724,0
ISIC_6602795,3
ISIC_6602901,2
ISIC_6602905,1
ISIC_6602939,3
ISIC_6602955,0
ISIC_6603154,4
ISIC_6603703,0
ISIC_6604123,3
ISIC_6604551,1
ISIC_6604682,1
ISIC_6604862,0
ISIC_6605122,4
ISIC_6605541,1
ISIC_6605912,2
ISIC_6606056,2
ISIC_6606131,4
ISIC_6606767,0
ISIC_6607197,0
ISIC_6607519,3
ISIC_6607633,0
ISIC_6607639,0
ISIC_6607895,0
ISIC_6607939,2
ISIC_6608281,2
ISIC_6608321,2
ISIC_6608443,4
ISIC_6608507,1
ISIC_6608618,4
ISIC_6608938,2
ISIC_6609379,1
ISIC_6609484,4
ISIC_6609931,4
ISIC_6610220,4
ISIC_6610645,1
ISIC_6610700,4
ISIC_6610852,0
ISIC_6612179,1
ISIC_6612188,1
ISIC_6612356,4
ISIC_6613079,3
ISIC_6613150,0
ISIC_6613228,4
ISIC_6613239,1
ISIC_6613986,3
ISIC_6613992,0
ISIC_6614805,3
ISIC_6615000,4
ISIC_6615274,2
ISIC_6615413,3
ISIC_6615566,3
ISIC_6616081,1
ISIC_6616174,1
ISIC_6616239,1
ISIC_6616415,4
ISIC_6616450,4
ISIC_6616542,0
ISIC_6616671,4
ISIC_6617044,4
ISIC_6617618,2
ISIC_6617636,4
ISIC_6617749,1
ISIC_6617840,3
ISIC_6618140,1
ISIC_6618652,0
ISIC_6618799,0
ISIC_6618851,0
ISIC_6618943,4
ISIC_6619258,2
ISIC_6619276,4
ISIC_6619411,4
ISIC_6619721,0
ISIC_6619934,0
ISIC_6619962,0
ISIC_6619970,3
ISIC_6620035,3
ISIC_6620135,2
ISIC_6620273,0
ISIC_6620288,2
ISIC_6620377,1
ISIC_6622594,2
ISIC_6622871,0
ISIC_6622892,3
ISIC_6623061,4
ISIC_6624154,1
ISIC_6624321,4
ISIC_6624808,4
ISIC_6625102,2
ISIC_6625189,4
ISIC_6625253,4
ISIC_6625344,0
ISIC_6626544,1
ISIC_6626957,1
ISIC_6627142,0
ISIC_6627237,3
ISIC_6627654,1
ISIC_6627659,0
ISIC_6628544,3
ISIC_6628607,4
ISIC_6628721,0
ISIC_6628829,1
ISIC_6629629,0
ISIC_6630240,0
ISIC_6630570,4
ISIC_6630610,4
ISIC_6631818,3
ISIC_6632614,2
ISIC_6632997,4
ISIC_6633101,1
ISIC_6633174,0
ISIC_6633906,0
ISIC_6634524,3
ISIC_6634914,0
ISIC_6634951,4
ISIC_6634985,1
ISIC_6635590,2
ISIC_6635699,2
ISIC_6635931,0
ISIC_6636275,4
ISIC_6636720,1
ISIC_6637323,0
ISIC_6637542,0
ISIC_6637633,2
ISIC_6637946,3
ISIC_6638065,3
ISIC_6638499,2
ISIC_6638869,3
ISIC_6638892,4
ISIC_6639094,2
ISIC_6639111,0
ISIC_6639525,4
ISIC_6639985,2
ISIC_6640227,0
ISIC_6640686,3
ISIC_6640753,0
ISIC_6640981,3
ISIC_6641007,0
ISIC_6641336,0
ISIC_6641378,3
ISIC_6641543,2
ISIC_6642608,0
ISIC_6642819,4
ISIC_6642886,2
ISIC_6644265,4
ISIC_6644441,1
ISIC_6644659,1
ISIC_6644699,1
ISIC_6644834,4
ISIC_6645328,0
ISIC_6645644,3
ISIC_6645710,0
ISIC_6646289,3
ISIC_6646410,3
ISIC_6646749,2
ISIC_6646870,1
ISIC_6647130,1
ISIC_6647501,0
ISIC_6647547,0
ISIC_6647883,3
ISIC_6648052,2
ISIC_6648119,0
ISIC_6649866,0
ISIC_6650581,3
ISIC_6650799,1
ISIC_6651570,4
ISIC_6651721,4
ISIC_6651931,2
ISIC_6652021,3
ISIC_6652094,4
ISIC_6652211,4
ISIC_6652273,2
ISIC_6652681,4
ISIC_6652710,2
ISIC_6652978,1
ISIC_6653225,4
ISIC_6653311,4
ISIC_6653456,2
ISIC_6653780,1
ISIC_6654565,4
ISIC_6654619,0
ISIC_6654875,2
ISIC_6655383,1
ISIC_6655446,2
ISIC_6655874,2
ISIC_6655888,4
ISIC_6656318,3
ISIC_6656373,1
ISIC_6656563,3
ISIC_6657600,4
ISIC_6657660,2
ISIC_6658067,3
ISIC_6658892,1
ISIC_6660247,0
ISIC_6660516,2
ISIC_6661073,4
ISIC_6661491,2
ISIC_6661691,2
ISIC_6661862,0
ISIC_6661904,4
ISIC_6661910,0
ISIC_6662566,3
ISIC_6662824,0
ISIC_6662941,4
ISIC_6663112,2
ISIC_6664275,3
ISIC_6665312,2
ISIC_6665364,4
ISIC_6665380,4
ISIC_6665401,2
ISIC_6665515,2
ISIC_6665667,0
ISIC_6666329,3
ISIC_6666608,0
ISIC_6666623,0
ISIC_6666835,4
ISIC_6667080,0
ISIC_6667142,1
ISIC_6668197,3
ISIC_6668237,2
ISIC_6668308,0
ISIC_6668604,1
ISIC_6668759,1
ISIC_6668859,3
ISIC_6669480,4
ISIC_6669601,2
ISIC_6670242,1
ISIC_6670764,4
ISIC_6671451,4
ISIC_6671773,0
ISIC_6672519,2
ISIC_6672654,3
ISIC_6672885,0
ISIC_6673506,1
ISIC_6673669,3
ISIC_6673875,2
ISIC_6673956,1
ISIC_6674202,0
ISIC_6674653,3
ISIC_6674739,4
ISIC_6674918,2
ISIC_6675390,1
ISIC_6675653,0
ISIC_6675773,2
ISIC_6675795,0
ISIC_6675831,3
ISIC_6676345,1
ISIC_6676508,3
ISIC_6676568,2
ISIC_6676647,3
ISIC_6676705,3
ISIC_6676776,2
ISIC_6676883,4
ISIC_6678326,1
ISIC_6678508,0
ISIC_6679126,4
ISIC_6679386,2
ISIC_6679445,1
ISIC_6679694,1
ISIC_6679922,0
ISIC_6680634,3
ISIC_6680649,1
ISIC_6680873,1
ISIC_6681346,4
ISIC_6681628,2
ISIC_6681802,4
ISIC_6681811,1
ISIC_6681838,2
ISIC_6682106,1
ISIC_6682360,4
ISIC_6682918,4
ISIC_6683370,1
ISIC_6683756,1
ISIC_6683956,1
ISIC_6684042,2
ISIC_6684371,4
ISIC_6685128,3
ISIC_6685513,4
ISIC_6685532,4
ISIC_6686144,4
ISIC_6686271,0
ISIC_6686804,4
ISIC_6687278,1
ISIC_6687321,1
ISIC_6687327,0
ISIC_6687927,3
ISIC_6688054,2
ISIC_6688311,3
ISIC_6688417,4
ISIC_6688681,1
ISIC_6689146,0
ISIC_6689310,4
ISIC_6689593,0
ISIC_6689717,1
ISIC_6690049,4
ISIC_6690309,1
ISIC_6690602,1
ISIC_6690811,4
ISIC_6691092,2
ISIC_6691217,2
ISIC_6691662,2
ISIC_6691962,0
ISIC_6692281,3
ISIC_6692344,0
ISIC_6693976,0
ISIC_6694724,3
ISIC_6695831,0
ISIC_6696515,0
ISIC_6696536,2
ISIC_6696715,3
ISIC_6697013,1
ISIC_6697332,0
ISIC_6697691,4
ISIC_6698114,2
ISIC_6698186,3
ISIC_6699023,1
ISIC_6699817,3
ISIC_6699854,2
ISIC_6700235,3
ISIC_6700416,0
ISIC_6700433,1
ISIC_6700528,0
ISIC_6701131,0
ISIC_6701139,3
ISIC_6701544,3
ISIC_6702684,2
ISIC_6702997,4
ISIC_6703021,0
ISIC_6703027,1
ISIC_6703029,2
ISIC_6703280,2
ISIC_6704036,1
ISIC_6704130,0
ISIC_6704518,4
ISIC_6704623,4
ISIC_6705094,1
ISIC_6705470,4
ISIC_6705662,2
ISIC_6705932,1
ISIC_6705966,1
ISIC_6706289,1
ISIC_6706365,4
ISIC_6706678,1
ISIC_6706980,0
ISIC_6707661,3
ISIC_6707990,0
ISIC_6707991,1
ISIC_6708074,2
ISIC_6708082,3
ISIC_6708310,3
ISIC_6708794,4
ISIC_6708968,0
ISIC_6709052,1
ISIC_6709150,3
ISIC_6710082,2
ISIC_6710411,1
ISIC_6710584,0
ISIC_6710866,0
ISIC_6710875,0
ISIC_6711169,0
ISIC_6711312,2
ISIC_6711996,1
ISIC_6712342,4
ISIC_6712464,0
ISIC_6712470,3
ISIC_6712494,3
ISIC_6712655,0
ISIC_6712836,1
ISIC_6713062,3
ISIC_6713263,3
ISIC_6713432,1
ISIC_6714006,3
ISIC_6714018,3
ISIC_6714082,3
ISIC_6714248,0
ISIC_6715003,0
ISIC_6715731,2
ISIC_6715805,0
ISIC_6715897,2
ISIC_6716036,2
ISIC_6717114,3
ISIC_6717322,1
ISIC_6717452,4
ISIC_6717727,0
ISIC_6718077,2
ISIC_6718307,4
ISIC_6718737,0
ISIC_6718969,2
ISIC_6719226,0
ISIC_6720670,3
ISIC_6721280,2
ISIC_6721304,1
ISIC_6721869,0
ISIC_6721919,3
ISIC_6722005,0
ISIC_6722586,2
ISIC_6722603,4
ISIC_6722934,1
ISIC_6722945,2
ISIC_6723749,3
ISIC_6723937,0
ISIC_6724069,3
ISIC_6724095,3
ISIC_6724946,0
ISIC_6725045,3
ISIC_6725049,0
ISIC_6725178,3
ISIC_6725390,1
ISIC_6725760,4
ISIC_6725782,2
ISIC_6725828,0
ISIC_6726435,4
ISIC_6726495,2
ISIC_6726818,4
ISIC_6727495,1
ISIC_6728205,0
ISIC_6728496,2
ISIC_6729594,1
ISIC_6730455,0
ISIC_6730589,0
ISIC_6730885,0
ISIC_6731372,2
ISIC_6731470,3
ISIC_6731651,0
ISIC_6731659,0
ISIC_6731796,1
ISIC_6732560,4
ISIC_6732763,0
ISIC_6733338,1
ISIC_6734262,3
ISIC_6734679,0
ISIC_6734859,3
ISIC_6735519,0
ISIC_6735728,2
ISIC_6735970,2
ISIC_6736062,0
ISIC_6736990,3
ISIC_6737576,3
ISIC_6737771,4
ISIC_6737773,3
ISIC_6737942,3
ISIC_6738013,3
ISIC_6739204,4
ISIC_6739241,3
ISIC_6739648,4
ISIC_6739727,2
ISIC_6740109,2
ISIC_6740634,2
ISIC_6740979,3
ISIC_6741707,2
ISIC_6741822,3
ISIC_6742185,3
ISIC_6742341,0
ISIC_6742634,0
ISIC_6742970,3
ISIC_6743860,0
ISIC_6744531,4
ISIC_6744962,3
ISIC_6745062,1
ISIC_6745477,4
ISIC_6745554,0
ISIC_6746168,4
ISIC_6746530,0
ISIC_6747026,3
ISIC_6749024,1
ISIC_6749335,3
ISIC_6749688,3
ISIC_6749926,0
ISIC_6750574,3
ISIC_6750759,3
ISIC_6751908,4
ISIC_6752060,0
ISIC_6753148,2
ISIC_6753254,0
ISIC_6753364,2
ISIC_6753425,4
ISIC_6753485,2
ISIC_6753831,0
ISIC_6754034,2
ISIC_6754247,1
ISIC_6754517,2
ISIC_6754684,1
ISIC_6754749,4
ISIC_6754835,0
ISIC_6755132,2
ISIC_6756474,4
ISIC_6756517,0
ISIC_6757468,0
ISIC_6757533,3
ISIC_6757540,1
ISIC_6757635,3
ISIC_6757674,0
ISIC_6757682,1
ISIC_6757765,0
ISIC_6757832,4
ISIC_6757973,1
ISIC_6758042,2
ISIC_6759173,1
ISIC_6759319,0
ISIC_6759615,3
ISIC_6759819,3
ISIC_6759865,1
ISIC_6760032,2
ISIC_6760466,3
ISIC_6760475,0
ISIC_6760984,3
ISIC_6760986,4
ISIC_6761105,1
ISIC_6761269,1
ISIC_6761837,0
ISIC_6761980,4
ISIC_6762061,2
ISIC_6762560,2
ISIC_6762833,0
ISIC_6763196,3
ISIC_6763221,4
ISIC_6763449,0
ISIC_6763469,0
ISIC_6763490,0
ISIC_6764193,1
ISIC_6764541,1
ISIC_6764717,2
ISIC_6765909,0
ISIC_6766153,3
ISIC_6767017,1
ISIC_6767038,1
ISIC_6767379,3
ISIC_6767569,4
ISIC_6767772,2
ISIC_6767860,1
ISIC_6768006,3
ISIC_6768044,2
ISIC_6768479,1
ISIC_6769445,2
ISIC_6769965,4
ISIC_6770028,2
ISIC_6770425,1
ISIC_6770630,3
ISIC_6771724,4
ISIC_6771810,2
ISIC_6771825,4
ISIC_6771919,0
ISIC_6772067,3
ISIC_6772085,4
ISIC_6773042,2
ISIC_6773312,2
ISIC_6773319,1
ISIC_6773367,1
ISIC_6773833,1
ISIC_6774326,3
ISIC_6774796,0
ISIC_6776434,1
ISIC_6776583,2
ISIC_6777153,4
ISIC_6777229,4
ISIC_6777714,0
ISIC_6777986,3
ISIC_6778005,3
ISIC_6778251,0
ISIC_6778483,4
ISIC_6778515,3
ISIC_6778756,1
ISIC_6778936,0
ISIC_6779136,4
ISIC_6779191,4
ISIC_6779354,0
ISIC_6779421,1
ISIC_6780471,2
ISIC_6780841,0
ISIC_6780901,4
ISIC_6781041,3
ISIC_6781075,2
ISIC_6781528,4
ISIC_6781637,4
ISIC_6781665,3
ISIC_6782248,1
ISIC_6782271,1
ISIC_6782861,3
ISIC_6782898,2
ISIC_6783107,2
ISIC_6783285,0
ISIC_6783448,1
ISIC_6784148,2
ISIC_6784305,0
ISIC_6784593,0
ISIC_6784722,3
ISIC_6784756,2
ISIC_6784883,4
ISIC_6785041,3
ISIC_6785249,1
ISIC_6785680,4
ISIC_6786074,3
ISIC_6786198,0
ISIC_6786759,2
ISIC_6786823,2
ISIC_6786974,0
ISIC_6786991,4
ISIC_6787039,0
ISIC_6787097,0
ISIC_6787193,4
ISIC_6787208,0
ISIC_6787283,1
ISIC_6788130,1
ISIC_6788785,0
ISIC_6789222,3
ISIC_6789376,3
ISIC_6789494,1
ISIC_6789719,2
ISIC_6789876,3
ISIC_6790442,0
ISIC_6790642,1
ISIC_6790780,1
ISIC_6790949,3
ISIC_6791406,2
ISIC_6791904,2
ISIC_6791989,4
ISIC_6791996,3
ISIC_6792155,3
ISIC_6792277,3
ISIC_6792398,1
ISIC_6792544,0
ISIC_6792644,3
ISIC_6793603,0
ISIC_6793721,3
ISIC_6793778,3
ISIC_6793830,1
ISIC_6793983,4
ISIC_6794321,0
ISIC_6794899,1
ISIC_6795009,1
ISIC_6795622,1
ISIC_6795790,0
ISIC_6795902,4
ISIC_6798380,3
ISIC_6798517,1
ISIC_6798880,1
ISIC_6799255,3
ISIC_6799627,0
ISIC_6799842,4
ISIC_6800044,0
ISIC_6800115,4
ISIC_6800834,3
ISIC_6801549,0
ISIC_6801680,0
ISIC_6801892,0
ISIC_6801988,4
ISIC_6802355,0
ISIC_6803432,0
ISIC_6804299,4
ISIC_6804655,0
ISIC_6804665,3
ISIC_6804899,2
ISIC_6805451,3
ISIC_6805527,2
ISIC_6806124,3
ISIC_6806540,4
ISIC_6806545,1
ISIC_6807108,0
ISIC_6807441,0
ISIC_6807502,3
ISIC_6807667,4
ISIC_6807803,1
ISIC_6808133,1
ISIC_6808543,1
ISIC_6808583,0
ISIC_6808788,3
ISIC_6808968,1
ISIC_6809191,1
ISIC_6809329,4
ISIC_6809586,3
ISIC_6810076,3
ISIC_6810088,3
ISIC_6810183,1
ISIC_6810219,3
ISIC_6810607,0
ISIC_6811363,2
ISIC_6811793,3
ISIC_6811809,4
ISIC_6813250,2
ISIC_6813359,3
ISIC_6813745,4
ISIC_6813799,0
ISIC_6814007,3
ISIC_6814221,2
ISIC_6814294,1
ISIC_6814382,4
ISIC_6814478,0
ISIC_6814482,4
ISIC_6814608,0
ISIC_6815451,0
ISIC_6815524,2
ISIC_6815672,2
ISIC_6815964,1
ISIC_6816081,3
ISIC_6816608,0
ISIC_6816727,2
ISIC_6817228,3
ISIC_6817405,4
ISIC_6817651,0
ISIC_6817776,1
ISIC_6819137,3
ISIC_6820037,1
ISIC_6820289,1
ISIC_6821008,1
ISIC_6821459,4
ISIC_6822870,0
ISIC_6822917,2
ISIC_6823429,3
ISIC_6824744,1
ISIC_6824842,4
ISIC_6826081,2
ISIC_6826692,1
ISIC_6826864,3
ISIC_6827364,1
ISIC_6827929,0
ISIC_6828115,4
ISIC_6828587,2
ISIC_6828892,0
ISIC_6829008,0
ISIC_6829536,0
ISIC_6829909,4
ISIC_6830132,1
ISIC_6830414,4
ISIC_6830549,3
ISIC_6831108,4
ISIC_6831244,2
ISIC_6831482,3
ISIC_6831734,3
ISIC_6831788,4
ISIC_6832164,1
ISIC_6832628,1
ISIC_6832732,4
ISIC_6833584,4
ISIC_6833855,1
ISIC_6833905,3
ISIC_6834297,1
ISIC_6835115,2
ISIC_6835529,0
ISIC_6835880,2
ISIC_6836359,4
ISIC_6837470,4
ISIC_6837656,2
ISIC_6838387,3
ISIC_6839272,2
ISIC_6839452,1
ISIC_6839610,2
ISIC_6840388,2
ISIC_6841218,3
ISIC_6841294,4
ISIC_6841463,2
ISIC_6841752,3
ISIC_6842258,3
ISIC_6842453,0
ISIC_6842688,3
ISIC_6843406,0
ISIC_6843464,4
ISIC_6843536,0
ISIC_6843827,1
ISIC_6844282,1
ISIC_6844329,1
ISIC_6844752,0
ISIC_6844858,2
ISIC_6845907,3
ISIC_6845966,1
ISIC_6846015,4
ISIC_6846376,1
ISIC_6846447,1
ISIC_6846975,3
ISIC_6847317,3
ISIC_6847618,0
ISIC_6847965,2
ISIC_6848560,1
ISIC_6850613,4
ISIC_6850647,2
ISIC_6850708,1
ISIC_6851030,4
ISIC_6851073,1
ISIC_6851091,1
ISIC_6851122,2
ISIC_6851189,0
ISIC_6851408,3
ISIC_6851482,3
ISIC_6851717,1
ISIC_6852275,1
ISIC_6852281,4
ISIC_6852313,0
ISIC_6853035,2
ISIC_6853087,0
ISIC_6853584,3
ISIC_6853657,2
ISIC_6853786,4
ISIC_6854168,4
ISIC_6854808,4
ISIC_6854940,4
ISIC_6855125,4
ISIC_6855226,0
ISIC_6855540,2
ISIC_6855941,4
ISIC_6856054,4
ISIC_6856100,2
ISIC_6856140,4
ISIC_6856867,0
ISIC_6857334,1
ISIC_6857991,0
ISIC_6858074,3
ISIC_6858892,0
ISIC_6859051,2
ISIC_6859159,4
ISIC_6860064,1
ISIC_6860222,4
ISIC_6860717,2
ISIC_6862411,0
ISIC_6863026,0
ISIC_6863226,3
ISIC_6863391,0
ISIC_6863507,1
ISIC_6863520,0
ISIC_6863895,1
ISIC_6864170,4
ISIC_6864484,0
ISIC_6864553,3
ISIC_6865639,3
ISIC_6865997,4
ISIC_6866186,0
ISIC_6866317,1
ISIC_6866526,2
ISIC_6866790,3
ISIC_6866979,0
ISIC_6867543,2
ISIC_6867686,1
ISIC_6868089,4
ISIC_6868834,0
ISIC_6868966,3
ISIC_6869019,4
ISIC_6869122,3
ISIC_6869128,1
ISIC_6870134,1
ISIC_6870208,2
ISIC_6870407,3
ISIC_6870647,0
ISIC_6870911,4
ISIC_6871068,4
ISIC_6871361,4
ISIC_6872638,0
ISIC_6872685,2
ISIC_6872770,4
ISIC_6872792,4
ISIC_6872938,3
ISIC_6873184,3
ISIC_6873669,3
ISIC_6873847,1
ISIC_6874100,3
ISIC_6874310,3
ISIC_6874316,4
ISIC_6874981,3
ISIC_6875113,2
ISIC_6875430,2
ISIC_6875825,3
ISIC_6876281,3
ISIC_6876297,4
ISIC_6876309,2
ISIC_6876344,1
ISIC_6876691,2
ISIC_6876820,4
ISIC_6876852,4
ISIC_6876932,4
ISIC_6877295,3
ISIC_6877742,1
ISIC_6878417,3
ISIC_6878588,2
ISIC_6878644,3
ISIC_6879085,4
ISIC_6879930,4
ISIC_6880030,4
ISIC_6880164,1
ISIC_6881780,1
ISIC_6882080,3
ISIC_6882480,1
ISIC_6882582,1
ISIC_6882733,0
ISIC_6882841,0
ISIC_6884378,1
ISIC_6885016,4
ISIC_6885717,4
ISIC_6886237,0
ISIC_6886728,4
ISIC_6888012,1
ISIC_6888090,2
ISIC_6888142,0
ISIC_6888353,4
ISIC_6888402,0
ISIC_6888864,2
ISIC_6888906,1
ISIC_6889965,0
ISIC_6890421,4
ISIC_6890540,2
ISIC_6890820,0
ISIC_6891226,0
ISIC_6892058,4
ISIC_6892199,4
ISIC_6892485,1
ISIC_6892561,3
ISIC_6893147,0
ISIC_6893398,2
ISIC_6893552,2
ISIC_6894346,1
ISIC_6895016,2
ISIC_6895248,2
ISIC_6895579,4
ISIC_6895778,1
ISIC_6896427,3
ISIC_6896795,0
ISIC_6898059,3
ISIC_6898502,0
ISIC_6898841,1
ISIC_6899228,2
ISIC_6899397,3
ISIC_6899551,0
ISIC_6899582,1
ISIC_6900068,4
ISIC_6900405,1
ISIC_6900448,1
ISIC_6900522,3
ISIC_6900559,0
ISIC_6900579,1
ISIC_6901340,1
ISIC_6901611,3
ISIC_6901670,4
ISIC_6901681,3
ISIC_6901888,0
ISIC_6901969,3
ISIC_6901997,3
ISIC_6902487,3
ISIC_6903643,3
ISIC_6904082,3
ISIC_6904410,1
ISIC_6905411,3
ISIC_6905594,4
ISIC_6905623,2
ISIC_6906203,2
ISIC_6906476,3
ISIC_6906953,4
ISIC_6907218,3
ISIC_6908183,0
ISIC_6908286,0
ISIC_6909624,1
ISIC_6909749,2
ISIC_6910060,2
ISIC_6910316,4
ISIC_6910922,4
ISIC_6910956,3
ISIC_6911252,1
ISIC_6911333,1
ISIC_6912233,2
ISIC_6912979,4
ISIC_6913045,2
ISIC_6913272,4
ISIC_6913586,1
ISIC_6913638,2
ISIC_6913735,1
ISIC_6914698,0
ISIC_6914893,2
ISIC_6915188,2
ISIC_6915759,0
ISIC_6915808,4
ISIC_6916213,3
ISIC_6916445,2
ISIC_6916479,3
ISIC_6916747,1
ISIC_6916924,4
ISIC_6916987,2
ISIC_6917179,2
ISIC_6917450,3
ISIC_6917587,1
ISIC_6917681,2
ISIC_6918292,0
ISIC_6918302,4
ISIC_6918981,3
ISIC_6918995,4
ISIC_6919698,1
ISIC_6919856,0
ISIC_6919907,2
ISIC_6920084,1
ISIC_6920867,4
ISIC_6921903,4
ISIC_6922243,3
ISIC_6922473,2
ISIC_6923820,3
ISIC_6924502,0
ISIC_6924549,2
ISIC_6926090,1
ISIC_6926118,1
ISIC_6926620,3
ISIC_6926716,1
ISIC_6926865,4
ISIC_6927228,4
ISIC_6927363,4
ISIC_6927689,3
ISIC_6927840,0
ISIC_6927916,2
ISIC_6928308,4
ISIC_6928442,1
ISIC_6928607,3
ISIC_6928847,0
ISIC_6928990,4
ISIC_6929781,4
ISIC_6929842,3
ISIC_6930275,2
ISIC_6930559,4
ISIC_6930612,3
ISIC_6930690,4
ISIC_6930719,1
ISIC_6930828,2
ISIC_6931024,4
ISIC_6931277,4
ISIC_6931468,0
ISIC_6931573,4
ISIC_6931593,3
ISIC_6931712,0
ISIC_6932481,0
ISIC_6932694,3
ISIC_6932738,2
ISIC_6932951,4
ISIC_6933296,3
ISIC_6933350,3
ISIC_6933471,3
ISIC_6933509,3
ISIC_6933573,0
ISIC_6933978,4
ISIC_6934041,1
ISIC_6934211,3
ISIC_6934334,1
ISIC_6934907,1
ISIC_6935478,3
ISIC_6935634,2
ISIC_6935923,4
ISIC_6937199,0
ISIC_6937263,4
ISIC_6937905,0
ISIC_6938217,0
ISIC_6938423,3
ISIC_6938489,1
ISIC_6938608,3
ISIC_6938682,3
ISIC_6938810,0
ISIC_6938905,1
ISIC_6940677,1
ISIC_6941010,2
ISIC_6941133,1
ISIC_6941441,1
ISIC_6941505,3
ISIC_6942436,1
ISIC_6942437,3
ISIC_6943345,0
ISIC_6943610,2
ISIC_6943717,4
ISIC_6944466,3
ISIC_6944481,2
ISIC_6944535,2
ISIC_6945603,0
ISIC_6945634,4
ISIC_6945725,2
ISIC_6945921,0
ISIC_6946260,1
ISIC_6946330,4
ISIC_6947576,0
ISIC_6947604,2
ISIC_6947870,4
ISIC_6948332,3
ISIC_6948462,2
ISIC_6948604,3
ISIC_6949941,0
ISIC_6950241,2
ISIC_6951464,4
ISIC_6951506,4
ISIC_6951568,0
ISIC_6952095,4
ISIC_6952546,0
ISIC_6952652,2
ISIC_6952773,2
ISIC_6952816,4
ISIC_6953126,1
ISIC_6953154,2
ISIC_6953334,1
ISIC_6953355,0
ISIC_6953841,0
ISIC_6954276,4
ISIC_6954577,2
ISIC_6954782,0
ISIC_6954994,3
ISIC_6955095,3
ISIC_6955242,3
ISIC_6955799,4
ISIC_6957423,3
ISIC_6958534,4
ISIC_6958823,0
ISIC_6959018,2
ISIC_6959955,3
ISIC_6960446,0
ISIC_6961482,2
ISIC_6961503,3
ISIC_6961927,3
ISIC_6962305,1
ISIC_6962990,4
ISIC_6963023,2
ISIC_6963252,3
ISIC_6963318,3
ISIC_6963322,1
ISIC_6963859,4
ISIC_6963954,4
ISIC_6964033,2
ISIC_6964131,0
ISIC_6965417,0
ISIC_6965441,4
ISIC_6966001,2
ISIC_6966105,1
ISIC_6966230,4
ISIC_6966803,3
ISIC_6966881,2
ISIC_6967033,3
ISIC_6967143,0
ISIC_6967287,0
ISIC_6968124,0
ISIC_6968269,3
ISIC_6968405,3
ISIC_6968422,0
ISIC_6968683,4
ISIC_6968803,1
ISIC_6968835,4
ISIC_6968933,0
ISIC_6968972,4
ISIC_6968982,1
ISIC_6969219,1
ISIC_6969393,0
ISIC_6970181,3
ISIC_6970271,1
ISIC_6970590,0
ISIC_6970607,3
ISIC_6970727,0
ISIC_6971343,2
ISIC_6971473,2
ISIC_6971579,3
ISIC_6971606,1
ISIC_6971830,2
ISIC_6971970,0
ISIC_6973257,4
ISIC_6973425,3
ISIC_6973807,2
ISIC_6973830,0
ISIC_6974005,3
ISIC_6974250,4
ISIC_6974286,2
ISIC_6974432,2
ISIC_6974497,1
ISIC_6974605,3
ISIC_6974830,0
ISIC_6975540,4
ISIC_6975701,2
ISIC_6976235,2
ISIC_6976494,1
ISIC_6976570,0
ISIC_6977092,3
ISIC_6977097,3
ISIC_6977581,3
ISIC_6978032,1
ISIC_6978517,4
ISIC_6978587,3
ISIC_6978997,0
ISIC_6979462,0
ISIC_6979710,3
ISIC_6980914,0
ISIC_6981054,3
ISIC_6981061,4
ISIC_6981153,4
ISIC_6981210,4
ISIC_6981433,2
ISIC_6982211,1
ISIC_6982343,0
ISIC_6982386,4
ISIC_6982406,0
ISIC_6982423,3
ISIC_6982693,0
ISIC_6982776,1
ISIC_6983347,3
ISIC_6983380,1
ISIC_6983485,0
ISIC_6983970,0
ISIC_6984247,2
ISIC_6984529,1
ISIC_6984959,2
ISIC_6985114,4
ISIC_6985455,4
ISIC_6985531,1
ISIC_6985561,0
ISIC_6985782,1
ISIC_6985838,4
ISIC_6985859,0
ISIC_6985882,3
ISIC_6985988,4
ISIC_6985996,0
ISIC_6986010,0
ISIC_6986117,0
ISIC_6986899,0
ISIC_6987155,0
ISIC_6987824,3
ISIC_6988287,3
ISIC_6988438,2
ISIC_6988514,0
ISIC_6989592,4
ISIC_6990973,2
ISIC_6991664,4
ISIC_6991849,0
ISIC_6992267,1
ISIC_6992466,3
ISIC_6992709,1
ISIC_6992718,2
ISIC_6992747,3
ISIC_6993129,4
ISIC_6993690,1
ISIC_6993830,0
ISIC_6993934,3
ISIC_6994149,4
ISIC_6994237,1
ISIC_6995731,1
ISIC_6996553,3
ISIC_6996606,0
ISIC_6996613,2
ISIC_6996877,0
ISIC_6997061,4
ISIC_6997313,1
ISIC_6997349,4
ISIC_6997433,0
ISIC_6997436,1
ISIC_7000309,1
ISIC_7000530,3
ISIC_7000780,0
ISIC_7001063,1
ISIC_7001072,0
ISIC_7001584,4
ISIC_7002323,1
ISIC_7002496,2
ISIC_7002958,4
ISIC_7003303,3
ISIC_7004652,0
ISIC_7004857,2
ISIC_7005347,3
ISIC_7005376,0
ISIC_7006312,0
ISIC_7006379,4
ISIC_7006530,0
ISIC_7006847,2
ISIC_7007173,3
ISIC_7008022,2
ISIC_7008335,2
ISIC_7008969,2
ISIC_7009118,0
ISIC_7009273,1
ISIC_7009765,1
ISIC_7010345,4
ISIC_7010552,4
ISIC_7010626,3
ISIC_7011122,3
ISIC_7011683,0
ISIC_7011745,0
ISIC_7011753,1
ISIC_7011793,4
ISIC_7011835,4
ISIC_7012349,3
ISIC_7012881,0
ISIC_7013005,1
ISIC_7013418,1
ISIC_7013549,4
ISIC_7013680,0
ISIC_7013991,0
ISIC_7014092,3
ISIC_7014368,0
ISIC_7014985,0
ISIC_7015501,0
ISIC_7015532,3
ISIC_7015694,4
ISIC_7016255,4
ISIC_7016261,0
ISIC_7016645,0
ISIC_7016783,2
ISIC_7016839,4
ISIC_7017387,3
ISIC_7017547,3
ISIC_7017567,4
ISIC_7017711,4
ISIC_7018137,4
ISIC_7018480,1
ISIC_7018846,0
ISIC_7018911,0
ISIC_7018944,0
ISIC_7019211,3
ISIC_7020131,1
ISIC_7020177,0
ISIC_7020578,4
ISIC_7020708,3
ISIC_7021038,1
ISIC_7021681,0
ISIC_7021739,0
ISIC_7022071,0
ISIC_7022787,3
ISIC_7023126,4
ISIC_7023656,3
ISIC_7024060,0
ISIC_7024161,2
ISIC_7024562,3
ISIC_7024593,4
ISIC_7024619,0
ISIC_7024662,1
ISIC_7024788,3
ISIC_7024807,1
ISIC_7025159,3
ISIC_7025208,3
ISIC_7025303,3
ISIC_7025487,4
ISIC_7026508,2
ISIC_7026893,2
ISIC_7027424,2
ISIC_7027477,3
ISIC_7027535,3
ISIC_7027536,3
ISIC_7028320,0
ISIC_7029652,4
ISIC_7030404,2
ISIC_7030461,0
ISIC_7030488,1
ISIC_7030974,0
ISIC_7031095,2
ISIC_7031159,1
ISIC_7031218,1
ISIC_7031550,3
ISIC_7031709,1
ISIC_7031812,1
ISIC_7032028,0
ISIC_7032085,2
ISIC_7032299,3
ISIC_7032718,0
ISIC_7032787,0
ISIC_7033152,3
ISIC_7033912,2
ISIC_7034703,3
ISIC_7034769,0
ISIC_7035246,1
ISIC_7035368,0
ISIC_7035373,1
ISIC_7035517,0
ISIC_7036741,0
ISIC_7037032,1
ISIC_7037186,4
ISIC_7037880,0
ISIC_7038586,3
ISIC_7038741,2
ISIC_7038742,2
ISIC_7039203,4
ISIC_7039465,0
ISIC_7039745,3
ISIC_7040108,3
ISIC_7040375,0
ISIC_7040941,4
ISIC_7041484,1
ISIC_7041558,4
ISIC_7042596,0
ISIC_7043313,1
ISIC_7043443,3
ISIC_7043828,4
ISIC_7044032,4
ISIC_7044173,1
ISIC_7044184,4
ISIC_7044527,3
ISIC_7044635,3
ISIC_7044840,0
ISIC_7045042,1
ISIC_7045451,3
ISIC_7045841,3
ISIC_7046324,4
ISIC_7046888,1
ISIC_7047391,4
ISIC_7047780,2
ISIC_7049334,3
ISIC_7049442,4
ISIC_7050122,0
ISIC_7050200,4
ISIC_7050328,0
ISIC_7050575,2
ISIC_7050773,3
ISIC_7050843,1
ISIC_7051167,1
ISIC_7051800,4
ISIC_7052038,3
ISIC_7052158,3
ISIC_7052503,4
ISIC_7052658,2
ISIC_7052752,3
ISIC_7053159,1
ISIC_7053271,4
ISIC_7053767,4
ISIC_7054053,2
ISIC_7054108,3
ISIC_7054632,1
ISIC_7054738,1
ISIC_7054883,0
ISIC_7054957,0
ISIC_7055266,2
ISIC_7055743,2
ISIC_7056131,2
ISIC_7056620,0
ISIC_7056748,4
ISIC_7056760,4
ISIC_7056776,4
ISIC_7056787,0
ISIC_7056918,4
ISIC_7057495,3
ISIC_7057515,0
ISIC_7058617,0
ISIC_7058883,4
ISIC_7059403,2
ISIC_7059484,3
ISIC_7059544,3
ISIC_7059563,2
ISIC_7059744,2
ISIC_7059790,2
ISIC_7059794,0
ISIC_7060501,3
ISIC_7060554,4
ISIC_7060964,1
ISIC_7061003,0
ISIC_7061651,1
ISIC_7062293,2
ISIC_7062360,0
ISIC_7063467,4
ISIC_7063629,4
ISIC_7063995,3
ISIC_7064137,2
ISIC_7064844,1
ISIC_7064987,0
ISIC_7065361,0
ISIC_7065522,3
ISIC_7065617,0
ISIC_7066320,0
ISIC_7066393,1
ISIC_7066489,4
ISIC_7066695,0
ISIC_7066723,4
ISIC_7066874,0
ISIC_7066945,4
ISIC_7067156,4
ISIC_7067677,0
ISIC_7067750,1
ISIC_7068021,1
ISIC_7068548,2
ISIC_7068573,0
ISIC_7068674,0
ISIC_7068754,0
ISIC_7068931,0
ISIC_7069003,1
ISIC_7069158,0
ISIC_7069404,4
ISIC_7069423,3
ISIC_7069853,3
ISIC_7070020,2
ISIC_7070088,4
ISIC_7070384,4
ISIC_7070684,4
ISIC_7070936,3
ISIC_7071213,1
ISIC_7071570,0
ISIC_7071594,2
ISIC_7071944,0
ISIC_7072658,1
ISIC_7072802,3
ISIC_7073263,1
ISIC_7073270,2
ISIC_7073459,4
ISIC_7073546,2
ISIC_7073692,4
ISIC_7074321,3
ISIC_7074763,3
ISIC_7074989,0
ISIC_7075474,0
ISIC_7075789,0
ISIC_7075836,2
ISIC_7075851,3
ISIC_7076242,0
ISIC_7076677,0
ISIC_7076710,4
ISIC_7076773,4
ISIC_7077029,3
ISIC_7077047,4
ISIC_7077740,1
ISIC_7078487,3
ISIC_7079349,3
ISIC_7079582,0
ISIC_7079599,1
ISIC_7079653,3
ISIC_7079714,4
ISIC_7080584,0
ISIC_7081206,2
ISIC_7081554,2
ISIC_7082337,4
ISIC_7082703,1
ISIC_7083023,4
ISIC_7083105,4
ISIC_7083307,2
ISIC_7083830,3
ISIC_7084112,2
ISIC_7084121,3
ISIC_7084197,2
ISIC_7084521,4
ISIC_7084553,0
ISIC_7085517,0
ISIC_7086021,1
ISIC_7086336,1
ISIC_7086611,3
ISIC_7086619,4
ISIC_7087676,3
ISIC_7088774,1
ISIC_7089788,2
ISIC_7089824,3
ISIC_7089905,2
ISIC_7090070,0
ISIC_7090324,4
ISIC_7090755,3
ISIC_7091750,3
ISIC_7091938,2
ISIC_7092167,3
ISIC_7092287,0
ISIC_7092876,0
ISIC_7093104,1
ISIC_7093333,3
ISIC_7093629,3
ISIC_7094320,2
ISIC_7095039,3
ISIC_7095245,0
ISIC_7095248,2
ISIC_7095254,3
ISIC_7095398,1
ISIC_7095615,2
ISIC_7096239,0
ISIC_7096320,2
ISIC_7096389,2
ISIC_7096402,0
ISIC_7096946,2
ISIC_7097002,1
ISIC_7097343,3
ISIC_7097417,3
ISIC_7097507,2
ISIC_7097665,1
ISIC_7098141,4
ISIC_7100755,2
ISIC_7100813,4
ISIC_7101732,1
ISIC_7101810,1
ISIC_7102028,0
ISIC_7102070,1
ISIC_7102411,2
ISIC_7102464,4
ISIC_7102487,4
ISIC_7103351,4
ISIC_7103443,0
ISIC_7103896,1
ISIC_7104110,3
ISIC_7104307,3
ISIC_7105639,3
ISIC_7105681,1
ISIC_7105686,0
ISIC_7105964,4
ISIC_7106012,2
ISIC_7106500,2
ISIC_7106587,3
ISIC_7106766,3
ISIC_7106848,4
ISIC_7106987,4
ISIC_7107030,4
ISIC_7107052,3
ISIC_7107071,1
ISIC_7107128,1
ISIC_7107303,2
ISIC_7107371,1
ISIC_7107771,0
ISIC_7107910,1
ISIC_7107941,0
ISIC_7108184,3
ISIC_7108277,2
ISIC_7108282,3
ISIC_7109227,4
ISIC_7109307,0
ISIC_7109582,1
ISIC_7109584,0
ISIC_7109817,0
ISIC_7110371,4
ISIC_7110699,4
ISIC_7110889,3
ISIC_7111544,2
ISIC_7111646,2
ISIC_7112749,3
ISIC_7113136,4
ISIC_7113522,1
ISIC_7113612,2
ISIC_7113667,1
ISIC_7114310,4
ISIC_7114356,1
ISIC_7114516,1
ISIC_7114660,0
ISIC_7115079,2
ISIC_7115108,3
ISIC_7115483,3
ISIC_7115605,4
ISIC_7115931,1
ISIC_7115943,2
ISIC_7116091,2
ISIC_7116124,3
ISIC_7116781,0
ISIC_7117338,1
ISIC_7117369,4
ISIC_7117554,3
ISIC_7118851,1
ISIC_7119107,4
ISIC_7119225,4
ISIC_7119723,4
ISIC_7119992,3
ISIC_7120223,4
ISIC_7121198,3
ISIC_7121344,4
ISIC_7121365,1
ISIC_7121454,3
ISIC_7122078,0
ISIC_7122402,3
ISIC_7122721,1
ISIC_7122967,3
ISIC_7123674,4
ISIC_7123768,1
ISIC_7124160,2
ISIC_7124273,1
ISIC_7124408,1
ISIC_7124623,4
ISIC_7124766,2
ISIC_7125015,3
ISIC_7125023,2
ISIC_7125485,0
ISIC_7125512,0
ISIC_7125610,2
ISIC_7125703,4
ISIC_7125870,0
ISIC_7125924,0
ISIC_7126274,3
ISIC_7126877,3
ISIC_7127269,2
ISIC_7127760,0
ISIC_7128007,2
ISIC_7128019,2
ISIC_7128233,2
ISIC_7128535,0
ISIC_7128674,1
ISIC_7128811,0
ISIC_7129083,0
ISIC_7129085,3
ISIC_7129134,1
ISIC_7129509,0
ISIC_7129666,1
ISIC_7129740,1
ISIC_7129901,4
ISIC_7130059,2
ISIC_7130094,0
ISIC_7130929,3
ISIC_7131343,3
ISIC_7131359,3
ISIC_7131689,0
ISIC_7131973,3
ISIC_7132222,4
ISIC_7132685,2
ISIC_7132832,4
ISIC_7133051,1
ISIC_7133318,0
ISIC_7134169,3
ISIC_7134476,1
ISIC_7134821,3
ISIC_7135022,4
ISIC_7135134,1
ISIC_7135201,3
ISIC_7135859,2
ISIC_7136896,3
ISIC_7136995,0
ISIC_7137773,3
ISIC_7137995,0
ISIC_7138726,2
ISIC_7138875,2
ISIC_7138962,2
ISIC_7139346,0
ISIC_7139484,3
ISIC_7139532,1
ISIC_7139616,2
ISIC_7139803,0
ISIC_7139908,1
ISIC_7140243,0
ISIC_7140537,4
ISIC_7140636,4
ISIC_7140778,4
ISIC_7140783,4
ISIC_7140812,2
ISIC_7140910,2
ISIC_7141153,3
ISIC_7141361,0
ISIC_7141965,1
ISIC_7142063,1
ISIC_7142856,3
ISIC_7143189,3
ISIC_7143388,2
ISIC_7143504,2
ISIC_7143533,2
ISIC_7144643,1
ISIC_7144739,2
ISIC_7144795,4
ISIC_7145077,0
ISIC_7145266,4
ISIC_7145302,1
ISIC_7145788,4
ISIC_7145969,3
ISIC_7146294,1
ISIC_7146417,0
ISIC_7146467,2
ISIC_7146904,4
ISIC_7147168,3
ISIC_7147713,1
ISIC_7147898,0
ISIC_7148289,0
ISIC_7148656,3
ISIC_7149122,2
ISIC_7149353,1
ISIC_7149484,2
ISIC_7150048,1
ISIC_7150493,4
ISIC_7150606,0
ISIC_7150966,1
ISIC_7151230,0
ISIC_7151508,1
ISIC_7151808,3
ISIC_7152347,0
ISIC_7153006,4
ISIC_7153240,1
ISIC_7153530,4
ISIC_7153718,4
ISIC_7153988,0
ISIC_7154037,4
ISIC_7154675,0
ISIC_7154730,1
ISIC_7154859,1
ISIC_7155505,2
ISIC_7155873,3
ISIC_7156715,4
ISIC_7156796,4
ISIC_7156843,4
ISIC_7156892,2
ISIC_7158063,1
ISIC_7159073,1
ISIC_7159150,4
ISIC_7159324,0
ISIC_7160082,4
ISIC_7160845,4
ISIC_7161002,1
ISIC_7161069,2
ISIC_7161651,3
ISIC_7162007,0
ISIC_7162343,4
ISIC_7162711,0
ISIC_7164076,4
ISIC_7164134,4
ISIC_7164179,1
ISIC_7164403,3
ISIC_7164527,0
ISIC_7164567,0
ISIC_7164705,0
ISIC_7164866,1
ISIC_7164970,1
ISIC_7165314,3
ISIC_7165533,4
ISIC_7165819,1
ISIC_7166317,1
ISIC_7166676,0
ISIC_7166780,4
ISIC_7166932,4
ISIC_7166976,4
ISIC_7167085,2
ISIC_7167473,0
ISIC_7167479,3
ISIC_7167788,0
ISIC_7167811,0
ISIC_7167947,4
ISIC_7168106,2
ISIC_7168122,3
ISIC_7168151,0
ISIC_7168300,1
ISIC_7168301,1
ISIC_7168543,0
ISIC_7168604,3
ISIC_7168935,0
ISIC_7169011,4
ISIC_7169653,4
ISIC_7169788,0
ISIC_7170125,1
ISIC_7170391,4
ISIC_7170431,2
ISIC_7171090,0
ISIC_7171580,0
ISIC_7171657,2
ISIC_7171799,4
ISIC_7172145,3
ISIC_7172893,2
ISIC_7173333,1
ISIC_7173463,1
ISIC_7173520,4
ISIC_7173639,4
ISIC_7173850,3
ISIC_7173973,3
ISIC_7174814,2
ISIC_7174924,3
ISIC_7175030,3
ISIC_7175078,3
ISIC_7175127,1
ISIC_7175231,4
ISIC_7175376,4
ISIC_7175697,2
ISIC_7175857,3
ISIC_7175873,4
ISIC_7175899,2
ISIC_7176034,3
ISIC_7176676,1
ISIC_7177998,4
ISIC_7178155,3
ISIC_7178222,1
ISIC_7178615,0
ISIC_7178818,4
ISIC_7178890,0
ISIC_7179067,0
ISIC_7179363,3
ISIC_7179845,1
ISIC_7180096,3
ISIC_7180318,0
ISIC_7180332,0
ISIC_7180418,0
ISIC_7180438,2
ISIC_7180706,1
ISIC_7180943,3
ISIC_7181043,1
ISIC_7181296,1
ISIC_7181396,4
ISIC_7181774,0
ISIC_7181830,2
ISIC_7182677,0
ISIC_7182702,0
ISIC_7182917,0
ISIC_7183212,3
ISIC_7183251,4
ISIC_7183272,3
ISIC_7183541,4
ISIC_7183931,4
ISIC_7184491,3
ISIC_7184722,4
ISIC_7184724,4
ISIC_7184836,4
ISIC_7184881,0
ISIC_7185036,3
ISIC_7185157,4
ISIC_7185381,0
ISIC_7185436,3
ISIC_7185482,1
ISIC_7185913,1
ISIC_7186410,3
ISIC_7186503,1
ISIC_7186677,2
ISIC_7187154,2
ISIC_7187427,2
ISIC_7187459,0
ISIC_7187553,1
ISIC_7187577,2
ISIC_7187713,0
ISIC_7188056,0
ISIC_7188164,4
ISIC_7188330,2
ISIC_7188345,1
ISIC_7189073,0
ISIC_7189099,4
ISIC_7189167,1
ISIC_7189351,1
ISIC_7189455,2
ISIC_7189490,0
ISIC_7189864,2
ISIC_7190175,3
ISIC_7190243,1
ISIC_7190624,4
ISIC_7192100,4
ISIC_7192157,1
ISIC_7192331,3
ISIC_7193173,1
ISIC_7193375,1
ISIC_7193807,2
ISIC_7194377,3
ISIC_7194471,0
ISIC_7194569,1
ISIC_7194695,2
ISIC_7195168,3
ISIC_7195242,0
ISIC_7195645,3
ISIC_7195659,4
ISIC_7196094,2
ISIC_7196249,0
ISIC_7196609,3
ISIC_7197601,0
ISIC_7198004,4
ISIC_7198243,2
ISIC_7198492,1
ISIC_7198887,4
ISIC_7199089,4
ISIC_7199167,4
ISIC_7200497,2
ISIC_7200676,4
ISIC_7200719,4
ISIC_7201189,0
ISIC_7201222,0
ISIC_7202071,3
ISIC_7202451,4
ISIC_7202545,4
ISIC_7203184,0
ISIC_7204247,4
ISIC_7204331,1
ISIC_7204370,0
ISIC_7205039,4
ISIC_7205267,0
ISIC_7205378,4
ISIC_7205493,1
ISIC_7205745,0
ISIC_7205863,1
ISIC_7206167,2
ISIC_7207080,4
ISIC_7207496,1
ISIC_7207715,0
ISIC_7207977,4
ISIC_7208412,2
ISIC_7210119,2
ISIC_7210296,1
ISIC_7210752,3
ISIC_7211332,2
ISIC_7211424,2
ISIC_7211590,3
ISIC_7212085,2
ISIC_7212271,0
ISIC_7212312,0
ISIC_7212937,2
ISIC_7212966,2
ISIC_7212975,0
ISIC_7213231,3
ISIC_7213944,0
ISIC_7214104,0
ISIC_7214989,3
ISIC_7215208,3
ISIC_7215375,1
ISIC_7215575,3
ISIC_7215643,1
ISIC_7216266,1
ISIC_7216346,1
ISIC_7216585,0
ISIC_7216769,3
ISIC_7216772,2
ISIC_7216877,2
ISIC_7218368,3
ISIC_7218530,1
ISIC_7218890,0
ISIC_7219262,2
ISIC_7219275,4
ISIC_7219333,4
ISIC_7219628,2
ISIC_7220105,1
ISIC_7220538,3
ISIC_7220622,4
ISIC_7220701,0
ISIC_7220767,1
ISIC_7221028,4
ISIC_7222438,1
ISIC_7222465,0
ISIC_7222570,0
ISIC_7223327,2
ISIC_7225024,0
ISIC_7225320,2
ISIC_7225331,0
ISIC_7225433,1
ISIC_7225570,0
ISIC_7225725,1
ISIC_7225873,3
ISIC_7225978,0
ISIC_7226080,1
ISIC_7226235,3
ISIC_7226381,2
ISIC_7226414,2
ISIC_7226974,3
ISIC_7227223,2
ISIC_7227599,4
ISIC_7228524,0
ISIC_7228822,2
ISIC_7229261,3
ISIC_7229357,2
ISIC_7229513,1
ISIC_7229814,4
ISIC_7230027,0
ISIC_7230170,2
ISIC_7230300,3
ISIC_7230304,3
ISIC_7230374,4
ISIC_7230713,2
ISIC_7230898,2
ISIC_7231192,0
ISIC_7231313,2
ISIC_7231369,1
ISIC_7231443,4
ISIC_7231635,3
ISIC_7231735,1
ISIC_7232117,1
ISIC_7232218,0
ISIC_7232375,2
ISIC_7232801,1
ISIC_7233090,4
ISIC_7233368,0
ISIC_7233414,2
ISIC_7233663,3
ISIC_7233665,1
ISIC_7233703,2
ISIC_7233780,0
ISIC_7234197,1
ISIC_7234522,3
ISIC_7234781,4
ISIC_7235020,3
ISIC_7235371,2
ISIC_7235862,3
ISIC_7236143,1
ISIC_7236842,0
ISIC_7237010,4
ISIC_7237141,4
ISIC_7238139,4
ISIC_7238928,3
ISIC_7239245,4
ISIC_7240224,3
ISIC_7240424,1
ISIC_7240458,2
ISIC_7240709,3
ISIC_7240915,3
ISIC_7240957,3
ISIC_7241455,3
ISIC_7241549,1
ISIC_7241614,3
ISIC_7242312,2
ISIC_7242339,4
ISIC_7242384,0
ISIC_7242542,2
ISIC_7243256,4
ISIC_7243593,3
ISIC_7243679,2
ISIC_7244323,1
ISIC_7244604,3
ISIC_7244873,2
ISIC_7245999,1
ISIC_7246096,0
ISIC_7246791,0
ISIC_7246852,0
ISIC_7247344,0
ISIC_7248532,3
ISIC_7248566,4
ISIC_7249009,3
ISIC_7249063,4
ISIC_7249601,2
ISIC_7249761,4
ISIC_7250007,4
ISIC_7250014,4
ISIC_7250445,4
ISIC_7250640,4
ISIC_7250728,4
ISIC_7250813,2
ISIC_7251402,2
ISIC_7251760,0
ISIC_7251852,2
ISIC_7251940,0
ISIC_7252425,2
ISIC_7252784,0
ISIC_7253305,0
ISIC_7253401,4
ISIC_7253561,2
ISIC_7253689,4
ISIC_7253878,2
ISIC_7253930,0
ISIC_7254249,2
ISIC_7254389,3
ISIC_7255413,0
ISIC_7255445,3
ISIC_7255551,1
ISIC_7255637,0
ISIC_7255826,3
ISIC_7255891,1
ISIC_7256075,4
ISIC_7256179,0
ISIC_7256375,2
ISIC_7256560,4
ISIC_7256965,2
ISIC_7257380,1
ISIC_7257671,3
ISIC_7259400,3
ISIC_7259828,4
ISIC_7259980,1
ISIC_7260013,3
ISIC_7260365,1
ISIC_7260492,0
ISIC_7260703,3
ISIC_7260977,2
ISIC_7261174,0
ISIC_7261519,0
ISIC_7261681,0
ISIC_7261850,1
ISIC_7262282,3
ISIC_7262580,0
ISIC_7262685,2
ISIC_7263013,2
ISIC_7264203,4
ISIC_7264231,4
ISIC_7264251,0
ISIC_7264599,1
ISIC_7264813,1
ISIC_7265673,3
ISIC_7266307,3
ISIC_7266462,0
ISIC_7266571,1
ISIC_7266604,1
ISIC_7266736,0
ISIC_7266940,3
ISIC_7267098,1
ISIC_7267769,1
ISIC_7268052,2
ISIC_7268123,1
ISIC_7268592,1
ISIC_7268804,4
ISIC_7269812,0
ISIC_7270233,3
ISIC_7270858,0
ISIC_7270945,4
ISIC_7270978,3
ISIC_7271003,2
ISIC_7271156,3
ISIC_7271599,3
ISIC_7271718,2
ISIC_7271745,3
ISIC_7271965,3
ISIC_7272509,1
ISIC_7272602,0
ISIC_7273803,4
ISIC_7273838,3
ISIC_7273849,2
ISIC_7273853,1
ISIC_7274080,4
ISIC_7274397,3
ISIC_7274757,3
ISIC_7275674,0
ISIC_7276146,1
ISIC_7276864,2
ISIC_7277310,0
ISIC_7278553,2
ISIC_7278742,4
ISIC_7278821,2
ISIC_7278885,1
ISIC_7279060,4
ISIC_7279098,2
ISIC_7279273,1
ISIC_7280099,4
ISIC_7280561,2
ISIC_7280815,4
ISIC_7280886,3
ISIC_7281014,1
ISIC_7281080,1
ISIC_7281296,1
ISIC_7281308,0
ISIC_7281598,2
ISIC_7281969,1
ISIC_7282415,1
ISIC_7282441,1
ISIC_7283084,1
ISIC_7283524,1
ISIC_7284349,4
ISIC_7284370,0
ISIC_7284377,2
ISIC_7284399,4
ISIC_7284436,0
ISIC_7284607,3
ISIC_7285277,2
ISIC_7285753,1
ISIC_7286958,4
ISIC_7287053,3
ISIC_7287161,2
ISIC_7287303,3
ISIC_7287338,1
ISIC_7287540,4
ISIC_7287666,3
ISIC_7287952,3
ISIC_7288186,4
ISIC_7288627,3
ISIC_7288818,3
ISIC_7288846,1
ISIC_7288895,0
ISIC_7288949,2
ISIC_7288992,4
ISIC_7289411,2
ISIC_7289716,4
ISIC_7290085,0
ISIC_7290233,1
ISIC_7290283,3
ISIC_7290409,0
ISIC_7291021,3
ISIC_7291399,3
ISIC_7291453,1
ISIC_7291472,4
ISIC_7292308,3
ISIC_7292533,1
ISIC_7292598,2
ISIC_7292853,0
ISIC_7292983,3
ISIC_7293105,2
ISIC_7293349,1
ISIC_7293518,0
ISIC_7293697,3
ISIC_7293761,0
ISIC_7294446,4
ISIC_7294478,2
ISIC_7295035,4
ISIC_7295058,3
ISIC_7295186,4
ISIC_7296130,0
ISIC_7296201,2
ISIC_7296462,2
ISIC_7296463,0
ISIC_7296554,1
ISIC_7296583,0
ISIC_7297078,1
ISIC_7297759,1
ISIC_7298008,4
ISIC_7298784,1
ISIC_7299025,3
ISIC_7299859,2
ISIC_7300631,2
ISIC_7301029,3
ISIC_7301359,3
ISIC_7301963,0
ISIC_7302136,4
ISIC_7302213,2
ISIC_7302456,1
ISIC_7302580,0
ISIC_7302626,4
ISIC_7303102,0
ISIC_7303298,0
ISIC_7303401,2
ISIC_7303761,3
ISIC_7304235,2
ISIC_7304480,4
ISIC_7304751,4
ISIC_7305051,2
ISIC_7305142,4
ISIC_7306131,2
ISIC_7306535,4
ISIC_7306860,0
ISIC_7307339,2
ISIC_7307418,0
ISIC_7307520,4
ISIC_7307599,2
ISIC_7307860,2
ISIC_7307866,3
ISIC_7308195,0
ISIC_7308572,4
ISIC_7308784,2
ISIC_7309194,4
ISIC_7309302,2
ISIC_7309600,4
ISIC_7309684,3
ISIC_7310249,1
ISIC_7311296,3
ISIC_7311305,1
ISIC_7311624,4
ISIC_7311996,0
ISIC_7312075,2
ISIC_7312097,3
ISIC_7312551,2
ISIC_7312781,1
ISIC_7312977,1
ISIC_7313049,0
ISIC_7313348,2
ISIC_7313390,1
ISIC_7313442,1
ISIC_7313564,3
ISIC_7313923,1
ISIC_7314034,1
ISIC_7314932,1
ISIC_7315258,3
ISIC_7315468,3
ISIC_7315620,3
ISIC_7315641,3
ISIC_7315685,4
ISIC_7316364,0
ISIC_7316663,1
ISIC_7316871,1
ISIC_7317429,3
ISIC_7317646,4
ISIC_7318464,3
ISIC_7318632,3
ISIC_7318810,4
ISIC_7319169,3
ISIC_7319304,1
ISIC_7319356,0
ISIC_7319686,3
ISIC_7319691,0
ISIC_7319707,1
ISIC_7320371,4
ISIC_7321062,2
ISIC_7321132,4
ISIC_7321960,4
ISIC_7322169,3
ISIC_7322727,1
ISIC_7323249,0
ISIC_7323300,3
ISIC_7323761,1
ISIC_7323818,0
ISIC_7324228,1
ISIC_7324840,0
ISIC_7325079,0
ISIC_7325881,4
ISIC_7326427,0
ISIC_7326451,3
ISIC_7326704,4
ISIC_7326713,2
ISIC_7327087,1
ISIC_7327423,2
ISIC_7327592,2
ISIC_7328463,4
ISIC_7329395,4
ISIC_7329684,1
ISIC_7330564,0
ISIC_7330573,0
ISIC_7330819,3
ISIC_7331098,0
ISIC_7331345,3
ISIC_7331382,2
ISIC_7332135,1
ISIC_7332326,2
ISIC_7332657,3
ISIC_7332868,0
ISIC_7332892,4
ISIC_7333167,0
ISIC_7333928,1
ISIC_7334117,3
ISIC_7334758,3
ISIC_7334783,3
ISIC_7334875,3
ISIC_7334888,2
ISIC_7335095,1
ISIC_7335659,1
ISIC_7335785,4
ISIC_7335835,2
ISIC_7336190,2
ISIC_7336383,0
ISIC_7336827,1
ISIC_7337102,3
ISIC_7337194,2
ISIC_7338201,1
ISIC_7338250,4
ISIC_7338351,0
ISIC_7338380,0
ISIC_7338634,0
ISIC_7338760,1
ISIC_7338843,2
ISIC_7339138,4
ISIC_7339533,0
ISIC_7340112,4
ISIC_7340247,0
ISIC_7340926,4
ISIC_7341250,2
ISIC_7341401,3
ISIC_7342132,4
ISIC_7342636,3
ISIC_7342658,1
ISIC_7342741,2
ISIC_7342760,2
ISIC_7342840,4
ISIC_7342914,0
ISIC_7343355,2
ISIC_7343496,0
ISIC_7343537,2
ISIC_7343567,3
ISIC_7343798,3
ISIC_7343838,0
ISIC_7344014,4
ISIC_7344252,3
ISIC_7344356,3
ISIC_7344540,1
ISIC_7345367,1
ISIC_7345709,1
ISIC_7346224,0
ISIC_7346228,3
ISIC_7346739,3
ISIC_7348343,3
ISIC_7348651,0
ISIC_7349329,1
ISIC_7349615,0
ISIC_7349772,3
ISIC_7350199,2
ISIC_7350351,2
ISIC_7351007,1
ISIC_7351443,0
ISIC_7351614,3
ISIC_7351939,2
ISIC_7351958,2
ISIC_7351996,1
ISIC_7352124,3
ISIC_7352175,1
ISIC_7352489,3
ISIC_7352625,3
ISIC_7352886,1
ISIC_7353024,1
ISIC_7353070,0
ISIC_7353097,0
ISIC_7353400,4
ISIC_7353425,2
ISIC_7353761,1
ISIC_7353913,1
ISIC_7353973,4
ISIC_7354035,1
ISIC_7354493,0
ISIC_7354733,0
ISIC_7355141,0
ISIC_7355316,4
ISIC_7355653,3
ISIC_7356472,1
ISIC_7356589,3
ISIC_7356842,0
ISIC_7356924,2
ISIC_7356954,2
ISIC_7357436,1
ISIC_7357474,3
ISIC_7358293,4
ISIC_7358415,3
ISIC_7358425,1
ISIC_7358625,0
ISIC_7358691,1
ISIC_7358848,2
ISIC_7358998,1
ISIC_7359014,4
ISIC_7359607,4
ISIC_7360101,3
ISIC_7361421,4
ISIC_7362711,0
ISIC_7363187,3
ISIC_7363304,1
ISIC_7364041,3
ISIC_7364244,4
ISIC_7364280,0
ISIC_7364411,3
ISIC_7365239,4
ISIC_7365363,2
ISIC_7365445,3
ISIC_7365523,0
ISIC_7365615,1
ISIC_7365889,4
ISIC_7366096,3
ISIC_7366144,1
ISIC_7366196,1
ISIC_7367184,3
ISIC_7367323,0
ISIC_7368046,3
ISIC_7368239,2
ISIC_7368544,0
ISIC_7368597,2
ISIC_7369258,1
ISIC_7369312,2
ISIC_7369343,2
ISIC_7369690,1
ISIC_7369843,2
ISIC_7369896,0
ISIC_7370281,1
ISIC_7370624,2
ISIC_7370756,4
ISIC_7370970,1
ISIC_7371801,1
ISIC_7371985,3
ISIC_7372081,1
ISIC_7372459,3
ISIC_7372719,3
ISIC_7373069,0
ISIC_7373074,1
ISIC_7373240,1
ISIC_7373360,1
ISIC_7373780,2
ISIC_7373794,0
ISIC_7374420,2
ISIC_7374935,3
ISIC_7375240,4
ISIC_7375419,1
ISIC_7375608,4
ISIC_7376243,1
ISIC_7376268,1
ISIC_7376321,1
ISIC_7376684,3
ISIC_7376872,2
ISIC_7376906,1
ISIC_7377557,1
ISIC_7378122,1
ISIC_7378303,4
ISIC_7379446,1
ISIC_7379692,4
ISIC_7380175,3
ISIC_7380353,2
ISIC_7380364,2
ISIC_7381098,3
ISIC_7381172,4
ISIC_7381220,0
ISIC_7381224,1
ISIC_7381795,3
ISIC_7382357,2
ISIC_7382594,4
ISIC_7383044,1
ISIC_7383511,0
ISIC_7383521,3
ISIC_7383585,4
ISIC_7383915,4
ISIC_7384213,0
ISIC_7384382,1
ISIC_7384638,3
ISIC_7385112,1
ISIC_7385195,1
ISIC_7385430,4
ISIC_7386340,0
ISIC_7386476,4
ISIC_7386566,2
ISIC_7386891,4
ISIC_7387061,3
ISIC_7387265,4
ISIC_7387353,2
ISIC_7387427,0
ISIC_7387428,4
ISIC_7387533,1
ISIC_7388325,2
ISIC_7388369,3
ISIC_7388850,2
ISIC_7389276,2
ISIC_7389320,2
ISIC_7391160,1
ISIC_7391200,3
ISIC_7391454,1
ISIC_7391660,4
ISIC_7392410,1
ISIC_7392679,4
ISIC_7392681,2
ISIC_7392738,4
ISIC_7392931,2
ISIC_7393085,2
ISIC_7393225,3
ISIC_7393413,4
ISIC_7394293,3
ISIC_7394756,3
ISIC_7394834,0
ISIC_7394862,4
ISIC_7394897,2
ISIC_7395166,3
ISIC_7396015,2
ISIC_7396029,3
ISIC_7396523,4
ISIC_7397129,1
ISIC_7397356,2
ISIC_7397420,4
ISIC_7397447,1
ISIC_7397861,2
ISIC_7398145,2
ISIC_7398749,2
ISIC_7399068,0
ISIC_7399433,1
ISIC_7399557,0
ISIC_7399786,0
ISIC_7399970,1
ISIC_7399973,0
ISIC_7399986,4
ISIC_7400392,0
ISIC_7400458,4
ISIC_7400522,0
ISIC_7400588,3
ISIC_7400819,4
ISIC_7401893,0
ISIC_7402087,1
ISIC_7402256,2
ISIC_7402440,0
ISIC_7402852,3
ISIC_7403276,0
ISIC_7403913,1
ISIC_7404470,0
ISIC_7404638,4
ISIC_7404937,3
ISIC_7405224,3
ISIC_7405975,4
ISIC_7406107,4
ISIC_7406225,3
ISIC_7406359,3
ISIC_7407578,1
ISIC_7407589,2
ISIC_7407763,2
ISIC_7407847,4
ISIC_7408392,1
ISIC_7408485,4
ISIC_7409085,4
ISIC_7409165,3
ISIC_7409295,2
ISIC_7409797,4
ISIC_7409889,4
ISIC_7410175,0
ISIC_7410573,0
ISIC_7410598,2
ISIC_7410677,0
ISIC_7410794,2
ISIC_7411108,3
ISIC_7411244,1
ISIC_7411913,0
ISIC_7412156,2
ISIC_7412559,2
ISIC_7413014,0
ISIC_7413098,3
ISIC_7413149,3
ISIC_7413468,1
ISIC_7413786,3
ISIC_7413795,4
ISIC_7414086,1
ISIC_7414124,1
ISIC_7414145,0
ISIC_7415285,3
ISIC_7415335,4
ISIC_7416587,2
ISIC_7416702,1
ISIC_7416783,1
ISIC_7416797,1
ISIC_7416912,4
ISIC_7417678,4
ISIC_7417933,4
ISIC_7418193,0
ISIC_7418441,1
ISIC_7418635,1
ISIC_7418664,2
ISIC_7418720,3
ISIC_7418723,1
ISIC_7418756,0
ISIC_7418760,3
ISIC_7418932,0
ISIC_7419268,3
ISIC_7419281,3
ISIC_7420182,4
ISIC_7420761,4
ISIC_7421214,3
ISIC_7421719,1
ISIC_7421856,0
ISIC_7422026,1
ISIC_7422781,3
ISIC_7423788,3
ISIC_7423852,3
ISIC_7424079,3
ISIC_7424256,1
ISIC_7424320,4
ISIC_7424382,0
ISIC_7424388,4
ISIC_7424750,4
ISIC_7424792,0
ISIC_7426904,2
ISIC_7426927,4
ISIC_7428248,0
ISIC_7429127,3
ISIC_7429524,0
ISIC_7429736,3
ISIC_7429745,2
ISIC_7430054,1
ISIC_7430481,1
ISIC_7430728,0
ISIC_7430916,3
ISIC_7431480,3
ISIC_7431541,2
ISIC_7432430,3
ISIC_7432526,1
ISIC_7432725,3
ISIC_7433711,0
ISIC_7433717,1
ISIC_7433979,3
ISIC_7433993,1
ISIC_7434918,4
ISIC_7435292,1
ISIC_7436377,1
ISIC_7436582,3
ISIC_7436851,3
ISIC_7437127,2
ISIC_7437293,3
ISIC_7437335,3
ISIC_7437431,1
ISIC_7437503,3
ISIC_7437712,4
ISIC_7437920,3
ISIC_7438013,0
ISIC_7438349,1
ISIC_7438675,3
ISIC_7438913,3
ISIC_7439160,2
ISIC_7439301,4
ISIC_7440257,2
ISIC_7440448,3
ISIC_7440724,3
ISIC_7440993,4
ISIC_7441191,0
ISIC_7441567,4
ISIC_7441917,4
ISIC_7441957,2
ISIC_7442106,3
ISIC_7442476,2
ISIC_7443029,4
ISIC_7443391,4
ISIC_7443540,4
ISIC_7443928,1
ISIC_7444096,3
ISIC_7444521,2
ISIC_7445157,3
ISIC_7445800,3
ISIC_7446263,2
ISIC_7446443,0
ISIC_7447456,1
ISIC_7447506,2
ISIC_7447716,1
ISIC_7448231,2
ISIC_7449020,1
ISIC_7449104,2
ISIC_7449219,1
ISIC_7449606,2
ISIC_7450159,0
ISIC_7450299,4
ISIC_7450481,1
ISIC_7450965,4
ISIC_7452152,0
ISIC_7452348,2
ISIC_7452410,2
ISIC_7452503,4
ISIC_7452515,0
ISIC_7452767,3
ISIC_7452815,3
ISIC_7452871,3
ISIC_7453895,3
ISIC_7453902,3
ISIC_7453962,1
ISIC_7454116,3
ISIC_7454487,3
ISIC_7454512,4
ISIC_7454679,1
ISIC_7454699,0
ISIC_7454927,1
ISIC_7455460,2
ISIC_7456030,1
ISIC_7456073,4
ISIC_7456581,3
ISIC_7456769,3
ISIC_7456891,2
ISIC_7457488,0
ISIC_7457536,0
ISIC_7457750,2
ISIC_7457790,0
ISIC_7457969,4
ISIC_7458272,1
ISIC_7458699,2
ISIC_7459066,3
ISIC_7459410,0
ISIC_7459465,0
ISIC_7459806,0
ISIC_7460111,3
ISIC_7460146,2
ISIC_7460444,3
ISIC_7460560,3
ISIC_7460562,4
ISIC_7460887,4
ISIC_7461086,2
ISIC_7461124,3
ISIC_7461390,3
ISIC_7461631,0
ISIC_7461756,4
ISIC_7461985,4
ISIC_7462334,0
ISIC_7462628,4
ISIC_7462746,4
ISIC_7462981,0
ISIC_7463780,4
ISIC_7463963,2
ISIC_7464309,4
ISIC_7464965,2
ISIC_7465209,2
ISIC_7465237,2
ISIC_7465470,2
ISIC_7465753,1
ISIC_7465944,2
ISIC_7465990,1
ISIC_7466101,4
ISIC_7466341,3
ISIC_7466678,2
ISIC_7468182,1
ISIC_7468304,4
ISIC_7468407,1
ISIC_7468410,2
ISIC_7468716,0
ISIC_7468872,2
ISIC_7471246,3
ISIC_7471517,1
ISIC_7472636,2
ISIC_7472736,2
ISIC_7472836,2
ISIC_7472875,0
ISIC_7473338,0
ISIC_7473469,4
ISIC_7473653,2
ISIC_7474655,3
ISIC_7474840,4
ISIC_7474949,0
ISIC_7474994,0
ISIC_7475827,2
ISIC_7476803,0
ISIC_7476849,1
ISIC_7477006,1
ISIC_7477061,1
ISIC_7477487,4
ISIC_7477593,4
ISIC_7477754,0
ISIC_7477771,1
ISIC_7477835,0
ISIC_7477963,4
ISIC_7478024,2
ISIC_7478025,3
ISIC_7478378,4
ISIC_7478847,0
ISIC_7478859,2
ISIC_7479548,0
ISIC_7480166,1
ISIC_7480243,4
ISIC_7480322,3
ISIC_7481083,2
ISIC_7481615,0
ISIC_7481978,4
ISIC_7482149,3
ISIC_7483552,1
ISIC_7483981,1
ISIC_7484011,3
ISIC_7484272,1
ISIC_7484555,2
ISIC_7484618,4
ISIC_7485354,0
ISIC_7485846,0
ISIC_7485991,0
ISIC_7486061,4
ISIC_7486266,4
ISIC_7486506,0
ISIC_7486656,1
ISIC_7486871,4
ISIC_7486963,1
ISIC_7487195,1
ISIC_7487202,1
ISIC_7487840,0
ISIC_7488019,1
ISIC_7488800,2
ISIC_7489072,2
ISIC_7489108,4
ISIC_7489564,1
ISIC_7489895,1
ISIC_7489925,3
ISIC_7490776,1
ISIC_7491217,0
ISIC_7491280,4
ISIC_7491389,1
ISIC_7491492,2
ISIC_7491724,4
ISIC_7492046,1
ISIC_7492374,0
ISIC_7492471,2
ISIC_7492530,2
ISIC_7492682,4
ISIC_7492684,2
ISIC_7492743,2
ISIC_7493388,2
ISIC_7493732,3
ISIC_7494122,0
ISIC_7494221,4
ISIC_7494568,4
ISIC_7494625,0
ISIC_7494699,4
ISIC_7495058,0
ISIC_7495148,0
ISIC_7495157,2
ISIC_7495371,0
ISIC_7495707,3
ISIC_7495971,3
ISIC_7496225,4
ISIC_7496511,1
ISIC_7496898,2
ISIC_7497699,0
ISIC_7498132,0
ISIC_7498410,4
ISIC_7498716,2
ISIC_7499769,1
ISIC_7500238,3
ISIC_7500338,3
ISIC_7500420,4
ISIC_7500665,1
ISIC_7501061,1
ISIC_7501268,0
ISIC_7501928,2
ISIC_7502551,4
ISIC_7503521,4
ISIC_7503950,1
ISIC_7504276,4
ISIC_7504553,3
ISIC_7504741,4
ISIC_7505254,3
ISIC_7505369,3
ISIC_7505533,1
ISIC_7505557,3
ISIC_7505633,1
ISIC_7505675,4
ISIC_7505863,4
ISIC_7506288,1
ISIC_7506623,4
ISIC_7507065,4
ISIC_7507130,2
ISIC_7507224,2
ISIC_7507286,2
ISIC_7507498,1
ISIC_7507808,4
ISIC_7508320,3
ISIC_7508382,1
ISIC_7508527,2
ISIC_7509284,0
ISIC_7509837,3
ISIC_7510106,2
ISIC_7510482,4
ISIC_7511011,1
ISIC_7511365,0
ISIC_7511557,4
ISIC_7511781,2
ISIC_7512268,4
ISIC_7512288,4
ISIC_7512478,1
ISIC_7512698,4
ISIC_7513077,1
ISIC_7513139,4
ISIC_7513677,4
ISIC_7513953,2
ISIC_7514115,2
ISIC_7514390,0
ISIC_7514830,1
ISIC_7514840,1
ISIC_7514880,3
ISIC_7514918,4
ISIC_7515318,3
ISIC_7515463,3
ISIC_7515794,2
ISIC_7516715,0
ISIC_7517082,1
ISIC_7517099,1
ISIC_7517220,3
ISIC_7517313,2
ISIC_7517491,2
ISIC_7518447,1
ISIC_7518478,1
ISIC_7518524,2
ISIC_7518798,3
ISIC_7519274,2
ISIC_7519557,1
ISIC_7519627,2
ISIC_7519806,0
ISIC_7519841,4
ISIC_7520058,3
ISIC_7520307,4
ISIC_7520408,2
ISIC_7520581,0
ISIC_7520584,2
ISIC_7520843,3
ISIC_7521364,2
ISIC_7521457,3
ISIC_7521470,4
ISIC_7521537,3
ISIC_7521698,4
ISIC_7522199,0
ISIC_7522708,0
ISIC_7522753,3
ISIC_7523226,4
ISIC_7523263,4
ISIC_7523330,3
ISIC_7524096,2
ISIC_7524426,2
ISIC_7525320,3
ISIC_7526530,0
ISIC_7526548,0
ISIC_7526857,3
ISIC_7527413,3
ISIC_7527782,3
ISIC_7528105,2
ISIC_7528308,1
ISIC_7528783,4
ISIC_7528996,0
ISIC_7529513,3
ISIC_7529560,4
ISIC_7530414,2
ISIC_7531073,1
ISIC_7531633,1
ISIC_7532096,0
ISIC_7532154,2
ISIC_7533116,3
ISIC_7533216,3
ISIC_7533236,1
ISIC_7533334,2
ISIC_7533983,0
ISIC_7533997,2
ISIC_7534226,3
ISIC_7534491,4
ISIC_7534551,4
ISIC_7534592,4
ISIC_7535412,3
ISIC_7536256,2
ISIC_7536649,3
ISIC_7536703,4
ISIC_7536704,1
ISIC_7537233,3
ISIC_7537335,2
ISIC_7537925,2
ISIC_7538717,1
ISIC_7539266,3
ISIC_7539588,2
ISIC_7539727,2
ISIC_7539729,1
ISIC_7539749,4
ISIC_7540184,4
ISIC_7540354,4
ISIC_7540824,0
ISIC_7542127,0
ISIC_7542408,3
ISIC_7542454,3
ISIC_7542722,3
ISIC_7542873,2
ISIC_7543427,3
ISIC_7543736,1
ISIC_7543874,3
ISIC_7544251,4
ISIC_7544460,4
ISIC_7544537,0
ISIC_7545340,3
ISIC_7545549,1
ISIC_7545722,0
ISIC_7546192,3
ISIC_7546219,2
ISIC_7546480,4
ISIC_7547058,1
ISIC_7547609,1
ISIC_7547714,4
ISIC_7548405,0
ISIC_7548630,1
ISIC_7548634,0
ISIC_7548923,0
ISIC_7549209,3
ISIC_7549398,4
ISIC_7549766,2
ISIC_7550510,0
ISIC_7550852,2
ISIC_7550917,2
ISIC_7551178,3
ISIC_7551447,1
ISIC_7551538,2
ISIC_7551564,2
ISIC_7552159,1
ISIC_7552363,0
ISIC_7552521,0
ISIC_7553970,2
ISIC_7555016,3
ISIC_7555232,1
ISIC_7555347,0
ISIC_7555662,0
ISIC_7555812,0
ISIC_7555839,2
ISIC_7555858,4
ISIC_7556119,4
ISIC_7556341,4
ISIC_7557455,4
ISIC_7557606,3
ISIC_7557922,3
ISIC_7557932,2
ISIC_7557995,1
ISIC_7558638,3
ISIC_7558912,3
ISIC_7558980,0
ISIC_7559435,3
ISIC_7559729,4
ISIC_7560157,1
ISIC_7560495,2
ISIC_7560618,3
ISIC_7560723,3
ISIC_7561521,0
ISIC_7561635,4
ISIC_7561802,2
ISIC_7562175,2
ISIC_7562708,1
ISIC_7562764,4
ISIC_7563168,3
ISIC_7563283,0
ISIC_7563371,2
ISIC_7563568,4
ISIC_7563744,4
ISIC_7563847,3
ISIC_7563920,4
ISIC_7563949,1
ISIC_7564040,2
ISIC_7564217,4
ISIC_7564393,1
ISIC_7564545,2
ISIC_7565128,2
ISIC_7565550,2
ISIC_7566048,2
ISIC_7566190,2
ISIC_7566258,2
ISIC_7566403,2
ISIC_7566505,0
ISIC_7567374,0
ISIC_7567670,1
ISIC_7567699,1
ISIC_7567861,2
ISIC_7569537,0
ISIC_7569912,4
ISIC_7570120,2
ISIC_7570176,1
ISIC_7570343,1
ISIC_7570495,3
ISIC_7570825,3
ISIC_7570834,1
ISIC_7570891,2
ISIC_7570942,4
ISIC_7571027,1
ISIC_7571140,0
ISIC_7571230,1
ISIC_7571378,0
ISIC_7571402,3
ISIC_7571957,3
ISIC_7572137,2
ISIC_7573559,2
ISIC_7573727,0
ISIC_7574041,4
ISIC_7574101,0
ISIC_7574405,2
ISIC_7574629,3
ISIC_7574666,1
ISIC_7574876,4
ISIC_7575131,3
ISIC_7575246,4
ISIC_7575644,2
ISIC_7575815,0
ISIC_7575857,3
ISIC_7576478,3
ISIC_7576652,1
ISIC_7576735,0
ISIC_7577197,0
ISIC_7577395,0
ISIC_7577778,1
ISIC_7578042,2
ISIC_7578212,0
ISIC_7578547,2
ISIC_7578777,3
ISIC_7579316,3
ISIC_7579536,3
ISIC_7580016,2
ISIC_7580408,0
ISIC_7580756,2
ISIC_7581199,1
ISIC_7581388,1
ISIC_7582315,2
ISIC_7582764,4
ISIC_7582765,0
ISIC_7582818,4
ISIC_7583134,2
ISIC_7583644,2
ISIC_7583768,4
ISIC_7583922,2
ISIC_7584150,3
ISIC_7584884,0
ISIC_7584991,1
ISIC_7585280,0
ISIC_7585436,2
ISIC_7585550,3
ISIC_7585924,1
ISIC_7586106,2
ISIC_7586378,1
ISIC_7586566,3
ISIC_7587006,0
ISIC_7587078,3
ISIC_7587513,4
ISIC_7587869,4
ISIC_7588047,3
ISIC_7588132,2
ISIC_7588695,1
ISIC_7589004,1
ISIC_7589300,0
ISIC_7589484,4
ISIC_7589802,0
ISIC_7590008,0
ISIC_7590292,1
ISIC_7592174,0
ISIC_7592406,2
ISIC_7592920,2
ISIC_7593561,1
ISIC_7593584,2
ISIC_7593978,2
ISIC_7594124,4
ISIC_7594350,1
ISIC_7594368,2
ISIC_7594601,1
ISIC_7594625,3
ISIC_7595351,4
ISIC_7595416,3
ISIC_7595668,2
ISIC_7595826,1
ISIC_7595859,1
ISIC_7596526,1
ISIC_7596681,2
ISIC_7596866,2
ISIC_7597293,2
ISIC_7598343,4
ISIC_7598658,2
ISIC_7599444,1
ISIC_7599869,4
ISIC_7599973,2
ISIC_7600232,3
ISIC_7600279,2
ISIC_7600312,2
ISIC_7600348,1
ISIC_7600581,4
ISIC_7600621,3
ISIC_7600995,2
ISIC_7601364,0
ISIC_7601403,1
ISIC_7601418,2
ISIC_7601450,4
ISIC_7601936,0
ISIC_7602513,0
ISIC_7602656,2
ISIC_7602949,2
ISIC_7603320,0
ISIC_7603831,0
ISIC_7603865,4
ISIC_7604178,3
ISIC_7604596,2
ISIC_7604839,2
ISIC_7604870,3
ISIC_7605547,0
ISIC_7605678,1
ISIC_7605972,3
ISIC_7605996,4
ISIC_7606849,3
ISIC_7606860,2
ISIC_7607101,2
ISIC_7607107,2
ISIC_7607166,4
ISIC_7607335,4
ISIC_7607476,4
ISIC_7607829,2
ISIC_7607909,2
ISIC_7608687,2
ISIC_7609592,3
ISIC_7609643,2
ISIC_7610075,2
ISIC_7611464,4
ISIC_7611850,2
ISIC_7611972,1
ISIC_7612324,4
ISIC_7612417,0
ISIC_7612427,4
ISIC_7612589,2
ISIC_7612992,4
ISIC_7613461,2
ISIC_7614036,2
ISIC_7614221,0
ISIC_7615896,4
ISIC_7616324,4
ISIC_7616427,2
ISIC_7617170,2
ISIC_7617214,2
ISIC_7617445,4
ISIC_7617861,1
ISIC_7618103,4
ISIC_7618133,0
ISIC_7618200,4
ISIC_7618812,0
ISIC_7619022,4
ISIC_7619041,3
ISIC_7619234,2
ISIC_7619467,3
ISIC_7619491,3
ISIC_7619734,0
ISIC_7620347,2
ISIC_7620366,2
ISIC_7620514,2
ISIC_7621067,4
ISIC_7621283,2
ISIC_7621389,4
ISIC_7621412,3
ISIC_7621674,3
ISIC_7621899,1
ISIC_7622520,3
ISIC_7623050,0
ISIC_7623089,3
ISIC_7623407,1
ISIC_7623990,2
ISIC_7624108,4
ISIC_7624240,4
ISIC_7624447,2
ISIC_7624563,0
ISIC_7624985,0
ISIC_7625411,2
ISIC_7625578,3
ISIC_7625857,1
ISIC_7626256,0
ISIC_7626632,0
ISIC_7627281,4
ISIC_7627505,2
ISIC_7628175,0
ISIC_7628257,2
ISIC_7628328,1
ISIC_7628500,2
ISIC_7629241,4
ISIC_7629264,0
ISIC_7629589,4
ISIC_7629640,2
ISIC_7629997,1
ISIC_7630073,1
ISIC_7630208,4
ISIC_7630499,4
ISIC_7630831,2
ISIC_7631254,2
ISIC_7631880,1
ISIC_7632525,2
ISIC_7633247,4
ISIC_7633322,0
ISIC_7633516,1
ISIC_7633960,2
ISIC_7634023,1
ISIC_7634099,2
ISIC_7634151,2
ISIC_7634156,0
ISIC_7634207,1
ISIC_7634281,3
ISIC_7634379,1
ISIC_7634648,3
ISIC_7634945,4
ISIC_7635056,2
ISIC_7636321,4
ISIC_7636712,4
ISIC_7637091,2
ISIC_7637109,3
ISIC_7637219,0
ISIC_7637597,4
ISIC_7637801,4
ISIC_7638227,3
ISIC_7638574,1
ISIC_7638633,3
ISIC_7638993,4
ISIC_7640835,2
ISIC_7641075,0
ISIC_7641157,4
ISIC_7641231,1
ISIC_7641395,4
ISIC_7641956,3
ISIC_7642142,4
ISIC_7642500,1
ISIC_7642591,1
ISIC_7642935,1
ISIC_7642991,4
ISIC_7643257,4
ISIC_7643396,1
ISIC_7643603,4
ISIC_7643966,3
ISIC_7644093,4
ISIC_7644150,4
ISIC_7644571,1
ISIC_7644573,4
ISIC_7645190,0
ISIC_7645540,2
ISIC_7645625,1
ISIC_7645703,0
ISIC_7645850,0
ISIC_7646167,4
ISIC_7646644,0
ISIC_7646866,0
ISIC_7646953,3
ISIC_7646954,3
ISIC_7647076,4
ISIC_7647201,3
ISIC_7647299,4
ISIC_7647834,0
ISIC_7648111,2
ISIC_7648129,0
ISIC_7648726,3
ISIC_7649074,0
ISIC_7649260,3
ISIC_7649562,3
ISIC_7649708,3
ISIC_7649781,3
ISIC_7649986,4
ISIC_7650064,0
ISIC_7650155,3
ISIC_7650216,1
ISIC_7650369,2
ISIC_7650711,2
ISIC_7651608,4
ISIC_7651838,1
ISIC_7651944,0
ISIC_7652087,0
ISIC_7652615,2
ISIC_7652731,2
ISIC_7653121,2
ISIC_7653664,0
ISIC_7654071,2
ISIC_7654085,1
ISIC_7654211,4
ISIC_7654562,2
ISIC_7654580,2
ISIC_7655189,2
ISIC_7655488,0
ISIC_7656240,1
ISIC_7656935,0
ISIC_7657085,4
ISIC_7657155,0
ISIC_7657291,1
ISIC_7658006,3
ISIC_7658133,1
ISIC_7658268,1
ISIC_7658276,1
ISIC_7658431,0
ISIC_7658533,3
ISIC_7658729,1
ISIC_7659833,0
ISIC_7660797,2
ISIC_7661236,3
ISIC_7661494,3
ISIC_7661559,1
ISIC_7661590,1
ISIC_7661657,1
ISIC_7661668,1
ISIC_7662158,1
ISIC_7662847,2
ISIC_7662910,1
ISIC_7662993,1
ISIC_7663033,1
ISIC_7663267,0
ISIC_7663291,1
ISIC_7663344,2
ISIC_7663476,4
ISIC_7663567,2
ISIC_7663719,3
ISIC_7664137,0
ISIC_7664835,0
ISIC_7665012,2
ISIC_7665397,2
ISIC_7665526,0
ISIC_7665645,1
ISIC_7666224,0
ISIC_7667157,3
ISIC_7667190,2
ISIC_7667790,1
ISIC_7668206,1
ISIC_7668345,0
ISIC_7668627,4
ISIC_7668749,3
ISIC_7668953,2
ISIC_7670149,1
ISIC_7670304,2
ISIC_7670331,4
ISIC_7670737,3
ISIC_7670817,3
ISIC_7670923,2
ISIC_7671233,3
ISIC_7671251,1
ISIC_7671381,4
ISIC_7671454,1
ISIC_7671589,4
ISIC_7671776,0
ISIC_7671802,0
ISIC_7671972,1
ISIC_7672038,3
ISIC_7672071,2
ISIC_7672106,3
ISIC_7672567,0
ISIC_7672758,1
ISIC_7672851,1
ISIC_7672895,0
ISIC_7675261,2
ISIC_7676485,4
ISIC_7677461,1
ISIC_7677876,2
ISIC_7678171,4
ISIC_7678584,4
ISIC_7679062,0
ISIC_7680144,4
ISIC_7680333,4
ISIC_7680659,0
ISIC_7680948,3
ISIC_7681144,1
ISIC_7681336,4
ISIC_7681490,3
ISIC_7681593,4
ISIC_7682042,4
ISIC_7682485,1
ISIC_7682537,1
ISIC_7682938,0
ISIC_7682984,1
ISIC_7683223,1
ISIC_7683437,0
ISIC_7683965,3
ISIC_7684140,0
ISIC_7684290,0
ISIC_7685077,4
ISIC_7685144,4
ISIC_7685237,1
ISIC_7685761,0
ISIC_7685852,0
ISIC_7685853,2
ISIC_7685920,1
ISIC_7686795,3
ISIC_7686849,2
ISIC_7687367,1
ISIC_7687375,4
ISIC_7687686,3
ISIC_7687848,1
ISIC_7688025,0
ISIC_7688061,3
ISIC_7688919,2
ISIC_7689821,2
ISIC_7690107,4
ISIC_7690134,4
ISIC_7690228,1
ISIC_7690654,4
ISIC_7691262,0
ISIC_7692075,2
ISIC_7692948,4
ISIC_7693611,3
ISIC_7693995,4
ISIC_7694028,4
ISIC_7694069,0
ISIC_7694184,0
ISIC_7694877,1
ISIC_7696218,0
ISIC_7696538,0
ISIC_7696542,0
ISIC_7696730,0
ISIC_7696732,1
ISIC_7696762,2
ISIC_7697022,4
ISIC_7697051,0
ISIC_7697366,1
ISIC_7697389,2
ISIC_7697445,4
ISIC_7697623,0
ISIC_7698642,1
ISIC_7698844,4
ISIC_7699223,2
ISIC_7699392,3
ISIC_7699756,3
ISIC_7700463,1
ISIC_7701089,0
ISIC_7701105,1
ISIC_7701135,4
ISIC_7701890,0
ISIC_7702225,1
ISIC_7702483,1
ISIC_7702857,0
ISIC_7702996,3
ISIC_7703479,0
ISIC_7703614,0
ISIC_7703655,3
ISIC_7703883,4
ISIC_7704533,3
ISIC_7704900,1
ISIC_7705725,2
ISIC_7705867,0
ISIC_7705876,2
ISIC_7705928,3
ISIC_7706215,3
ISIC_7706503,4
ISIC_7706582,1
ISIC_7707214,2
ISIC_7707513,3
ISIC_7707538,4
ISIC_7707720,1
ISIC_7708255,4
ISIC_7708554,1
ISIC_7708924,4
ISIC_7709419,1
ISIC_7709611,1
ISIC_7710081,2
ISIC_7710270,2
ISIC_7710577,0
ISIC_7710816,1
ISIC_7711688,3
ISIC_7711715,0
ISIC_7711947,4
ISIC_7712138,4
ISIC_7712660,4
ISIC_7712980,3
ISIC_7712996,0
ISIC_7713180,2
ISIC_7713300,4
ISIC_7713545,3
ISIC_7714981,0
ISIC_7715233,0
ISIC_7715260,3
ISIC_7715315,3
ISIC_7716088,0
ISIC_7716168,1
ISIC_7716727,1
ISIC_7716941,2
ISIC_7716976,0
ISIC_7717501,2
ISIC_7717552,0
ISIC_7717610,1
ISIC_7717731,0
ISIC_7717897,1
ISIC_7717907,4
ISIC_7718295,0
ISIC_7718384,0
ISIC_7718526,0
ISIC_7718540,2
ISIC_7718611,0
ISIC_7718877,4
ISIC_7719043,0
ISIC_7719553,1
ISIC_7720145,0
ISIC_7720378,0
ISIC_7720449,0
ISIC_7720522,4
ISIC_7720684,1
ISIC_7721649,3
ISIC_7721747,3
ISIC_7721903,4
ISIC_7722038,0
ISIC_7722716,4
ISIC_7723074,3
ISIC_7723150,4
ISIC_7723527,1
ISIC_7723852,1
ISIC_7724039,2
ISIC_7724054,1
ISIC_7724380,0
ISIC_7724635,4
ISIC_7724762,2
ISIC_7724764,2
ISIC_7724906,4
ISIC_7724959,1
ISIC_7725471,0
ISIC_7725628,0
ISIC_7725634,1
ISIC_7725651,3
ISIC_7725971,3
ISIC_7725994,0
ISIC_7726675,2
ISIC_7727347,1
ISIC_7727830,3
ISIC_7727908,1
ISIC_7727960,0
ISIC_7727974,2
ISIC_7728263,0
ISIC_7728520,1
ISIC_7729169,1
ISIC_7729249,2
ISIC_7729357,0
ISIC_7729573,0
ISIC_7729596,3
ISIC_7729970,1
ISIC_7730443,0
ISIC_7730937,4
ISIC_7731108,1
ISIC_7731445,1
ISIC_7731447,0
ISIC_7731786,2
ISIC_7732765,4
ISIC_7733258,3
ISIC_7733890,0
ISIC_7734359,4
ISIC_7734673,4
ISIC_7735102,1
ISIC_7735711,0
ISIC_7736423,1
ISIC_7737316,3
ISIC_7737437,1
ISIC_7737874,3
ISIC_7738065,3
ISIC_7738761,3
ISIC_7738828,4
ISIC_7738923,3
ISIC_7738955,3
ISIC_7739457,4
ISIC_7739486,1
ISIC_7739752,0
ISIC_7740004,4
ISIC_7740023,2
ISIC_7740416,1
ISIC_7740744,4
ISIC_7741487,3
ISIC_7741524,1
ISIC_7741631,3
ISIC_7741786,3
ISIC_7742740,2
ISIC_7743124,4
ISIC_7743266,3
ISIC_7743505,4
ISIC_7743794,3
ISIC_7744262,4
ISIC_7744467,3
ISIC_7744571,4
ISIC_7745175,3
ISIC_7745522,4
ISIC_7745993,1
ISIC_7746409,1
ISIC_7746479,2
ISIC_7746898,2
ISIC_7746989,2
ISIC_7748144,4
ISIC_7748311,0
ISIC_7748767,2
ISIC_7748899,1
ISIC_7749589,0
ISIC_7750443,4
ISIC_7750508,3
ISIC_7750544,4
ISIC_7750599,4
ISIC_7750671,0
ISIC_7750956,0
ISIC_7751233,2
ISIC_7751366,3
ISIC_7751631,2
ISIC_7751774,4
ISIC_7752317,0
ISIC_7753076,4
ISIC_7753163,0
ISIC_7753307,1
ISIC_7753375,3
ISIC_7753655,4
ISIC_7753753,0
ISIC_7754416,0
ISIC_7754534,2
ISIC_7754743,0
ISIC_7754760,0
ISIC_7754938,4
ISIC_7755106,0
ISIC_7755194,2
ISIC_7755241,1
ISIC_7755444,3
ISIC_7755481,1
ISIC_7755875,1
ISIC_7756006,0
ISIC_7756373,1
ISIC_7756791,3
ISIC_7757473,3
ISIC_7757763,3
ISIC_7758102,2
ISIC_7758520,0
ISIC_7759374,0
ISIC_7759376,3
ISIC_7759394,1
ISIC_7759630,0
ISIC_7759913,4
ISIC_7759924,4
ISIC_7760219,4
ISIC_7760920,2
ISIC_7760948,1
ISIC_7761308,4
ISIC_7761691,0
ISIC_7761711,3
ISIC_7761884,3
ISIC_7762499,0
ISIC_7763042,0
ISIC_7763131,3
ISIC_7763345,0
ISIC_7763452,3
ISIC_7763701,3
ISIC_7763831,2
ISIC_7764021,2
ISIC_7764074,4
ISIC_7764144,1
ISIC_7764481,3
ISIC_7764847,1
ISIC_7764874,4
ISIC_7764957,1
ISIC_7764987,2
ISIC_7765038,1
ISIC_7765193,4
ISIC_7766007,1
ISIC_7766704,1
ISIC_7766845,0
ISIC_7767248,4
ISIC_7767350,1
ISIC_7767423,2
ISIC_7767772,3
ISIC_7768567,2
ISIC_7768638,4
ISIC_7768782,3
ISIC_7768915,2
ISIC_7769213,1
ISIC_7769451,2
ISIC_7769639,4
ISIC_7769827,3
ISIC_7769897,1
ISIC_7770394,1
ISIC_7770621,3
ISIC_7770624,3
ISIC_7771320,3
ISIC_7771339,2
ISIC_7771615,2
ISIC_7772009,3
ISIC_7772950,3
ISIC_7773473,0
ISIC_7773544,4
ISIC_7773731,1
ISIC_7773858,1
ISIC_7775535,3
ISIC_7776360,0
ISIC_7776593,2
ISIC_7776634,4
ISIC_7776719,2
ISIC_7776873,3
ISIC_7777176,1
ISIC_7777873,1
ISIC_7778110,2
ISIC_7778234,4
ISIC_7778482,1
ISIC_7778842,0
ISIC_7779225,0
ISIC_7779382,2
ISIC_7779685,1
ISIC_7780098,4
ISIC_7780240,0
ISIC_7780663,3
ISIC_7780704,4
ISIC_7780812,3
ISIC_7780895,4
ISIC_7781213,2
ISIC_7781580,3
ISIC_7781797,1
ISIC_7781801,4
ISIC_7782029,2
ISIC_7782074,1
ISIC_7782274,1
ISIC_7782502,0
ISIC_7782766,3
ISIC_7783346,4
ISIC_7783447,0
ISIC_7783914,4
ISIC_7783951,3
ISIC_7784090,1
ISIC_7784703,3
ISIC_7784796,0
ISIC_7784881,3
ISIC_7785457,2
ISIC_7785723,2
ISIC_7786096,4
ISIC_7786379,2
ISIC_7787118,4
ISIC_7787473,0
ISIC_7787763,4
ISIC_7788309,1
ISIC_7788318,4
ISIC_7788539,4
ISIC_7788567,1
ISIC_7788814,0
ISIC_7788884,2
ISIC_7789452,4
ISIC_7789537,1
ISIC_7790213,1
ISIC_7790400,0
ISIC_7791397,0
ISIC_7791478,4
ISIC_7791770,3
ISIC_7792073,2
ISIC_7792280,4
ISIC_7792842,3
ISIC_7793221,2
ISIC_7793859,1
ISIC_7795549,3
ISIC_7796174,4
ISIC_7796348,3
ISIC_7796821,4
ISIC_7796822,3
ISIC_7797278,0
ISIC_7797595,4
ISIC_7797745,1
ISIC_7797853,4
ISIC_7798048,2
ISIC_7798310,0
ISIC_7798358,4
ISIC_7798403,3
ISIC_7798770,2
ISIC_7799517,3
ISIC_7799692,1
ISIC_7799968,4
ISIC_7800103,3
ISIC_7800170,3
ISIC_7800415,4
ISIC_7800706,1
ISIC_7800750,2
ISIC_7801289,4
ISIC_7801560,4
ISIC_7801815,2
ISIC_7801961,4
ISIC_7802213,3
ISIC_7802344,4
ISIC_7803010,2
ISIC_7803114,4
ISIC_7803118,3
ISIC_7803163,3
ISIC_7803253,0
ISIC_7803290,0
ISIC_7803302,0
ISIC_7803426,1
ISIC_7803496,1
ISIC_7803633,4
ISIC_7803948,3
ISIC_7804844,0
ISIC_7804919,0
ISIC_7805559,2
ISIC_7805607,2
ISIC_7805885,3
ISIC_7806040,1
ISIC_7806065,1
ISIC_7806381,4
ISIC_7806612,4
ISIC_7806637,1
ISIC_7806765,2
ISIC_7806776,0
ISIC_7806926,1
ISIC_7807235,2
ISIC_7807526,2
ISIC_7808132,1
ISIC_7808204,1
ISIC_7808556,2
ISIC_7809643,1
ISIC_7810462,4
ISIC_7810526,4
ISIC_7810552,4
ISIC_7810944,1
ISIC_7811060,3
ISIC_7811068,3
ISIC_7811951,0
ISIC_7813206,2
ISIC_7813241,4
ISIC_7814139,4
ISIC_7814144,4
ISIC_7814244,2
ISIC_7814369,3
ISIC_7814868,1
ISIC_7815762,1
ISIC_7816273,1
ISIC_7816282,1
ISIC_7816367,3
ISIC_7816432,4
ISIC_7817245,3
ISIC_7817251,4
ISIC_7817524,0
ISIC_7817785,0
ISIC_7818094,0
ISIC_7818429,1
ISIC_7818740,2
ISIC_7818763,0
ISIC_7818799,0
ISIC_7819044,1
ISIC_7819084,4
ISIC_7819707,2
ISIC_7820005,4
ISIC_7820042,2
ISIC_7820044,0
ISIC_7821046,0
ISIC_7821457,3
ISIC_7821579,2
ISIC_7821647,2
ISIC_7821675,1
ISIC_7821676,3
ISIC_7822178,4
ISIC_7822725,3
ISIC_7822776,1
ISIC_7822917,1
ISIC_7823039,1
ISIC_7823773,3
ISIC_7824206,3
ISIC_7824250,0
ISIC_7824420,3
ISIC_7824688,1
ISIC_7825107,1
ISIC_7825342,0
ISIC_7825431,3
ISIC_7825615,2
ISIC_7825897,3
ISIC_7826316,4
ISIC_7826324,4
ISIC_7826557,1
ISIC_7826983,4
ISIC_7827067,1
ISIC_7827131,3
ISIC_7828320,2
ISIC_7828438,4
ISIC_7828539,4
ISIC_7828712,4
ISIC_7829196,2
ISIC_7829299,3
ISIC_7829869,0
ISIC_7829883,4
ISIC_7829947,2
ISIC_7830756,2
ISIC_7830880,0
ISIC_7830917,1
ISIC_7830937,3
ISIC_7831274,0
ISIC_7831645,4
ISIC_7832293,4
ISIC_7832309,4
ISIC_7832323,2
ISIC_7832431,2
ISIC_7832764,2
ISIC_7832863,0
ISIC_7833008,4
ISIC_7833178,2
ISIC_7833195,0
ISIC_7834075,2
ISIC_7834330,4
ISIC_7834692,2
ISIC_7835257,4
ISIC_7835507,0
ISIC_7835537,0
ISIC_7835917,0
ISIC_7836167,4
ISIC_7836288,4
ISIC_7836441,3
ISIC_7836872,0
ISIC_7836905,3
ISIC_7837254,2
ISIC_7837256,3
ISIC_7837503,1
ISIC_7838524,4
ISIC_7838687,2
ISIC_7839092,4
ISIC_7839220,1
ISIC_7839741,3
ISIC_7840165,1
ISIC_7840368,2
ISIC_7840728,0
ISIC_7841085,0
ISIC_7841148,1
ISIC_7841317,3
ISIC_7841720,3
ISIC_7841770,4
ISIC_7841993,4
ISIC_7842111,3
ISIC_7842567,3
ISIC_7842673,1
ISIC_7842837,4
ISIC_7842845,2
ISIC_7843406,1
ISIC_7843456,3
ISIC_7843804,3
ISIC_7844276,1
ISIC_7844482,3
ISIC_7844565,2
ISIC_7844761,4
ISIC_7844825,3
ISIC_7845281,3
ISIC_7845702,3
ISIC_7845733,4
ISIC_7846309,0
ISIC_7846492,2
ISIC_7847181,2
ISIC_7847294,1
ISIC_7847667,1
ISIC_7847981,1
ISIC_7848045,4
ISIC_7849654,4
ISIC_7849714,2
ISIC_7849885,0
ISIC_7850058,3
ISIC_7850134,3
ISIC_7850191,1
ISIC_7850786,3
ISIC_7850805,1
ISIC_7850884,3
ISIC_7851254,2
ISIC_7851399,3
ISIC_7852008,1
ISIC_7852280,1
ISIC_7852465,1
ISIC_7852508,1
ISIC_7852759,4
ISIC_7852801,1
ISIC_7852855,1
ISIC_7852890,1
ISIC_7853136,3
ISIC_7853267,2
ISIC_7853490,0
ISIC_7853799,3
ISIC_7854457,2
ISIC_7854663,3
ISIC_7855286,4
ISIC_7856796,4
ISIC_7857144,4
ISIC_7858034,3
ISIC_7859098,0
ISIC_7859801,2
ISIC_7860012,1
ISIC_7860124,3
ISIC_7860137,4
ISIC_7861117,4
ISIC_7861369,2
ISIC_7861450,3
ISIC_7861718,1
ISIC_7861911,2
ISIC_7861914,3
ISIC_7861942,0
ISIC_7862068,4
ISIC_7862565,1
ISIC_7863564,0
ISIC_7863757,2
ISIC_7864324,2
ISIC_7865214,2
ISIC_7865245,1
ISIC_7866138,3
ISIC_7866476,1
ISIC_7866488,3
ISIC_7866682,2
ISIC_7867077,1
ISIC_7867245,3
ISIC_7867320,0
ISIC_7867422,4
ISIC_7868525,3
ISIC_7868855,3
ISIC_7869255,1
ISIC_7869953,4
ISIC_7870290,2
ISIC_7870834,3
ISIC_7870928,4
ISIC_7871610,0
ISIC_7872169,4
ISIC_7872595,0
ISIC_7873541,3
ISIC_7873831,4
ISIC_7873885,4
ISIC_7874576,0
ISIC_7874943,0
ISIC_7875088,4
ISIC_7875625,4
ISIC_7875959,3
ISIC_7876026,3
ISIC_7876499,3
ISIC_7876620,4
ISIC_7876737,1
ISIC_7876793,3
ISIC_7877034,2
ISIC_7877488,3
ISIC_7879597,4
ISIC_7880046,4
ISIC_7880636,2
ISIC_7880705,1
ISIC_7880706,4
ISIC_7880793,3
ISIC_7880984,3
ISIC_7881017,1
ISIC_7881514,1
ISIC_7882022,3
ISIC_7882053,4
ISIC_7882178,4
ISIC_7882247,4
ISIC_7883540,4
ISIC_7885010,1
ISIC_7885502,0
ISIC_7885531,4
ISIC_7885845,1
ISIC_7885946,2
ISIC_7886188,1
ISIC_7886280,3
ISIC_7886534,0
ISIC_7887321,3
ISIC_7888236,3
ISIC_7888517,0
ISIC_7888672,4
ISIC_7888704,0
ISIC_7889231,0
ISIC_7889258,4
ISIC_7889617,1
ISIC_7889727,2
ISIC_7889838,4
ISIC_7889935,4
ISIC_7890383,3
ISIC_7890630,1
ISIC_7890638,3
ISIC_7891412,1
ISIC_7891771,1
ISIC_7891992,3
ISIC_7892070,1
ISIC_7892118,0
ISIC_7892276,1
ISIC_7892362,0
ISIC_7892855,3
ISIC_7893391,2
ISIC_7893482,0
ISIC_7894406,3
ISIC_7894682,4
ISIC_7894719,1
ISIC_7894744,1
ISIC_7894765,4
ISIC_7894970,0
ISIC_7895093,3
ISIC_7896286,2
ISIC_7896377,1
ISIC_7896548,1
ISIC_7896667,0
ISIC_7897090,1
ISIC_7897363,1
ISIC_7897374,1
ISIC_7897484,0
ISIC_7897626,0
ISIC_7897925,3
ISIC_7898381,4
ISIC_7900295,1
ISIC_7900624,1
ISIC_7901002,0
ISIC_7901098,1
ISIC_7901461,0
ISIC_7901662,3
ISIC_7901786,2
ISIC_7901797,4
ISIC_7901891,3
ISIC_7902978,2
ISIC_7903213,2
ISIC_7903510,0
ISIC_7903561,4
ISIC_7903715,3
ISIC_7903838,0
ISIC_7903873,3
ISIC_7904191,1
ISIC_7904250,3
ISIC_7904365,0
ISIC_7904411,2
ISIC_7904801,4
ISIC_7905714,4
ISIC_7906421,1
ISIC_7906462,1
ISIC_7907113,3
ISIC_7907304,3
ISIC_7907495,1
ISIC_7907665,3
ISIC_7907808,1
ISIC_7908106,2
ISIC_7908575,1
ISIC_7908954,4
ISIC_7909436,0
ISIC_7909667,0
ISIC_7909916,3
ISIC_7910074,0
ISIC_7911029,3
ISIC_7911301,0
ISIC_7911353,1
ISIC_7911861,0
ISIC_7912104,0
ISIC_7912183,2
ISIC_7912334,0
ISIC_7914181,0
ISIC_7914631,1
ISIC_7914875,1
ISIC_7914964,4
ISIC_7915065,1
ISIC_7915094,1
ISIC_7915122,2
ISIC_7915366,2
ISIC_7915595,4
ISIC_7916182,1
ISIC_7916211,4
ISIC_7916441,1
ISIC_7917946,4
ISIC_7917961,1
ISIC_7918246,3
ISIC_7918476,0
ISIC_7918608,3
ISIC_7918717,2
ISIC_7918817,0
ISIC_7919085,0
ISIC_7919133,4
ISIC_7920019,2
ISIC_7920274,3
ISIC_7920543,3
ISIC_7920605,0
ISIC_7920645,3
ISIC_7920705,3
ISIC_7921023,0
ISIC_7921335,1
ISIC_7921944,0
ISIC_7923008,4
ISIC_7923258,1
ISIC_7923714,1
ISIC_7923745,1
ISIC_7923816,3
ISIC_7923858,2
ISIC_7923912,2
ISIC_7924119,1
ISIC_7924652,3
ISIC_7925483,3
ISIC_7925797,4
ISIC_7926849,2
ISIC_7926874,1
ISIC_7927285,2
ISIC_7927525,0
ISIC_7927595,0
ISIC_7928137,4
ISIC_7928614,2
ISIC_7929089,4
ISIC_7929178,3
ISIC_7929184,2
ISIC_7929262,0
ISIC_7929526,0
ISIC_7929649,4
ISIC_7929735,3
ISIC_7929919,2
ISIC_7930157,0
ISIC_7930862,2
ISIC_7931739,0
ISIC_7932466,1
ISIC_7932566,1
ISIC_7932658,0
ISIC_7932749,1
ISIC_7932937,0
ISIC_7933162,0
ISIC_7933514,1
ISIC_7933565,1
ISIC_7933774,4
ISIC_7933945,1
ISIC_7934218,0
ISIC_7934369,4
ISIC_7934896,1
ISIC_7935007,1
ISIC_7935462,1
ISIC_7935528,1
ISIC_7935989,1
ISIC_7936149,4
ISIC_7936528,1
ISIC_7936559,2
ISIC_7936755,4
ISIC_7936798,3
ISIC_7936906,2
ISIC_7936961,1
ISIC_7937065,3
ISIC_7937250,0
ISIC_7937491,0
ISIC_7937728,4
ISIC_7938148,3
ISIC_7938688,2
ISIC_7939089,4
ISIC_7939511,3
ISIC_7939646,1
ISIC_7939816,2
ISIC_7940108,0
ISIC_7940137,4
ISIC_7940744,3
ISIC_7940879,0
ISIC_7941047,2
ISIC_7941289,3
ISIC_7942323,1
ISIC_7944028,2
ISIC_7944654,2
ISIC_7944732,1
ISIC_7945367,0
ISIC_7945429,2
ISIC_7945791,2
ISIC_7947102,0
ISIC_7947504,0
ISIC_7947699,4
ISIC_7947847,2
ISIC_7948290,2
ISIC_7948461,1
ISIC_7948594,0
ISIC_7948595,1
ISIC_7948728,1
ISIC_7948818,4
ISIC_7948979,2
ISIC_7948999,4
ISIC_7949163,2
ISIC_7949203,4
ISIC_7949595,2
ISIC_7949603,3
ISIC_7949832,3
ISIC_7950240,2
ISIC_7950729,1
ISIC_7951035,0
ISIC_7951186,3
ISIC_7951202,0
ISIC_7951378,3
ISIC_7951857,1
ISIC_7951995,0
ISIC_7952228,0
ISIC_7952832,1
ISIC_7952863,3
ISIC_7953039,3
ISIC_7953081,4
ISIC_7954103,0
ISIC_7954289,3
ISIC_7954325,2
ISIC_7954359,0
ISIC_7954538,0
ISIC_7955360,1
ISIC_7956417,1
ISIC_7956925,3
ISIC_7957630,1
ISIC_7958439,1
ISIC_7958943,4
ISIC_7959103,1
ISIC_7959202,1
ISIC_7959322,0
ISIC_7959339,4
ISIC_7959386,0
ISIC_7959669,1
ISIC_7959841,2
ISIC_7960172,4
ISIC_7960251,0
ISIC_7960321,0
ISIC_7960841,2
ISIC_7960869,3
ISIC_7960892,1
ISIC_7960920,0
ISIC_7960953,4
ISIC_7961365,3
ISIC_7961568,4
ISIC_7961677,2
ISIC_7961805,1
ISIC_7962380,3
ISIC_7963326,4
ISIC_7963451,4
ISIC_7963713,0
ISIC_7963914,3
ISIC_7964243,1
ISIC_7964735,1
ISIC_7964757,1
ISIC_7964819,4
ISIC_7964837,2
ISIC_7966121,1
ISIC_7966295,4
ISIC_7966605,3
ISIC_7966692,3
ISIC_7966716,4
ISIC_7967108,3
ISIC_7967397,1
ISIC_7967586,1
ISIC_7967955,2
ISIC_7968733,4
ISIC_7968800,1
ISIC_7969552,2
ISIC_7969673,2
ISIC_7970002,1
ISIC_7970026,0
ISIC_7970478,4
ISIC_7971509,4
ISIC_7972675,3
ISIC_7972756,3
ISIC_7972996,0
ISIC_7973296,3
ISIC_7973340,3
ISIC_7973500,1
ISIC_7973514,4
ISIC_7973564,4
ISIC_7973598,0
ISIC_7973601,1
ISIC_7973714,0
ISIC_7974409,1
ISIC_7974783,4
ISIC_7974945,2
ISIC_7975111,1
ISIC_7975159,4
ISIC_7975248,0
ISIC_7975420,3
ISIC_7975613,2
ISIC_7975648,0
ISIC_7975678,4
ISIC_7976310,2
ISIC_7976463,4
ISIC_7976522,2
ISIC_7976724,0
ISIC_7976934,1
ISIC_7977538,0
ISIC_7977757,2
ISIC_7977871,2
ISIC_7978038,4
ISIC_7978358,4
ISIC_7979115,3
ISIC_7979206,3
ISIC_7980339,4
ISIC_7980387,4
ISIC_7980482,4
ISIC_7980532,4
ISIC_7980625,0
ISIC_7980770,3
ISIC_7981097,1
ISIC_7981168,2
ISIC_7981196,1
ISIC_7982020,2
ISIC_7982468,0
ISIC_7982831,4
ISIC_7983259,0
ISIC_7983343,1
ISIC_7983553,1
ISIC_7984080,3
ISIC_7984569,3
ISIC_7984628,2
ISIC_7984646,2
ISIC_7984972,0
ISIC_7984985,4
ISIC_7985659,1
ISIC_7986405,4
ISIC_7986935,2
ISIC_7987407,2
ISIC_7987416,0
ISIC_7988204,2
ISIC_7988212,4
ISIC_7988517,1
ISIC_7988554,1
ISIC_7988726,3
ISIC_7988735,2
ISIC_7988794,0
ISIC_7988807,3
ISIC_7989119,0
ISIC_7989205,0
ISIC_7989277,0
ISIC_7989906,3
ISIC_7990641,0
ISIC_7990781,2
ISIC_7990824,1
ISIC_7990899,4
ISIC_7991159,4
ISIC_7991305,1
ISIC_7991424,2
ISIC_7991549,0
ISIC_7991740,1
ISIC_7991784,4
ISIC_7991932,1
ISIC_7991946,3
ISIC_7992584,1
ISIC_7992649,4
ISIC_7993301,0
ISIC_7993561,2
ISIC_7993653,3
ISIC_7993774,2
ISIC_7994337,3
ISIC_7994405,4
ISIC_7994514,0
ISIC_7994548,0
ISIC_7994632,4
ISIC_7995237,4
ISIC_7996054,3
ISIC_7997132,2
ISIC_7997461,2
ISIC_7997639,0
ISIC_7997886,1
ISIC_7998282,4
ISIC_7998509,4
ISIC_7999342,4
ISIC_7999682,4
ISIC_8000617,2
ISIC_8000880,1
ISIC_8001276,2
ISIC_8001346,0
ISIC_8001516,3
ISIC_8001757,2
ISIC_8001976,0
ISIC_8002456,1
ISIC_8002729,4
ISIC_8002875,4
ISIC_8003408,0
ISIC_8003465,1
ISIC_8003504,0
ISIC_8003638,3
ISIC_8003687,0
ISIC_8004013,2
ISIC_8004413,3
ISIC_8004475,4
ISIC_8004811,3
ISIC_8005302,0
ISIC_8005770,4
ISIC_8005856,4
ISIC_8006094,2
ISIC_8006211,0
ISIC_8007231,1
ISIC_8007828,2
ISIC_8007849,3
ISIC_8008177,3
ISIC_8008242,0
ISIC_8008356,3
ISIC_8008932,3
ISIC_8009079,3
ISIC_8009201,2
ISIC_8009536,2
ISIC_8009623,2
ISIC_8009880,3
ISIC_8010113,4
ISIC_8010381,4
ISIC_8010862,4
ISIC_8010877,1
ISIC_8010968,0
ISIC_8011058,3
ISIC_8011118,4
ISIC_8011205,0
ISIC_8011253,2
ISIC_8011403,4
ISIC_8011931,4
ISIC_8012279,1
ISIC_8012500,0
ISIC_8012737,2
ISIC_8013179,2
ISIC_8013225,3
ISIC_8013448,2
ISIC_8013946,0
ISIC_8014513,1
ISIC_8014523,3
ISIC_8014747,4
ISIC_8015259,2
ISIC_8015427,0
ISIC_8015441,3
ISIC_8015541,1
ISIC_8015938,3
ISIC_8015990,2
ISIC_8016276,2
ISIC_8016410,0
ISIC_8017569,1
ISIC_8017829,0
ISIC_8017882,0
ISIC_8018856,3
ISIC_8018963,1
ISIC_8019303,4
ISIC_8019487,1
ISIC_8019918,3
ISIC_8020098,3
ISIC_8020153,4
ISIC_8020166,3
ISIC_8020688,1
ISIC_8021069,2
ISIC_8021672,1
ISIC_8021960,4
ISIC_8022003,4
ISIC_8022123,0
ISIC_8022429,1
ISIC_8022571,2
ISIC_8022775,0
ISIC_8022825,2
ISIC_8022865,2
ISIC_8022913,0
ISIC_8023338,0
ISIC_8023454,1
ISIC_8023705,0
ISIC_8023823,2
ISIC_8023861,4
ISIC_8024261,4
ISIC_8024647,1
ISIC_8024841,1
ISIC_8024980,1
ISIC_8025011,1
ISIC_8025243,0
ISIC_8025644,1
ISIC_8025852,1
ISIC_8026249,2
ISIC_8026339,4
ISIC_8026600,3
ISIC_8026750,1
ISIC_8026814,1
ISIC_8027012,4
ISIC_8027372,0
ISIC_8027491,0
ISIC_8027899,3
ISIC_8028126,0
ISIC_8028333,2
ISIC_8028631,3
ISIC_8028682,3
ISIC_8029120,1
ISIC_8029358,2
ISIC_8029450,1
ISIC_8029613,2
ISIC_8029653,0
ISIC_8029954,0
ISIC_8030063,2
ISIC_8030519,0
ISIC_8030752,2
ISIC_8030884,0
ISIC_8030914,1
ISIC_8031554,2
ISIC_8031776,1
ISIC_8032325,4
ISIC_8032520,3
ISIC_8032753,2
ISIC_8032758,0
ISIC_8032856,1
ISIC_8033131,1
ISIC_8033318,3
ISIC_8033373,2
ISIC_8033490,1
ISIC_8033618,2
ISIC_8033657,1
ISIC_8034030,1
ISIC_8034250,2
ISIC_8034587,4
ISIC_8034618,0
ISIC_8034738,2
ISIC_8034792,4
ISIC_8035537,0
ISIC_8035608,3
ISIC_8035790,2
ISIC_8036175,2
ISIC_8036363,3
ISIC_8036377,3
ISIC_8036544,0
ISIC_8036804,3
ISIC_8038181,0
ISIC_8038427,0
ISIC_8038979,0
ISIC_8039056,0
ISIC_8039519,1
ISIC_8040024,4
ISIC_8040100,4
ISIC_8040710,4
ISIC_8041078,2
ISIC_8041105,3
ISIC_8041550,0
ISIC_8041953,3
ISIC_8042423,4
ISIC_8042777,0
ISIC_8042787,3
ISIC_8043299,4
ISIC_8043607,3
ISIC_8043823,4
ISIC_8043887,3
ISIC_8043960,4
ISIC_8044518,0
ISIC_8044526,1
ISIC_8044983,1
ISIC_8045105,1
ISIC_8045277,4
ISIC_8045383,4
ISIC_8045618,3
ISIC_8047080,4
ISIC_8047129,1
ISIC_8047316,4
ISIC_8047390,3
ISIC_8047662,0
ISIC_8047872,4
ISIC_8048162,1
ISIC_8048181,0
ISIC_8048290,2
ISIC_8048668,3
ISIC_8049738,0
ISIC_8049827,1
ISIC_8049923,1
ISIC_8050538,0
ISIC_8050763,0
ISIC_8050904,4
ISIC_8051015,3
ISIC_8051579,2
ISIC_8051614,3
ISIC_8051628,1
ISIC_8051791,1
ISIC_8052559,1
ISIC_8052634,4
ISIC_8052769,1
ISIC_8052868,0
ISIC_8052877,2
ISIC_8052972,1
ISIC_8053432,3
ISIC_8053561,0
ISIC_8053586,3
ISIC_8053864,3
ISIC_8054028,1
ISIC_8054620,2
ISIC_8054626,2
ISIC_8054648,3
ISIC_8054710,2
ISIC_8054990,3
ISIC_8055207,2
ISIC_8055250,1
ISIC_8055337,1
ISIC_8055525,3
ISIC_8055992,1
ISIC_8056594,0
ISIC_8056974,3
ISIC_8057020,2
ISIC_8058717,2
ISIC_8058783,3
ISIC_8059246,2
ISIC_8059361,3
ISIC_8059590,2
ISIC_8060329,0
ISIC_8060333,1
ISIC_8060717,2
ISIC_8061791,3
ISIC_8062196,0
ISIC_8063055,4
ISIC_8063080,3
ISIC_8063506,2
ISIC_8064412,4
ISIC_8064759,1
ISIC_8064837,1
ISIC_8064866,4
ISIC_8065001,1
ISIC_8065339,4
ISIC_8065538,2
ISIC_8065633,2
ISIC_8065721,4
ISIC_8065962,3
ISIC_8066098,3
ISIC_8066110,1
ISIC_8066191,2
ISIC_8066391,1
ISIC_8066487,3
ISIC_8066660,3
ISIC_8066993,3
ISIC_8066994,0
ISIC_8067080,1
ISIC_8067119,3
ISIC_8067714,3
ISIC_8068155,2
ISIC_8068331,2
ISIC_8068516,3
ISIC_8068693,4
ISIC_8068826,2
ISIC_8068865,4
ISIC_8069110,2
ISIC_8069416,4
ISIC_8069528,0
ISIC_8070064,4
ISIC_8070070,3
ISIC_8070074,2
ISIC_8070555,3
ISIC_8070959,0
ISIC_8071131,1
ISIC_8071710,3
ISIC_8072117,1
ISIC_8072329,1
ISIC_8072819,0
ISIC_8073036,3
ISIC_8073310,2
ISIC_8073521,0
ISIC_8073553,2
ISIC_8073568,2
ISIC_8074281,3
ISIC_8075868,4
ISIC_8076451,3
ISIC_8076729,4
ISIC_8077342,1
ISIC_8077486,0
ISIC_8077943,4
ISIC_8078015,0
ISIC_8078202,0
ISIC_8078525,3
ISIC_8078589,3
ISIC_8079008,3
ISIC_8079752,3
ISIC_8080124,2
ISIC_8080385,2
ISIC_8080521,2
ISIC_8080577,3
ISIC_8081676,0
ISIC_8082012,1
ISIC_8082147,4
ISIC_8082301,0
ISIC_8082460,4
ISIC_8082466,2
ISIC_8082920,2
ISIC_8082988,0
ISIC_8083159,1
ISIC_8083174,3
ISIC_8084271,0
ISIC_8084443,3
ISIC_8085141,1
ISIC_8085467,3
ISIC_8085925,4
ISIC_8086499,2
ISIC_8086526,2
ISIC_8086562,0
ISIC_8086919,4
ISIC_8087219,3
ISIC_8087743,3
ISIC_8088939,1
ISIC_8089014,4
ISIC_8089289,3
ISIC_8089369,4
ISIC_8090236,1
ISIC_8090739,0
ISIC_8091098,3
ISIC_8092018,4
ISIC_8092503,4
ISIC_8092647,0
ISIC_8092805,0
ISIC_8092875,2
ISIC_8094432,1
ISIC_8094516,0
ISIC_8094833,4
ISIC_8095641,4
ISIC_8095869,3
ISIC_8095877,1
ISIC_8095882,4
ISIC_8095966,1
ISIC_8095981,3
ISIC_8096177,3
ISIC_8096536,4
ISIC_8096541,1
ISIC_8096904,3
ISIC_8096907,1
ISIC_8097600,3
ISIC_8097610,1
ISIC_8097808,4
ISIC_8098267,1
ISIC_8098274,2
ISIC_8098803,3
ISIC_8098872,4
ISIC_8099296,3
ISIC_8099354,1
ISIC_8099381,3
ISIC_8099453,0
ISIC_8100185,1
ISIC_8101117,2
ISIC_8101146,2
ISIC_8101493,3
ISIC_8101720,0
ISIC_8102580,3
ISIC_8102676,4
ISIC_8104064,0
ISIC_8105020,0
ISIC_8105053,4
ISIC_8105845,4
ISIC_8105853,2
ISIC_8106576,0
ISIC_8106591,1
ISIC_8106899,4
ISIC_8107131,1
ISIC_8107787,3
ISIC_8107990,0
ISIC_8108008,2
ISIC_8108046,4
ISIC_8108090,4
ISIC_8108340,2
ISIC_8108596,1
ISIC_8108720,1
ISIC_8108870,2
ISIC_8108963,4
ISIC_8109052,2
ISIC_8109217,0
ISIC_8109433,3
ISIC_8109460,3
ISIC_8109605,3
ISIC_8109950,4
ISIC_8111203,4
ISIC_8111958,1
ISIC_8112306,4
ISIC_8113025,0
ISIC_8113528,4
ISIC_8113573,0
ISIC_8113911,4
ISIC_8114263,3
ISIC_8114321,4
ISIC_8114502,2
ISIC_8115116,4
ISIC_8115832,2
ISIC_8116187,0
ISIC_8116363,4
ISIC_8116421,3
ISIC_8116581,0
ISIC_8116716,0
ISIC_8116729,0
ISIC_8117120,0
ISIC_8117379,0
ISIC_8117468,0
ISIC_8117653,4
ISIC_8118124,3
ISIC_8118312,4
ISIC_8118363,0
ISIC_8118367,4
ISIC_8118968,2
ISIC_8119091,1
ISIC_8119105,4
ISIC_8119115,4
ISIC_8119203,1
ISIC_8119644,2
ISIC_8119754,2
ISIC_8120264,0
ISIC_8120622,3
ISIC_8120732,3
ISIC_8120765,0
ISIC_8121679,2
ISIC_8122480,4
ISIC_8123257,1
ISIC_8123993,4
ISIC_8124257,0
ISIC_8124436,3
ISIC_8124459,4
ISIC_8124482,2
ISIC_8124900,0
ISIC_8125482,1
ISIC_8125621,1
ISIC_8125684,0
ISIC_8125801,0
ISIC_8126146,3
ISIC_8126172,3
ISIC_8127242,4
ISIC_8127275,3
ISIC_8127323,0
ISIC_8127394,1
ISIC_8127396,0
ISIC_8127578,2
ISIC_8127642,0
ISIC_8128257,3
ISIC_8128335,2
ISIC_8128848,0
ISIC_8128927,1
ISIC_8128982,1
ISIC_8129362,1
ISIC_8129405,4
ISIC_8129759,0
ISIC_8129907,2
ISIC_8130007,3
ISIC_8130596,3
ISIC_8130862,2
ISIC_8131464,2
ISIC_8132143,3
ISIC_8132196,3
ISIC_8132385,3
ISIC_8132447,1
ISIC_8132777,1
ISIC_8132874,2
ISIC_8133350,0
ISIC_8133871,2
ISIC_8134125,3
ISIC_8134515,1
ISIC_8135026,2
ISIC_8135041,1
ISIC_8135117,4
ISIC_8135400,4
ISIC_8135849,0
ISIC_8136014,4
ISIC_8136027,1
ISIC_8136675,4
ISIC_8136949,4
ISIC_8137345,1
ISIC_8137821,4
ISIC_8138302,2
ISIC_8139073,1
ISIC_8139762,3
ISIC_8139964,0
ISIC_8139992,3
ISIC_8140072,3
ISIC_8140229,3
ISIC_8140752,4
ISIC_8140978,3
ISIC_8141210,0
ISIC_8141348,2
ISIC_8142027,3
ISIC_8142203,4
ISIC_8142461,1
ISIC_8142469,2
ISIC_8142852,3
ISIC_8143197,2
ISIC_8143286,1
ISIC_8143299,2
ISIC_8143371,0
ISIC_8144271,3
ISIC_8144706,2
ISIC_8145187,2
ISIC_8145195,1
ISIC_8145260,4
ISIC_8145348,3
ISIC_8145879,2
ISIC_8146054,1
ISIC_8146467,3
ISIC_8146574,4
ISIC_8146629,1
ISIC_8146801,4
ISIC_8147189,1
ISIC_8147542,2
ISIC_8147623,2
ISIC_8147900,1
ISIC_8148300,3
ISIC_8148759,3
ISIC_8149864,2
ISIC_8150108,3
ISIC_8150300,4
ISIC_8150469,0
ISIC_8150821,0
ISIC_8150915,2
ISIC_8151437,1
ISIC_8151700,0
ISIC_8151772,0
ISIC_8151991,2
ISIC_8152273,2
ISIC_8152423,2
ISIC_8152481,2
ISIC_8152756,0
ISIC_8153032,0
ISIC_8153123,2
ISIC_8153195,4
ISIC_8153237,3
ISIC_8153400,4
ISIC_8153953,3
ISIC_8154358,1
ISIC_8154363,3
ISIC_8154864,4
ISIC_8155175,2
ISIC_8155634,2
ISIC_8155787,4
ISIC_8156101,2
ISIC_8156142,1
ISIC_8156675,3
ISIC_8157009,4
ISIC_8157303,2
ISIC_8157405,3
ISIC_8157624,0
ISIC_8157654,1
ISIC_8157843,1
ISIC_8157972,0
ISIC_8158081,0
ISIC_8158087,1
ISIC_8158285,0
ISIC_8158542,1
ISIC_8158785,4
ISIC_8158805,3
ISIC_8159437,0
ISIC_8159474,0
ISIC_8159536,4
ISIC_8159718,1
ISIC_8159779,1
ISIC_8160180,4
ISIC_8160576,3
ISIC_8160596,2
ISIC_8160979,2
ISIC_8161134,0
ISIC_8161874,1
ISIC_8161933,3
ISIC_8162092,3
ISIC_8162402,3
ISIC_8163269,4
ISIC_8163441,1
ISIC_8164416,4
ISIC_8164587,0
ISIC_8164676,0
ISIC_8165133,1
ISIC_8165293,2
ISIC_8165434,4
ISIC_8165906,2
ISIC_8166165,2
ISIC_8166690,4
ISIC_8166819,4
ISIC_8167062,3
ISIC_8167374,3
ISIC_8167414,1
ISIC_8168507,4
ISIC_8168598,2
ISIC_8168901,2
ISIC_8169065,0
ISIC_8169253,4
ISIC_8169511,1
ISIC_8169564,4
ISIC_8170115,1
ISIC_8170665,4
ISIC_8170849,2
ISIC_8170883,1
ISIC_8171932,1
ISIC_8172170,2
ISIC_8172411,3
ISIC_8172419,0
ISIC_8172525,3
ISIC_8172795,0
ISIC_8173405,1
ISIC_8173531,0
ISIC_8174136,3
ISIC_8174488,4
ISIC_8174647,0
ISIC_8174881,1
ISIC_8174925,4
ISIC_8174951,3
ISIC_8174968,3
ISIC_8174981,4
ISIC_8175136,0
ISIC_8175453,4
ISIC_8175483,1
ISIC_8175514,1
ISIC_8175524,3
ISIC_8175937,4
ISIC_8176449,2
ISIC_8177108,2
ISIC_8177391,4
ISIC_8178160,0
ISIC_8178689,0
ISIC_8178816,3
ISIC_8179199,2
ISIC_8179776,2
ISIC_8179839,2
ISIC_8180062,1
ISIC_8180188,0
ISIC_8180937,4
ISIC_8181142,2
ISIC_8181718,2
ISIC_8181833,3
ISIC_8182002,0
ISIC_8182123,1
ISIC_8182350,1
ISIC_8182518,2
ISIC_8182529,0
ISIC_8182668,4
ISIC_8182709,4
ISIC_8183419,3
ISIC_8184237,1
ISIC_8184471,3
ISIC_8184564,0
ISIC_8184766,1
ISIC_8185167,4
ISIC_8185610,3
ISIC_8186751,0
ISIC_8187413,4
ISIC_8187538,0
ISIC_8187997,2
ISIC_8188060,1
ISIC_8188175,1
ISIC_8188597,3
ISIC_8188797,1
ISIC_8188799,2
ISIC_8189028,0
ISIC_8189515,1
ISIC_8189863,1
ISIC_8190151,0
ISIC_8190308,4
ISIC_8190321,4
ISIC_8190603,4
ISIC_8190660,0
ISIC_8190708,3
ISIC_8191055,0
ISIC_8191639,4
ISIC_8191696,4
ISIC_8191809,2
ISIC_8191985,4
ISIC_8192311,0
ISIC_8192501,3
ISIC_8192635,4
ISIC_8193766,3
ISIC_8194272,4
ISIC_8194371,3
ISIC_8194465,4
ISIC_8194467,2
ISIC_8194809,2
ISIC_8194835,1
ISIC_8195031,1
ISIC_8195062,4
ISIC_8195332,2
ISIC_8195528,4
ISIC_8195604,0
ISIC_8195729,3
ISIC_8196660,1
ISIC_8196859,2
ISIC_8197240,3
ISIC_8197314,4
ISIC_8197677,2
ISIC_8197756,2
ISIC_8198182,0
ISIC_8198814,2
ISIC_8199247,4
ISIC_8199327,3
ISIC_8199467,3
ISIC_8199947,4
ISIC_8200027,0
ISIC_8200231,0
ISIC_8200571,4
ISIC_8200593,1
ISIC_8200928,3
ISIC_8201028,2
ISIC_8201227,4
ISIC_8201560,0
ISIC_8201757,1
ISIC_8202184,3
ISIC_8202573,4
ISIC_8202586,1
ISIC_8202626,1
ISIC_8203027,4
ISIC_8203033,0
ISIC_8203661,0
ISIC_8204142,1
ISIC_8204544,2
ISIC_8204804,4
ISIC_8205057,4
ISIC_8205614,4
ISIC_8205879,0
ISIC_8205908,3
ISIC_8206290,3
ISIC_8206325,4
ISIC_8206353,3
ISIC_8206400,4
ISIC_8206577,0
ISIC_8206667,4
ISIC_8207033,2
ISIC_8207162,3
ISIC_8207186,2
ISIC_8207792,4
ISIC_8207974,0
ISIC_8208168,3
ISIC_8208413,2
ISIC_8208786,0
ISIC_8208962,2
ISIC_8209221,3
ISIC_8209526,0
ISIC_8209553,0
ISIC_8209611,0
ISIC_8209860,1
ISIC_8210326,0
ISIC_8210624,2
ISIC_8211018,4
ISIC_8211214,3
ISIC_8211477,1
ISIC_8211756,2
ISIC_8211993,0
ISIC_8212536,1
ISIC_8212644,0
ISIC_8212696,0
ISIC_8212937,2
ISIC_8212986,4
ISIC_8213147,4
ISIC_8213912,3
ISIC_8214010,3
ISIC_8214071,2
ISIC_8214287,0
ISIC_8214363,1
ISIC_8214583,0
ISIC_8215710,3
ISIC_8215842,1
ISIC_8216135,4
ISIC_8217147,4
ISIC_8217328,1
ISIC_8218058,3
ISIC_8218609,2
ISIC_8219083,4
ISIC_8219096,2
ISIC_8219342,3
ISIC_8220700,1
ISIC_8222134,3
ISIC_8222181,1
ISIC_8222254,4
ISIC_8222610,1
ISIC_8222678,0
ISIC_8223051,3
ISIC_8223110,1
ISIC_8223322,0
ISIC_8223438,2
ISIC_8223466,4
ISIC_8224029,4
ISIC_8224270,0
ISIC_8224371,3
ISIC_8225018,2
ISIC_8225405,0
ISIC_8225551,0
ISIC_8225843,4
ISIC_8227366,3
ISIC_8227428,2
ISIC_8227913,4
ISIC_8228224,1
ISIC_8228433,0
ISIC_8228526,0
ISIC_8228595,0
ISIC_8228671,1
ISIC_8229270,4
ISIC_8229307,3
ISIC_8229770,2
ISIC_8229833,1
ISIC_8230318,3
ISIC_8230731,2
ISIC_8231594,4
ISIC_8231704,0
ISIC_8231949,1
ISIC_8231978,3
ISIC_8231999,3
ISIC_8232451,2
ISIC_8233072,0
ISIC_8233211,2
ISIC_8233378,3
ISIC_8233560,1
ISIC_8235663,4
ISIC_8235969,1
ISIC_8236112,3
ISIC_8236190,3
ISIC_8236300,1
ISIC_8236604,3
ISIC_8236660,1
ISIC_8236820,3
ISIC_8236943,1
ISIC_8236959,1
ISIC_8237137,2
ISIC_8237243,0
ISIC_8237358,0
ISIC_8238024,2
ISIC_8238439,4
ISIC_8238508,4
ISIC_8239034,1
ISIC_8239309,0
ISIC_8239857,3
ISIC_8240552,4
ISIC_8240867,3
ISIC_8241171,2
ISIC_8241421,0
ISIC_8241422,1
ISIC_8241457,3
ISIC_8241770,0
ISIC_8242039,0
ISIC_8242789,0
ISIC_8242918,3
ISIC_8243312,3
ISIC_8243832,2
ISIC_8243893,2
ISIC_8244001,1
ISIC_8244063,1
ISIC_8244699,4
ISIC_8244743,0
ISIC_8244932,2
ISIC_8245047,3
ISIC_8246244,4
ISIC_8246523,3
ISIC_8246858,3
ISIC_8246948,1
ISIC_8247088,1
ISIC_8247202,0
ISIC_8247499,2
ISIC_8247761,1
ISIC_8247802,0
ISIC_8247847,0
ISIC_8248092,3
ISIC_8248109,1
ISIC_8248207,0
ISIC_8248353,4
ISIC_8248696,1
ISIC_8248707,2
ISIC_8248922,4
ISIC_8248941,4
ISIC_8249095,3
ISIC_8249427,0
ISIC_8249565,0
ISIC_8249743,3
ISIC_8249766,2
ISIC_8249834,1
ISIC_8249854,1
ISIC_8250448,2
ISIC_8250654,2
ISIC_8250729,4
ISIC_8250872,3
ISIC_8251037,4
ISIC_8251042,3
ISIC_8251128,4
ISIC_8252165,0
ISIC_8252358,2
ISIC_8252406,2
ISIC_8252423,3
ISIC_8252558,1
ISIC_8252886,3
ISIC_8252969,4
ISIC_8253317,2
ISIC_8253326,0
ISIC_8253422,2
ISIC_8253972,3
ISIC_8255057,4
ISIC_8255176,4
ISIC_8255252,2
ISIC_8255680,2
ISIC_8255942,0
ISIC_8257549,2
ISIC_8257692,3
ISIC_8258795,1
ISIC_8258907,1
ISIC_8258942,3
ISIC_8258970,4
ISIC_8259527,3
ISIC_8260157,3
ISIC_8260280,3
ISIC_8260291,4
ISIC_8260720,1
ISIC_8260942,4
ISIC_8261780,2
ISIC_8261905,1
ISIC_8262345,2
ISIC_8262629,0
ISIC_8262759,2
ISIC_8263489,2
ISIC_8263741,4
ISIC_8264021,2
ISIC_8264436,1
ISIC_8264614,0
ISIC_8265045,1
ISIC_8265105,1
ISIC_8265669,0
ISIC_8266094,2
ISIC_8266469,1
ISIC_8267758,3
ISIC_8267961,3
ISIC_8268025,1
ISIC_8268030,0
ISIC_8268802,1
ISIC_8269660,3
ISIC_8270028,2
ISIC_8270072,2
ISIC_8270195,4
ISIC_8270254,0
ISIC_8270405,2
ISIC_8272013,0
ISIC_8272138,1
ISIC_8272585,0
ISIC_8272627,1
ISIC_8273033,3
ISIC_8273470,4
ISIC_8274374,2
ISIC_8274622,1
ISIC_8275108,2
ISIC_8275281,1
ISIC_8275353,3
ISIC_8276053,2
ISIC_8276321,4
ISIC_8276527,4
ISIC_8276574,4
ISIC_8276583,1
ISIC_8276826,2
ISIC_8276999,0
ISIC_8277301,2
ISIC_8277845,4
ISIC_8277867,4
ISIC_8277969,3
ISIC_8277987,3
ISIC_8278308,4
ISIC_8278517,4
ISIC_8278604,4
ISIC_8278688,3
ISIC_8278742,3
ISIC_8278912,2
ISIC_8278996,1
ISIC_8279476,4
ISIC_8279558,4
ISIC_8279603,1
ISIC_8280272,3
ISIC_8280581,0
ISIC_8280776,0
ISIC_8281208,0
ISIC_8281877,3
ISIC_8282404,1
ISIC_8282952,0
ISIC_8282954,3
ISIC_8283033,4
ISIC_8283435,1
ISIC_8283542,1
ISIC_8284051,4
ISIC_8284364,4
ISIC_8284404,1
ISIC_8284602,1
ISIC_8284685,0
ISIC_8284736,0
ISIC_8285008,3
ISIC_8285124,0
ISIC_8285182,2
ISIC_8285361,1
ISIC_8285776,1
ISIC_8286163,0
ISIC_8286308,0
ISIC_8286548,2
ISIC_8286565,2
ISIC_8286826,0
ISIC_8286893,2
ISIC_8287528,1
ISIC_8287726,0
ISIC_8288349,3
ISIC_8288656,2
ISIC_8289245,1
ISIC_8289303,0
ISIC_8289318,3
ISIC_8289518,3
ISIC_8289681,2
ISIC_8290994,0
ISIC_8291021,2
ISIC_8291368,2
ISIC_8292095,2
ISIC_8292122,1
ISIC_8292179,0
ISIC_8292279,3
ISIC_8292326,0
ISIC_8292364,2
ISIC_8292422,4
ISIC_8292525,0
ISIC_8292532,2
ISIC_8293201,4
ISIC_8293834,3
ISIC_8293930,2
ISIC_8294905,3
ISIC_8295152,3
ISIC_8295306,4
ISIC_8295663,0
ISIC_8295834,4
ISIC_8296246,1
ISIC_8296302,4
ISIC_8296773,1
ISIC_8296881,2
ISIC_8296966,2
ISIC_8297075,0
ISIC_8297517,0
ISIC_8297563,3
ISIC_8297663,0
ISIC_8298244,0
ISIC_8298434,2
ISIC_8298466,2
ISIC_8299428,2
ISIC_8299533,2
ISIC_8299591,2
ISIC_8299820,2
ISIC_8300078,4
ISIC_8300152,0
ISIC_8300326,4
ISIC_8300343,3
ISIC_8300377,1
ISIC_8300858,3
ISIC_8300954,2
ISIC_8300957,0
ISIC_8301016,1
ISIC_8301044,0
ISIC_8301536,4
ISIC_8302321,0
ISIC_8302739,3
ISIC_8302945,3
ISIC_8303379,4
ISIC_8303710,2
ISIC_8304346,0
ISIC_8304448,4
ISIC_8304618,3
ISIC_8304632,4
ISIC_8304923,2
ISIC_8305573,0
ISIC_8305581,3
ISIC_8306697,3
ISIC_8306983,4
ISIC_8307332,0
ISIC_8307569,1
ISIC_8307974,3
ISIC_8309300,2
ISIC_8310501,1
ISIC_8310572,4
ISIC_8310944,1
ISIC_8311165,3
ISIC_8311363,0
ISIC_8311629,3
ISIC_8311923,1
ISIC_8312576,4
ISIC_8313202,0
ISIC_8313402,2
ISIC_8314055,2
ISIC_8314081,4
ISIC_8314115,1
ISIC_8314148,1
ISIC_8314353,3
ISIC_8314360,0
ISIC_8314368,4
ISIC_8314430,1
ISIC_8314759,3
ISIC_8315128,1
ISIC_8315838,3
ISIC_8315906,0
ISIC_8316125,4
ISIC_8316216,3
ISIC_8316416,1
ISIC_8316707,4
ISIC_8316885,3
ISIC_8317513,3
ISIC_8317558,1
ISIC_8318077,3
ISIC_8318262,0
ISIC_8318336,1
ISIC_8319058,3
ISIC_8319512,2
ISIC_8319586,4
ISIC_8319711,2
ISIC_8319768,3
ISIC_8320443,0
ISIC_8320640,4
ISIC_8321148,1
ISIC_8321316,3
ISIC_8321678,0
ISIC_8321722,3
ISIC_8322005,4
ISIC_8322239,4
ISIC_8322372,3
ISIC_8323234,0
ISIC_8323829,1
ISIC_8323997,1
ISIC_8324205,1
ISIC_8324271,4
ISIC_8324364,3
ISIC_8324371,1
ISIC_8324533,3
ISIC_8324603,2
ISIC_8324681,2
ISIC_8324719,0
ISIC_8324787,1
ISIC_8324870,3
ISIC_8324895,3
ISIC_8325107,0
ISIC_8325198,4
ISIC_8325226,2
ISIC_8325260,3
ISIC_8325569,2
ISIC_8325872,1
ISIC_8326957,1
ISIC_8327302,3
ISIC_8327352,0
ISIC_8327455,1
ISIC_8327485,3
ISIC_8327842,3
ISIC_8327884,1
ISIC_8328263,3
ISIC_8329040,0
ISIC_8329292,1
ISIC_8329627,0
ISIC_8329709,1
ISIC_8330796,1
ISIC_8330805,0
ISIC_8330906,1
ISIC_8331313,3
ISIC_8331438,3
ISIC_8332109,3
ISIC_8332339,4
ISIC_8332695,4
ISIC_8333087,4
ISIC_8333592,0
ISIC_8333875,4
ISIC_8334115,3
ISIC_8334249,4
ISIC_8334299,4
ISIC_8334968,4
ISIC_8335261,3
ISIC_8335398,0
ISIC_8335489,0
ISIC_8335722,1
ISIC_8336223,2
ISIC_8336606,0
ISIC_8336956,3
ISIC_8337368,0
ISIC_8337767,0
ISIC_8337820,0
ISIC_8337916,4
ISIC_8338138,2
ISIC_8338141,3
ISIC_8338755,2
ISIC_8338775,4
ISIC_8338980,0
ISIC_8338984,2
ISIC_8339129,2
ISIC_8339176,3
ISIC_8339320,3
ISIC_8339665,4
ISIC_8340256,4
ISIC_8340303,3
ISIC_8340426,1
ISIC_8340512,0
ISIC_8340895,1
ISIC_8341144,3
ISIC_8341461,4
ISIC_8341947,0
ISIC_8342541,4
ISIC_8342761,0
ISIC_8343264,2
ISIC_8343285,3
ISIC_8343418,4
ISIC_8343638,1
ISIC_8343676,4
ISIC_8343678,2
ISIC_8344124,2
ISIC_8344196,0
ISIC_8344758,2
ISIC_8344948,0
ISIC_8345565,0
ISIC_8345964,1
ISIC_8346238,4
ISIC_8347165,1
ISIC_8347518,4
ISIC_8347607,1
ISIC_8347675,3
ISIC_8347739,2
ISIC_8347742,3
ISIC_8348001,0
ISIC_8348066,1
ISIC_8348317,1
ISIC_8348457,2
ISIC_8348490,4
ISIC_8348712,1
ISIC_8348875,2
ISIC_8349600,1
ISIC_8349746,0
ISIC_8350483,1
ISIC_8350973,4
ISIC_8351252,2
ISIC_8351780,0
ISIC_8351799,3
ISIC_8352232,1
ISIC_8352392,2
ISIC_8352418,4
ISIC_8353090,4
ISIC_8353156,2
ISIC_8354042,0
ISIC_8354138,3
ISIC_8354409,1
ISIC_8354723,1
ISIC_8355344,2
ISIC_8355446,4
ISIC_8355490,4
ISIC_8356384,2
ISIC_8356468,0
ISIC_8356528,2
ISIC_8356618,4
ISIC_8356805,0
ISIC_8356904,2
ISIC_8357114,1
ISIC_8357133,0
ISIC_8357164,4
ISIC_8357384,1
ISIC_8357415,3
ISIC_8357420,1
ISIC_8357442,3
ISIC_8357679,0
ISIC_8358020,0
ISIC_8359242,0
ISIC_8359258,1
ISIC_8360023,2
ISIC_8361302,3
ISIC_8361472,2
ISIC_8361956,1
ISIC_8362043,2
ISIC_8362113,1
ISIC_8362154,1
ISIC_8362460,3
ISIC_8362891,2
ISIC_8363069,3
ISIC_8363485,4
ISIC_8363791,1
ISIC_8365858,3
ISIC_8366005,3
ISIC_8366327,2
ISIC_8366553,0
ISIC_8366570,3
ISIC_8366864,4
ISIC_8367005,0
ISIC_8367377,3
ISIC_8368264,2
ISIC_8368747,4
ISIC_8368870,2
ISIC_8368872,4
ISIC_8369388,3
ISIC_8369457,1
ISIC_8369671,4
ISIC_8370131,2
ISIC_8370239,2
ISIC_8370471,1
ISIC_8370610,4
ISIC_8370773,3
ISIC_8372381,3
ISIC_8373132,1
ISIC_8373218,0
ISIC_8373462,4
ISIC_8374044,3
ISIC_8374497,1
ISIC_8374516,3
ISIC_8374701,0
ISIC_8374895,4
ISIC_8375021,0
ISIC_8375123,1
ISIC_8375331,1
ISIC_8375699,3
ISIC_8375933,4
ISIC_8375982,0
ISIC_8376027,2
ISIC_8376212,3
ISIC_8376677,3
ISIC_8377218,0
ISIC_8377233,4
ISIC_8377802,2
ISIC_8377931,2
ISIC_8378029,3
ISIC_8378094,4
ISIC_8378321,0
ISIC_8378376,0
ISIC_8378634,0
ISIC_8378790,4
ISIC_8379020,0
ISIC_8379395,1
ISIC_8379578,2
ISIC_8379890,2
ISIC_8379956,3
ISIC_8380039,4
ISIC_8380387,2
ISIC_8380421,3
ISIC_8380527,3
ISIC_8380605,1
ISIC_8380676,0
ISIC_8380874,1
ISIC_8380904,4
ISIC_8381313,4
ISIC_8381531,0
ISIC_8381608,2
ISIC_8381631,4
ISIC_8381673,1
ISIC_8382969,0
ISIC_8383600,4
ISIC_8383631,4
ISIC_8383915,2
ISIC_8383934,4
ISIC_8384082,4
ISIC_8384985,4
ISIC_8386146,0
ISIC_8386175,2
ISIC_8386532,4
ISIC_8386762,3
ISIC_8386990,1
ISIC_8387437,4
ISIC_8387944,1
ISIC_8387959,0
ISIC_8388593,3
ISIC_8388810,0
ISIC_8389361,4
ISIC_8389650,0
ISIC_8389839,3
ISIC_8390111,0
ISIC_8390629,0
ISIC_8390671,0
ISIC_8391394,3
ISIC_8391622,4
ISIC_8392065,4
ISIC_8392088,2
ISIC_8392761,0
ISIC_8393181,3
ISIC_8393310,3
ISIC_8394030,2
ISIC_8394715,3
ISIC_8394937,2
ISIC_8395493,1
ISIC_8395542,0
ISIC_8395701,0
ISIC_8395902,2
ISIC_8396474,1
ISIC_8397011,3
ISIC_8397077,0
ISIC_8397088,4
ISIC_8397097,0
ISIC_8397275,1
ISIC_8397278,4
ISIC_8397285,3
ISIC_8397698,2
ISIC_8397746,3
ISIC_8398000,4
ISIC_8399651,1
ISIC_8400393,3
ISIC_8400507,0
ISIC_8401104,3
ISIC_8401332,4
ISIC_8401949,2
ISIC_8402962,4
ISIC_8403824,0
ISIC_8404358,4
ISIC_8404470,3
ISIC_8404591,1
ISIC_8404950,3
ISIC_8405555,2
ISIC_8405944,3
ISIC_8406262,2
ISIC_8406465,4
ISIC_8406777,3
ISIC_8407218,1
ISIC_8407262,3
ISIC_8407448,3
ISIC_8407665,1
ISIC_8408622,0
ISIC_8409024,1
ISIC_8409053,3
ISIC_8409262,0
ISIC_8409323,3
ISIC_8409421,1
ISIC_8409442,2
ISIC_8409475,4
ISIC_8409850,0
ISIC_8409977,3
ISIC_8410793,1
ISIC_8411477,2
ISIC_8412096,0
ISIC_8412401,1
ISIC_8412514,4
ISIC_8413496,4
ISIC_8413505,1
ISIC_8413593,2
ISIC_8413760,4
ISIC_8414396,2
ISIC_8414421,2
ISIC_8414559,0
ISIC_8414609,0
ISIC_8414635,3
ISIC_8414673,0
ISIC_8415892,0
ISIC_8416055,1
ISIC_8416537,0
ISIC_8416554,0
ISIC_8416704,2
ISIC_8416940,0
ISIC_8417655,1
ISIC_8417739,0
ISIC_8417873,2
ISIC_8418303,4
ISIC_8418506,4
ISIC_8418610,1
ISIC_8419036,2
ISIC_8419411,4
ISIC_8419663,0
ISIC_8420148,3
ISIC_8420927,0
ISIC_8421033,2
ISIC_8421394,3
ISIC_8422132,3
ISIC_8422213,2
ISIC_8422703,4
ISIC_8423082,2
ISIC_8423248,3
ISIC_8423291,0
ISIC_8423312,3
ISIC_8423326,2
ISIC_8423400,2
ISIC_8423604,3
ISIC_8424190,0
ISIC_8424467,0
ISIC_8424599,2
ISIC_8424785,4
ISIC_8425338,2
ISIC_8425541,3
ISIC_8425893,4
ISIC_8426130,4
ISIC_8426553,2
ISIC_8426638,2
ISIC_8427488,0
ISIC_8428038,2
ISIC_8428097,3
ISIC_8428562,2
ISIC_8428761,0
ISIC_8428997,3
ISIC_8429099,1
ISIC_8429564,3
ISIC_8429669,4
ISIC_8429722,1
ISIC_8429798,1
ISIC_8429889,2
ISIC_8429917,1
ISIC_8430002,0
ISIC_8430053,4
ISIC_8430165,2
ISIC_8430286,1
ISIC_8430465,3
ISIC_8430687,1
ISIC_8430704,1
ISIC_8430749,3
ISIC_8430821,4
ISIC_8431648,3
ISIC_8431668,1
ISIC_8431681,2
ISIC_8431949,2
ISIC_8432001,0
ISIC_8432254,3
ISIC_8432621,0
ISIC_8432955,3
ISIC_8433108,0
ISIC_8433548,3
ISIC_8433608,0
ISIC_8434081,4
ISIC_8435105,3
ISIC_8435125,2
ISIC_8435651,3
ISIC_8435736,0
ISIC_8436269,2
ISIC_8436492,3
ISIC_8436590,4
ISIC_8436664,2
ISIC_8436666,4
ISIC_8437480,4
ISIC_8437493,3
ISIC_8438071,4
ISIC_8438767,3
ISIC_8438802,1
ISIC_8438811,1
ISIC_8439307,3
ISIC_8439760,0
ISIC_8439858,1
ISIC_8439888,2
ISIC_8440070,2
ISIC_8440615,0
ISIC_8441293,4
ISIC_8441905,3
ISIC_8442043,2
ISIC_8442828,4
ISIC_8442933,0
ISIC_8443326,1
ISIC_8443984,0
ISIC_8444072,4
ISIC_8444619,2
ISIC_8444720,4
ISIC_8444919,4
ISIC_8444975,0
ISIC_8445041,1
ISIC_8445109,1
ISIC_8445238,2
ISIC_8446043,4
ISIC_8446269,1
ISIC_8446301,2
ISIC_8446988,0
ISIC_8447174,2
ISIC_8447315,3
ISIC_8447658,3
ISIC_8447662,2
ISIC_8448082,2
ISIC_8448271,2
ISIC_8448295,2
ISIC_8448360,3
ISIC_8448473,3
ISIC_8449514,2
ISIC_8449660,1
ISIC_8450656,0
ISIC_8450723,2
ISIC_8450947,2
ISIC_8451130,3
ISIC_8451168,2
ISIC_8451301,2
ISIC_8451869,0
ISIC_8452205,2
ISIC_8452718,1
ISIC_8453592,2
ISIC_8453922,0
ISIC_8454214,4
ISIC_8454600,4
ISIC_8454818,2
ISIC_8454933,3
ISIC_8455491,1
ISIC_8455810,4
ISIC_8455853,2
ISIC_8455866,1
ISIC_8455915,0
ISIC_8456171,3
ISIC_8456275,2
ISIC_8456989,1
ISIC_8457084,1
ISIC_8457387,2
ISIC_8458149,0
ISIC_8458440,1
ISIC_8458669,1
ISIC_8458843,3
ISIC_8459354,2
ISIC_8459547,1
ISIC_8459825,2
ISIC_8459932,1
ISIC_8460033,3
ISIC_8460093,4
ISIC_8460226,3
ISIC_8460669,1
ISIC_8461708,4
ISIC_8462070,2
ISIC_8462364,4
ISIC_8462445,1
ISIC_8463089,1
ISIC_8463131,3
ISIC_8463146,0
ISIC_8463871,1
ISIC_8464031,3
ISIC_8464528,3
ISIC_8465078,0
ISIC_8465152,1
ISIC_8465531,2
ISIC_8466025,1
ISIC_8466131,4
ISIC_8466737,2
ISIC_8466745,1
ISIC_8466805,1
ISIC_8467665,3
ISIC_8467834,2
ISIC_8467955,0
ISIC_8468037,2
ISIC_8468512,0
ISIC_8468778,2
ISIC_8468957,4
ISIC_8469062,1
ISIC_8469351,1
ISIC_8469355,0
ISIC_8469584,4
ISIC_8469765,1
ISIC_8469807,3
ISIC_8470235,3
ISIC_8470398,2
ISIC_8471137,1
ISIC_8472246,0
ISIC_8472364,4
ISIC_8472396,3
ISIC_8472701,3
ISIC_8473985,1
ISIC_8474432,2
ISIC_8474660,4
ISIC_8475025,0
ISIC_8475324,3
ISIC_8475462,1
ISIC_8475681,4
ISIC_8475734,4
ISIC_8476586,1
ISIC_8477065,3
ISIC_8477319,0
ISIC_8478591,2
ISIC_8478787,4
ISIC_8479104,2
ISIC_8479217,1
ISIC_8479278,3
ISIC_8479651,2
ISIC_8479844,1
ISIC_8479913,0
ISIC_8480063,3
ISIC_8480329,1
ISIC_8480641,1
ISIC_8480913,3
ISIC_8481601,0
ISIC_8481822,4
ISIC_8481979,2
ISIC_8482341,3
ISIC_8483008,3
ISIC_8483288,2
ISIC_8483382,3
ISIC_8483458,4
ISIC_8483490,3
ISIC_8483799,4
ISIC_8484660,1
ISIC_8484867,2
ISIC_8485142,1
ISIC_8485199,3
ISIC_8485716,2
ISIC_8485822,4
ISIC_8486138,4
ISIC_8486206,2
ISIC_8487328,1
ISIC_8487789,2
ISIC_8487959,0
ISIC_8488057,1
ISIC_8488204,4
ISIC_8488336,0
ISIC_8489863,2
ISIC_8490373,2
ISIC_8490701,4
ISIC_8490884,3
ISIC_8491192,3
ISIC_8491294,4
ISIC_8492070,4
ISIC_8492249,2
ISIC_8492388,0
ISIC_8492463,2
ISIC_8492638,0
ISIC_8492731,3
ISIC_8492829,0
ISIC_8492957,4
ISIC_8493108,4
ISIC_8493313,0
ISIC_8493401,2
ISIC_8494027,1
ISIC_8494551,4
ISIC_8495028,3
ISIC_8495039,1
ISIC_8495497,0
ISIC_8495718,0
ISIC_8495875,2
ISIC_8496052,1
ISIC_8496078,3
ISIC_8496245,0
ISIC_8496646,4
ISIC_8497002,4
ISIC_8497457,0
ISIC_8497902,1
ISIC_8498414,2
ISIC_8498454,0
ISIC_8498777,1
ISIC_8499414,4
ISIC_8499751,2
ISIC_8500006,2
ISIC_8500876,4
ISIC_8501248,0
ISIC_8501844,3
ISIC_8502163,2
ISIC_8502248,0
ISIC_8502341,0
ISIC_8502406,0
ISIC_8502869,1
ISIC_8503192,3
ISIC_8503303,1
ISIC_8503849,4
ISIC_8503961,2
ISIC_8504450,3
ISIC_8504479,2
ISIC_8504517,3
ISIC_8504555,1
ISIC_8504808,1
ISIC_8504984,0
ISIC_8505098,2
ISIC_8505182,4
ISIC_8505243,2
ISIC_8505272,0
ISIC_8505378,4
ISIC_8505412,1
ISIC_8506003,4
ISIC_8506618,0
ISIC_8506622,1
ISIC_8506652,2
ISIC_8507102,2
ISIC_8507519,2
ISIC_8507809,2
ISIC_8508113,0
ISIC_8508985,1
ISIC_8509430,4
ISIC_8509562,3
ISIC_8509577,2
ISIC_8510644,3
ISIC_8510741,1
ISIC_8510929,4
ISIC_8510945,4
ISIC_8510975,4
ISIC_8511487,1
ISIC_8511557,4
ISIC_8512716,4
ISIC_8513112,1
ISIC_8513649,2
ISIC_8514170,3
ISIC_8514989,2
ISIC_8515165,4
ISIC_8515281,0
ISIC_8515582,1
ISIC_8515674,2
ISIC_8516181,0
ISIC_8516223,2
ISIC_8516516,1
ISIC_8516631,3
ISIC_8516659,2
ISIC_8516922,4
ISIC_8517305,1
ISIC_8517492,2
ISIC_8518406,4
ISIC_8519222,0
ISIC_8519402,0
ISIC_8519725,0
ISIC_8519890,2
ISIC_8519931,1
ISIC_8520545,4
ISIC_8521162,3
ISIC_8521337,4
ISIC_8521610,0
ISIC_8521849,4
ISIC_8521856,0
ISIC_8521950,1
ISIC_8523143,1
ISIC_8523262,4
ISIC_8523423,4
ISIC_8523488,0
ISIC_8523496,4
ISIC_8523509,1
ISIC_8523777,2
ISIC_8523824,2
ISIC_8524137,3
ISIC_8524333,1
ISIC_8524457,1
ISIC_8525314,1
ISIC_8525786,4
ISIC_8525845,4
ISIC_8526408,2
ISIC_8526513,3
ISIC_8526729,3
ISIC_8526902,0
ISIC_8526982,2
ISIC_8527092,3
ISIC_8527330,3
ISIC_8527607,2
ISIC_8527737,3
ISIC_8528486,3
ISIC_8528497,2
ISIC_8528824,3
ISIC_8529767,3
ISIC_8530010,4
ISIC_8530596,3
ISIC_8531381,2
ISIC_8531497,0
ISIC_8531541,3
ISIC_8531942,1
ISIC_8531962,1
ISIC_8532425,1
ISIC_8532697,1
ISIC_8533045,4
ISIC_8533089,4
ISIC_8534607,1
ISIC_8534723,2
ISIC_8534863,4
ISIC_8535134,4
ISIC_8535451,0
ISIC_8535709,0
ISIC_8535844,0
ISIC_8535943,1
ISIC_8536138,4
ISIC_8536167,0
ISIC_8536563,2
ISIC_8536913,0
ISIC_8537867,4
ISIC_8538758,3
ISIC_8539883,2
ISIC_8539990,1
ISIC_8540111,2
ISIC_8540360,0
ISIC_8540395,3
ISIC_8540723,4
ISIC_8541038,3
ISIC_8541165,3
ISIC_8541355,4
ISIC_8541533,4
ISIC_8542407,4
ISIC_8542665,3
ISIC_8543040,4
ISIC_8543199,0
ISIC_8543283,1
ISIC_8544021,0
ISIC_8544119,4
ISIC_8544236,4
ISIC_8544496,1
ISIC_8545097,0
ISIC_8545141,2
ISIC_8545182,0
ISIC_8545201,4
ISIC_8545949,3
ISIC_8546049,4
ISIC_8546213,1
ISIC_8546323,4
ISIC_8546378,0
ISIC_8546599,2
ISIC_8547536,3
ISIC_8547714,4
ISIC_8548394,4
ISIC_8549063,3
ISIC_8549193,3
ISIC_8549526,1
ISIC_8549696,4
ISIC_8549988,1
ISIC_8550170,0
ISIC_8550301,2
ISIC_8551124,2
ISIC_8551262,3
ISIC_8551284,4
ISIC_8551617,4
ISIC_8551624,2
ISIC_8552300,4
ISIC_8552365,4
ISIC_8552463,3
ISIC_8553729,2
ISIC_8554450,1
ISIC_8554535,2
ISIC_8555379,3
ISIC_8555527,4
ISIC_8555610,3
ISIC_8555960,1
ISIC_8556150,2
ISIC_8556387,0
ISIC_8556489,2
ISIC_8556519,4
ISIC_8556582,1
ISIC_8556629,2
ISIC_8556734,4
ISIC_8556998,3
ISIC_8557006,0
ISIC_8557624,4
ISIC_8558194,2
ISIC_8559171,4
ISIC_8559515,2
ISIC_8559778,4
ISIC_8560031,0
ISIC_8560381,0
ISIC_8560796,4
ISIC_8561070,3
ISIC_8561864,0
ISIC_8561963,1
ISIC_8562161,1
ISIC_8562717,0
ISIC_8562820,0
ISIC_8562869,0
ISIC_8563132,3
ISIC_8563737,0
ISIC_8563961,0
ISIC_8564474,2
ISIC_8564527,0
ISIC_8564550,3
ISIC_8564636,1
ISIC_8565325,2
ISIC_8565387,4
ISIC_8565792,1
ISIC_8566006,3
ISIC_8566184,2
ISIC_8566203,1
ISIC_8567027,4
ISIC_8567199,1
ISIC_8567442,1
ISIC_8568520,4
ISIC_8568772,4
ISIC_8569148,4
ISIC_8569205,4
ISIC_8569666,3
ISIC_8570402,3
ISIC_8570555,0
ISIC_8570665,3
ISIC_8570817,1
ISIC_8570917,3
ISIC_8571029,3
ISIC_8571168,1
ISIC_8571262,1
ISIC_8572174,1
ISIC_8572337,4
ISIC_8572722,0
ISIC_8572893,3
ISIC_8573647,2
ISIC_8573837,0
ISIC_8574064,3
ISIC_8574269,0
ISIC_8574363,0
ISIC_8574407,1
ISIC_8574819,1
ISIC_8575099,3
ISIC_8575148,1
ISIC_8575507,0
ISIC_8575769,1
ISIC_8575776,1
ISIC_8576068,1
ISIC_8576785,3
ISIC_8577010,0
ISIC_8577200,1
ISIC_8577332,3
ISIC_8577523,1
ISIC_8577581,3
ISIC_8577966,0
ISIC_8577970,2
ISIC_8578525,0
ISIC_8578732,1
ISIC_8579259,0
ISIC_8579452,3
ISIC_8579466,2
ISIC_8579575,1
ISIC_8580217,0
ISIC_8580423,4
ISIC_8580692,0
ISIC_8580834,4
ISIC_8582918,0
ISIC_8583462,2
ISIC_8584089,2
ISIC_8584224,2
ISIC_8584239,2
ISIC_8584531,3
ISIC_8584537,3
ISIC_8584585,2
ISIC_8584628,4
ISIC_8584748,1
ISIC_8584793,0
ISIC_8585374,3
ISIC_8585685,0
ISIC_8585810,0
ISIC_8586555,2
ISIC_8586687,3
ISIC_8586909,3
ISIC_8587396,4
ISIC_8587542,4
ISIC_8587556,2
ISIC_8587822,1
ISIC_8588033,0
ISIC_8588488,2
ISIC_8588784,2
ISIC_8588957,3
ISIC_8589165,3
ISIC_8589914,3
ISIC_8589961,0
ISIC_8590181,0
ISIC_8590883,1
ISIC_8591003,1
ISIC_8591013,4
ISIC_8591040,3
ISIC_8591123,0
ISIC_8591425,0
ISIC_8591681,0
ISIC_8591692,3
ISIC_8592195,2
ISIC_8592235,4
ISIC_8592360,4
ISIC_8592574,2
ISIC_8592794,1
ISIC_8592827,2
ISIC_8593029,1
ISIC_8593130,2
ISIC_8593493,1
ISIC_8593525,4
ISIC_8593734,4
ISIC_8593825,3
ISIC_8594757,2
ISIC_8595062,4
ISIC_8595133,3
ISIC_8595693,4
ISIC_8595896,0
ISIC_8596474,2
ISIC_8596724,3
ISIC_8596752,1
ISIC_8596980,3
ISIC_8597073,1
ISIC_8597158,0
ISIC_8597354,0
ISIC_8598120,3
ISIC_8598253,0
ISIC_8598545,1
ISIC_8598593,3
ISIC_8599152,4
ISIC_8599384,3
ISIC_8600358,4
ISIC_8600650,3
ISIC_8600809,3
ISIC_8600834,4
ISIC_8601064,2
ISIC_8601951,2
ISIC_8602467,2
ISIC_8603054,0
ISIC_8603087,1
ISIC_8603124,3
ISIC_8603396,3
ISIC_8603493,1
ISIC_8603567,0
ISIC_8603734,1
ISIC_8604565,2
ISIC_8604922,2
ISIC_8605191,3
ISIC_8605422,0
ISIC_8605941,3
ISIC_8606094,0
ISIC_8606969,2
ISIC_8607090,3
ISIC_8607298,1
ISIC_8607372,3
ISIC_8608062,0
ISIC_8608270,2
ISIC_8608794,4
ISIC_8608894,4
ISIC_8609722,3
ISIC_8609756,1
ISIC_8609917,0
ISIC_8610377,3
ISIC_8610534,2
ISIC_8611499,1
ISIC_8611845,0
ISIC_8612113,3
ISIC_8612422,3
ISIC_8612828,1
ISIC_8612888,2
ISIC_8613613,1
ISIC_8613657,4
ISIC_8614359,4
ISIC_8614712,2
ISIC_8614778,0
ISIC_8614812,4
ISIC_8615081,3
ISIC_8615491,3
ISIC_8616723,4
ISIC_8617084,0
ISIC_8617145,2
ISIC_8617277,4
ISIC_8617532,2
ISIC_8618156,3
ISIC_8618260,2
ISIC_8618266,1
ISIC_8618470,1
ISIC_8618835,3
ISIC_8619693,3
ISIC_8620064,1
ISIC_8620514,0
ISIC_8621002,0
ISIC_8621568,0
ISIC_8621723,0
ISIC_8621810,0
ISIC_8622070,2
ISIC_8622204,2
ISIC_8622365,4
ISIC_8622941,1
ISIC_8623233,2
ISIC_8623287,1
ISIC_8623291,4
ISIC_8623419,2
ISIC_8623743,2
ISIC_8624063,2
ISIC_8624123,2
ISIC_8624186,0
ISIC_8624230,1
ISIC_8624783,3
ISIC_8626005,0
ISIC_8626042,3
ISIC_8626627,4
ISIC_8626787,0
ISIC_8626909,4
ISIC_8626941,0
ISIC_8626997,3
ISIC_8627293,0
ISIC_8628166,1
ISIC_8628207,0
ISIC_8628639,0
ISIC_8628723,2
ISIC_8628846,2
ISIC_8629084,1
ISIC_8629308,4
ISIC_8629489,4
ISIC_8629635,0
ISIC_8629649,3
ISIC_8629932,3
ISIC_8629973,3
ISIC_8630008,3
ISIC_8630053,3
ISIC_8630300,4
ISIC_8630818,3
ISIC_8630963,0
ISIC_8631304,3
ISIC_8631846,1
ISIC_8632147,4
ISIC_8632184,2
ISIC_8632387,0
ISIC_8632610,0
ISIC_8632694,1
ISIC_8632929,3
ISIC_8633132,3
ISIC_8633166,0
ISIC_8633512,4
ISIC_8633719,0
ISIC_8633889,4
ISIC_8633894,3
ISIC_8634022,3
ISIC_8634334,2
ISIC_8634356,4
ISIC_8634670,4
ISIC_8634832,4
ISIC_8635020,4
ISIC_8635849,4
ISIC_8635853,3
ISIC_8635889,2
ISIC_8635903,4
ISIC_8636548,4
ISIC_8636598,3
ISIC_8636695,0
ISIC_8636706,1
ISIC_8636868,4
ISIC_8637134,1
ISIC_8637235,0
ISIC_8637407,2
ISIC_8638021,4
ISIC_8638173,0
ISIC_8639128,3
ISIC_8639448,3
ISIC_8639491,3
ISIC_8639771,1
ISIC_8641048,2
ISIC_8641628,0
ISIC_8642670,1
ISIC_8642938,3
ISIC_8643364,3
ISIC_8643675,2
ISIC_8644092,3
ISIC_8645104,0
ISIC_8645633,2
ISIC_8646115,3
ISIC_8646276,3
ISIC_8647135,2
ISIC_8647334,3
ISIC_8647900,0
ISIC_8648090,4
ISIC_8648359,2
ISIC_8648734,0
ISIC_8649055,0
ISIC_8649251,4
ISIC_8649964,1
ISIC_8650269,4
ISIC_8650478,0
ISIC_8650516,1
ISIC_8651053,4
ISIC_8651078,1
ISIC_8651476,2
ISIC_8651541,4
ISIC_8651765,4
ISIC_8651863,1
ISIC_8652341,1
ISIC_8652599,4
ISIC_8652894,4
ISIC_8653009,2
ISIC_8653749,4
ISIC_8653813,3
ISIC_8653964,2
ISIC_8654113,4
ISIC_8654312,1
ISIC_8654660,1
ISIC_8655206,3
ISIC_8655308,2
ISIC_8655438,0
ISIC_8655487,4
ISIC_8655912,2
ISIC_8656006,3
ISIC_8656015,0
ISIC_8656760,0
ISIC_8657028,1
ISIC_8657064,0
ISIC_8657079,1
ISIC_8657132,3
ISIC_8657243,1
ISIC_8657381,0
ISIC_8657895,4
ISIC_8658037,2
ISIC_8658618,3
ISIC_8658889,3
ISIC_8659007,2
ISIC_8659065,3
ISIC_8659272,2
ISIC_8659425,4
ISIC_8659461,4
ISIC_8659618,0
ISIC_8659639,0
ISIC_8659694,0
ISIC_8660448,4
ISIC_8660830,0
ISIC_8661039,3
ISIC_8661226,4
ISIC_8661536,0
ISIC_8661993,2
ISIC_8662655,4
ISIC_8662707,2
ISIC_8663136,1
ISIC_8663291,3
ISIC_8663353,0
ISIC_8663681,1
ISIC_8663746,2
ISIC_8663920,3
ISIC_8663971,0
ISIC_8664196,4
ISIC_8664315,2
ISIC_8664718,0
ISIC_8664819,4
ISIC_8665109,1
ISIC_8666405,3
ISIC_8666446,4
ISIC_8666637,3
ISIC_8667319,2
ISIC_8667460,1
ISIC_8667552,4
ISIC_8667588,2
ISIC_8667613,0
ISIC_8667653,0
ISIC_8667793,4
ISIC_8668283,4
ISIC_8668448,1
ISIC_8668530,2
ISIC_8668631,4
ISIC_8668954,0
ISIC_8669004,0
ISIC_8669067,1
ISIC_8669314,1
ISIC_8669560,2
ISIC_8669968,2
ISIC_8669989,4
ISIC_8670080,3
ISIC_8670418,0
ISIC_8670477,1
ISIC_8670684,4
ISIC_8670789,0
ISIC_8671412,1
ISIC_8671453,2
ISIC_8671662,0
ISIC_8671702,4
ISIC_8672185,1
ISIC_8672524,0
ISIC_8672553,2
ISIC_8673238,0
ISIC_8674332,0
ISIC_8674558,4
ISIC_8674937,2
ISIC_8675105,1
ISIC_8675233,4
ISIC_8675566,4
ISIC_8675583,4
ISIC_8675695,4
ISIC_8676305,2
ISIC_8676418,0
ISIC_8676622,3
ISIC_8677053,2
ISIC_8677110,0
ISIC_8677254,3
ISIC_8677503,3
ISIC_8678163,4
ISIC_8678440,0
ISIC_8679067,1
ISIC_8679149,2
ISIC_8679397,1
ISIC_8679617,0
ISIC_8679740,3
ISIC_8680191,2
ISIC_8680204,1
ISIC_8680266,4
ISIC_8680421,0
ISIC_8680948,3
ISIC_8681290,4
ISIC_8681540,0
ISIC_8681838,2
ISIC_8681917,2
ISIC_8683098,0
ISIC_8684147,0
ISIC_8685259,1
ISIC_8685266,2
ISIC_8686097,4
ISIC_8686253,3
ISIC_8686847,1
ISIC_8686962,1
ISIC_8687105,4
ISIC_8687356,3
ISIC_8689112,1
ISIC_8689144,1
ISIC_8689284,0
ISIC_8689532,1
ISIC_8689583,2
ISIC_8689811,3
ISIC_8690205,0
ISIC_8690232,1
ISIC_8690631,4
ISIC_8690825,1
ISIC_8691091,2
ISIC_8691163,4
ISIC_8691327,3
ISIC_8691891,2
ISIC_8692006,1
ISIC_8692064,1
ISIC_8692155,0
ISIC_8692218,0
ISIC_8692556,2
ISIC_8692572,2
ISIC_8692634,2
ISIC_8692950,4
ISIC_8693637,4
ISIC_8693823,1
ISIC_8693856,1
ISIC_8694181,1
ISIC_8694800,3
ISIC_8694888,4
ISIC_8695109,1
ISIC_8695278,1
ISIC_8695317,3
ISIC_8696075,0
ISIC_8696503,1
ISIC_8696711,0
ISIC_8697410,1
ISIC_8697426,0
ISIC_8698452,0
ISIC_8698578,3
ISIC_8699105,1
ISIC_8699205,2
ISIC_8699453,0
ISIC_8699796,4
ISIC_8699846,4
ISIC_8700156,0
ISIC_8700403,2
ISIC_8700706,1
ISIC_8700740,1
ISIC_8700778,3
ISIC_8701206,3
ISIC_8701243,0
ISIC_8701361,4
ISIC_8701975,3
ISIC_8702191,3
ISIC_8702237,1
ISIC_8702706,2
ISIC_8703169,4
ISIC_8703209,1
ISIC_8703375,3
ISIC_8704004,4
ISIC_8704257,1
ISIC_8704668,2
ISIC_8704672,1
ISIC_8704926,2
ISIC_8705071,2
ISIC_8705622,4
ISIC_8705626,4
ISIC_8705729,1
ISIC_8705845,3
ISIC_8706257,4
ISIC_8706279,1
ISIC_8706325,0
ISIC_8706441,2
ISIC_8706667,3
ISIC_8706909,1
ISIC_8707477,3
ISIC_8707606,3
ISIC_8707625,4
ISIC_8708137,0
ISIC_8708756,1
ISIC_8708847,3
ISIC_8709211,1
ISIC_8709649,1
ISIC_8709698,2
ISIC_8710040,1
ISIC_8710457,1
ISIC_8710935,0
ISIC_8711307,1
ISIC_8711778,4
ISIC_8711854,3
ISIC_8711983,0
ISIC_8712028,3
ISIC_8712312,4
ISIC_8712401,3
ISIC_8712868,2
ISIC_8712906,3
ISIC_8712921,0
ISIC_8712927,2
ISIC_8712998,4
ISIC_8713330,1
ISIC_8713598,1
ISIC_8714502,1
ISIC_8714837,1
ISIC_8715329,3
ISIC_8715332,0
ISIC_8715507,2
ISIC_8715705,3
ISIC_8715792,3
ISIC_8716192,4
ISIC_8716235,2
ISIC_8716533,1
ISIC_8716644,1
ISIC_8717030,3
ISIC_8717336,0
ISIC_8717495,4
ISIC_8718269,0
ISIC_8719134,0
ISIC_8719270,2
ISIC_8719883,4
ISIC_8719979,4
ISIC_8720514,1
ISIC_8721166,1
ISIC_8721182,0
ISIC_8722032,3
ISIC_8722181,3
ISIC_8722264,2
ISIC_8722667,0
ISIC_8723302,2
ISIC_8723397,4
ISIC_8723773,4
ISIC_8723815,3
ISIC_8724791,0
ISIC_8724944,4
ISIC_8725334,1
ISIC_8725878,3
ISIC_8725993,3
ISIC_8726066,2
ISIC_8726600,2
ISIC_8726909,4
ISIC_8726948,2
ISIC_8727047,0
ISIC_8727731,2
ISIC_8727962,2
ISIC_8728527,2
ISIC_8729064,2
ISIC_8729091,3
ISIC_8729274,4
ISIC_8730617,3
ISIC_8730957,1
ISIC_8731219,2
ISIC_8731692,1
ISIC_8731844,4
ISIC_8732572,2
ISIC_8732757,2
ISIC_8733422,0
ISIC_8733745,2
ISIC_8734128,0
ISIC_8735133,0
ISIC_8736590,0
ISIC_8737794,1
ISIC_8737864,0
ISIC_8738168,4
ISIC_8738598,1
ISIC_8738797,4
ISIC_8738925,3
ISIC_8739046,3
ISIC_8739231,0
ISIC_8739533,0
ISIC_8739762,0
ISIC_8740331,2
ISIC_8740452,2
ISIC_8740548,3
ISIC_8740695,3
ISIC_8741533,4
ISIC_8741594,4
ISIC_8741881,2
ISIC_8742034,3
ISIC_8742277,4
ISIC_8742407,2
ISIC_8742875,3
ISIC_8742972,3
ISIC_8743583,1
ISIC_8744681,0
ISIC_8745294,3
ISIC_8745884,4
ISIC_8746257,3
ISIC_8746756,3
ISIC_8746871,2
ISIC_8747095,1
ISIC_8747149,4
ISIC_8747435,2
ISIC_8747441,1
ISIC_8748070,0
ISIC_8748253,1
ISIC_8748689,3
ISIC_8748711,4
ISIC_8748953,3
ISIC_8749288,2
ISIC_8749666,1
ISIC_8749680,3
ISIC_8750055,0
ISIC_8750103,3
ISIC_8750167,3
ISIC_8750509,0
ISIC_8750635,0
ISIC_8750920,2
ISIC_8751042,2
ISIC_8751106,1
ISIC_8751380,2
ISIC_8751393,1
ISIC_8751661,4
ISIC_8753151,4
ISIC_8753831,0
ISIC_8754461,1
ISIC_8754527,1
ISIC_8754690,4
ISIC_8754972,4
ISIC_8755163,1
ISIC_8755239,2
ISIC_8755312,2
ISIC_8755605,3
ISIC_8755714,4
ISIC_8755969,4
ISIC_8756011,0
ISIC_8756356,2
ISIC_8757180,1
ISIC_8757204,3
ISIC_8757263,1
ISIC_8757664,0
ISIC_8758359,1
ISIC_8758601,0
ISIC_8758801,3
ISIC_8758963,1
ISIC_8759073,3
ISIC_8759207,2
ISIC_8759726,3
ISIC_8759744,1
ISIC_8759813,4
ISIC_8759880,2
ISIC_8760029,3
ISIC_8760379,3
ISIC_8760380,4
ISIC_8760731,3
ISIC_8761972,4
ISIC_8762217,2
ISIC_8762368,4
ISIC_8762437,2
ISIC_8763099,0
ISIC_8764094,0
ISIC_8764200,4
ISIC_8764217,2
ISIC_8764464,3
ISIC_8764927,3
ISIC_8765068,0
ISIC_8765435,1
ISIC_8766132,1
ISIC_8766254,1
ISIC_8766644,3
ISIC_8766977,0
ISIC_8767074,4
ISIC_8767759,4
ISIC_8768354,4
ISIC_8769391,3
ISIC_8769415,0
ISIC_8770180,0
ISIC_8770205,4
ISIC_8770401,3
ISIC_8771426,1
ISIC_8771892,0
ISIC_8772062,0
ISIC_8772124,3
ISIC_8772177,2
ISIC_8772241,4
ISIC_8772377,1
ISIC_8772811,2
ISIC_8772865,0
ISIC_8773478,3
ISIC_8773568,1
ISIC_8773685,4
ISIC_8773962,3
ISIC_8774086,2
ISIC_8774326,1
ISIC_8774880,1
ISIC_8775014,3
ISIC_8775181,0
ISIC_8775575,3
ISIC_8775674,2
ISIC_8776363,2
ISIC_8776630,3
ISIC_8776646,0
ISIC_8776661,3
ISIC_8776686,1
ISIC_8776941,3
ISIC_8777622,1
ISIC_8777813,0
ISIC_8777856,4
ISIC_8777866,1
ISIC_8778158,3
ISIC_8778303,3
ISIC_8778648,0
ISIC_8779013,3
ISIC_8779142,4
ISIC_8779202,1
ISIC_8779825,4
ISIC_8780369,1
ISIC_8780547,4
ISIC_8781050,3
ISIC_8781281,2
ISIC_8781377,1
ISIC_8781451,4
ISIC_8781751,2
ISIC_8782134,1
ISIC_8782612,3
ISIC_8782954,1
ISIC_8783000,3
ISIC_8783066,3
ISIC_8783667,4
ISIC_8784687,0
ISIC_8785329,1
ISIC_8785434,4
ISIC_8785777,3
ISIC_8786539,2
ISIC_8786606,1
ISIC_8786693,3
ISIC_8787152,2
ISIC_8787622,3
ISIC_8787826,2
ISIC_8788485,2
ISIC_8789051,3
ISIC_8789373,3
ISIC_8789673,1
ISIC_8790198,0
ISIC_8790201,4
ISIC_8790582,3
ISIC_8790659,0
ISIC_8790885,3
ISIC_8791163,4
ISIC_8791321,3
ISIC_8791385,3
ISIC_8791493,1
ISIC_8791603,3
ISIC_8791729,4
ISIC_8791744,3
ISIC_8792007,4
ISIC_8792040,3
ISIC_8792193,0
ISIC_8793471,0
ISIC_8793609,1
ISIC_8794221,0
ISIC_8794314,4
ISIC_8794567,4
ISIC_8794796,3
ISIC_8794882,3
ISIC_8794948,3
ISIC_8795038,1
ISIC_8795435,4
ISIC_8795740,0
ISIC_8795968,3
ISIC_8796413,3
ISIC_8796456,2
ISIC_8796632,4
ISIC_8796654,2
ISIC_8796769,1
ISIC_8796968,2
ISIC_8797277,4
ISIC_8797868,2
ISIC_8798059,0
ISIC_8798119,3
ISIC_8798305,2
ISIC_8798346,0
ISIC_8798579,2
ISIC_8798839,0
ISIC_8799089,4
ISIC_8799158,0
ISIC_8799470,2
ISIC_8799512,0
ISIC_8799674,4
ISIC_8799844,3
ISIC_8800200,2
ISIC_8802047,4
ISIC_8802544,0
ISIC_8802922,0
ISIC_8803537,2
ISIC_8803600,1
ISIC_8803795,0
ISIC_8804009,0
ISIC_8804606,0
ISIC_8804704,2
ISIC_8805000,4
ISIC_8805114,1
ISIC_8805730,3
ISIC_8806090,1
ISIC_8806180,2
ISIC_8806357,3
ISIC_8806519,3
ISIC_8806647,2
ISIC_8806941,4
ISIC_8807058,3
ISIC_8808006,4
ISIC_8808627,0
ISIC_8808683,3
ISIC_8808756,3
ISIC_8808909,2
ISIC_8809618,0
ISIC_8809821,0
ISIC_8811120,3
ISIC_8811316,2
ISIC_8811596,3
ISIC_8812186,3
ISIC_8812621,2
ISIC_8812739,4
ISIC_8812781,2
ISIC_8812830,2
ISIC_8813040,3
ISIC_8813078,2
ISIC_8813283,4
ISIC_8813303,2
ISIC_8813306,4
ISIC_8813415,3
ISIC_8813838,1
ISIC_8814398,2
ISIC_8814507,4
ISIC_8814612,3
ISIC_8814657,4
ISIC_8814672,1
ISIC_8814735,1
ISIC_8814843,2
ISIC_8815782,1
ISIC_8815828,0
ISIC_8816154,3
ISIC_8816195,4
ISIC_8816494,0
ISIC_8816871,3
ISIC_8817681,4
ISIC_8817889,0
ISIC_8817986,0
ISIC_8818102,4
ISIC_8818862,3
ISIC_8819163,1
ISIC_8819519,4
ISIC_8820461,0
ISIC_8820527,3
ISIC_8820586,0
ISIC_8820668,0
ISIC_8821017,1
ISIC_8821107,4
ISIC_8821137,1
ISIC_8821164,0
ISIC_8821259,1
ISIC_8821260,0
ISIC_8821279,4
ISIC_8821700,4
ISIC_8822016,4
ISIC_8822331,1
ISIC_8822452,1
ISIC_8822738,2
ISIC_8822782,1
ISIC_8822826,0
ISIC_8823366,4
ISIC_8823566,1
ISIC_8823875,2
ISIC_8824464,2
ISIC_8825295,0
ISIC_8825407,0
ISIC_8825731,4
ISIC_8826222,3
ISIC_8826289,3
ISIC_8826554,2
ISIC_8826643,4
ISIC_8826722,4
ISIC_8827177,2
ISIC_8827399,3
ISIC_8827615,1
ISIC_8827637,4
ISIC_8827672,2
ISIC_8827725,1
ISIC_8827745,2
ISIC_8827933,3
ISIC_8828079,3
ISIC_8828171,4
ISIC_8828327,4
ISIC_8828670,2
ISIC_8828770,3
ISIC_8829317,2
ISIC_8829480,1
ISIC_8830761,0
ISIC_8831176,2
ISIC_8831202,2
ISIC_8831631,1
ISIC_8831706,2
ISIC_8831710,3
ISIC_8832341,0
ISIC_8832449,0
ISIC_8832556,3
ISIC_8832903,1
ISIC_8833352,0
ISIC_8834039,0
ISIC_8834282,1
ISIC_8834291,3
ISIC_8834482,0
ISIC_8834606,2
ISIC_8834825,0
ISIC_8835154,3
ISIC_8835506,0
ISIC_8835545,0
ISIC_8835915,0
ISIC_8837100,1
ISIC_8837443,0
ISIC_8837553,4
ISIC_8837792,3
ISIC_8837880,4
ISIC_8838213,3
ISIC_8838232,4
ISIC_8838315,4
ISIC_8838753,0
ISIC_8840271,2
ISIC_8841384,3
ISIC_8841738,2
ISIC_8841824,1
ISIC_8841833,3
ISIC_8841886,0
ISIC_8842203,0
ISIC_8842295,3
ISIC_8842646,1
ISIC_8842868,2
ISIC_8843217,0
ISIC_8843592,1
ISIC_8843899,1
ISIC_8843901,4
ISIC_8843949,0
ISIC_8844233,3
ISIC_8844725,0
ISIC_8844946,2
ISIC_8845339,3
ISIC_8845891,3
ISIC_8846065,1
ISIC_8846215,4
ISIC_8846654,2
ISIC_8846695,1
ISIC_8846817,4
ISIC_8846959,4
ISIC_8847050,0
ISIC_8847321,0
ISIC_8847503,0
ISIC_8847638,1
ISIC_8848134,2
ISIC_8848327,4
ISIC_8848761,0
ISIC_8849004,0
ISIC_8849117,4
ISIC_8849240,3
ISIC_8849283,4
ISIC_8849313,0
ISIC_8849458,2
ISIC_8849466,4
ISIC_8849520,0
ISIC_8849591,1
ISIC_8849818,1
ISIC_8849946,2
ISIC_8850746,2
ISIC_8850826,3
ISIC_8851036,0
ISIC_8851038,0
ISIC_8851268,0
ISIC_8851901,1
ISIC_8851961,0
ISIC_8852089,3
ISIC_8853249,1
ISIC_8853338,0
ISIC_8853815,3
ISIC_8853902,1
ISIC_8853995,0
ISIC_8854196,0
ISIC_8854268,2
ISIC_8854277,0
ISIC_8855102,0
ISIC_8855269,1
ISIC_8855790,1
ISIC_8855901,1
ISIC_8856029,1
ISIC_8856151,1
ISIC_8856727,4
ISIC_8856781,4
ISIC_8857492,0
ISIC_8858597,3
ISIC_8858877,2
ISIC_8858919,4
ISIC_8859207,4
ISIC_8859274,1
ISIC_8859388,3
ISIC_8859475,0
ISIC_8860429,3
ISIC_8860929,4
ISIC_8861681,4
ISIC_8862107,1
ISIC_8862118,0
ISIC_8862157,0
ISIC_8862290,3
ISIC_8862455,3
ISIC_8862701,1
ISIC_8862858,3
ISIC_8862911,4
ISIC_8862967,3
ISIC_8863198,3
ISIC_8863678,4
ISIC_8864036,0
ISIC_8864811,0
ISIC_8865220,4
ISIC_8865342,2
ISIC_8865426,4
ISIC_8865595,4
ISIC_8866533,0
ISIC_8866651,0
ISIC_8866758,1
ISIC_8866896,3
ISIC_8867127,3
ISIC_8867296,0
ISIC_8867555,0
ISIC_8867565,1
ISIC_8867894,4
ISIC_8868666,3
ISIC_8868978,4
ISIC_8869114,2
ISIC_8869249,3
ISIC_8869454,4
ISIC_8869597,4
ISIC_8870048,3
ISIC_8871081,1
ISIC_8871092,1
ISIC_8871461,4
ISIC_8871750,1
ISIC_8871905,0
ISIC_8872158,3
ISIC_8872422,0
ISIC_8872678,0
ISIC_8873236,0
ISIC_8873823,2
ISIC_8873943,3
ISIC_8874396,0
ISIC_8874529,1
ISIC_8875036,0
ISIC_8875257,2
ISIC_8875702,3
ISIC_8875762,0
ISIC_8876766,3
ISIC_8876880,4
ISIC_8876911,4
ISIC_8876993,4
ISIC_8877755,3
ISIC_8878031,0
ISIC_8878967,3
ISIC_8879126,1
ISIC_8879370,1
ISIC_8879472,2
ISIC_8879481,4
ISIC_8880171,2
ISIC_8880180,4
ISIC_8880387,2
ISIC_8880482,2
ISIC_8880492,4
ISIC_8880961,2
ISIC_8880986,1
ISIC_8881137,3
ISIC_8881641,4
ISIC_8882364,2
ISIC_8882374,3
ISIC_8882436,3
ISIC_8882801,3
ISIC_8883212,0
ISIC_8883454,0
ISIC_8883577,3
ISIC_8883692,2
ISIC_8883957,4
ISIC_8884720,2
ISIC_8885809,1
ISIC_8886415,2
ISIC_8887039,1
ISIC_8887095,0
ISIC_8887142,3
ISIC_8887170,2
ISIC_8887405,3
ISIC_8888087,3
ISIC_8888159,2
ISIC_8888281,0
ISIC_8889010,3
ISIC_8889011,3
ISIC_8889058,1
ISIC_8889088,1
ISIC_8889103,4
ISIC_8889199,4
ISIC_8889425,0
ISIC_8889856,2
ISIC_8889975,0
ISIC_8890072,1
ISIC_8890214,2
ISIC_8890304,4
ISIC_8891234,1
ISIC_8891637,0
ISIC_8892018,0
ISIC_8892100,3
ISIC_8892236,0
ISIC_8892663,3
ISIC_8892766,1
ISIC_8892973,2
ISIC_8893030,0
ISIC_8893501,3
ISIC_8893724,2
ISIC_8893962,2
ISIC_8894305,1
ISIC_8894528,1
ISIC_8894948,1
ISIC_8895611,2
ISIC_8896223,1
ISIC_8896239,0
ISIC_8896474,3
ISIC_8897947,1
ISIC_8898151,3
ISIC_8898156,4
ISIC_8898552,1
ISIC_8898680,2
ISIC_8899011,0
ISIC_8899350,3
ISIC_8899352,3
ISIC_8899653,3
ISIC_8899738,2
ISIC_8900012,0
ISIC_8900730,1
ISIC_8901238,0
ISIC_8901371,1
ISIC_8901419,3
ISIC_8901784,4
ISIC_8902080,2
ISIC_8902193,0
ISIC_8902868,0
ISIC_8902976,0
ISIC_8903932,1
ISIC_8904256,3
ISIC_8904326,1
ISIC_8904448,4
ISIC_8904639,4
ISIC_8904924,0
ISIC_8905157,4
ISIC_8905349,4
ISIC_8905642,3
ISIC_8905841,3
ISIC_8906021,2
ISIC_8906555,1
ISIC_8906583,0
ISIC_8907769,2
ISIC_8908028,0
ISIC_8908280,4
ISIC_8909545,3
ISIC_8909575,0
ISIC_8909618,2
ISIC_8909868,2
ISIC_8909957,3
ISIC_8910091,2
ISIC_8910102,4
ISIC_8910589,1
ISIC_8910635,1
ISIC_8910653,1
ISIC_8911683,2
ISIC_8911740,3
ISIC_8912122,2
ISIC_8913074,4
ISIC_8913110,2
ISIC_8913150,1
ISIC_8913166,0
ISIC_8913782,0
ISIC_8914322,0
ISIC_8914792,3
ISIC_8914978,1
ISIC_8916024,0
ISIC_8916136,0
ISIC_8916370,4
ISIC_8916730,4
ISIC_8917078,4
ISIC_8917625,2
ISIC_8917755,4
ISIC_8917822,4
ISIC_8917899,0
ISIC_8918259,0
ISIC_8918703,4
ISIC_8918770,4
ISIC_8918981,3
ISIC_8920064,3
ISIC_8920203,0
ISIC_8920739,3
ISIC_8921092,3
ISIC_8921327,1
ISIC_8921647,3
ISIC_8922111,2
ISIC_8922355,4
ISIC_8922893,3
ISIC_8923299,1
ISIC_8923393,1
ISIC_8923673,1
ISIC_8924292,4
ISIC_8924426,3
ISIC_8924739,1
ISIC_8924853,3
ISIC_8924942,4
ISIC_8924956,2
ISIC_8925378,4
ISIC_8926341,0
ISIC_8926705,4
ISIC_8926826,0
ISIC_8926892,4
ISIC_8926980,2
ISIC_8927431,3
ISIC_8927825,4
ISIC_8928041,4
ISIC_8928069,1
ISIC_8928166,4
ISIC_8929288,4
ISIC_8930970,3
ISIC_8931012,4
ISIC_8931198,2
ISIC_8931948,4
ISIC_8931991,0
ISIC_8932628,0
ISIC_8932755,4
ISIC_8933226,2
ISIC_8933605,3
ISIC_8933744,2
ISIC_8934691,4
ISIC_8934930,2
ISIC_8935085,3
ISIC_8935114,3
ISIC_8935256,1
ISIC_8935343,3
ISIC_8935984,4
ISIC_8936764,0
ISIC_8936977,2
ISIC_8937006,0
ISIC_8937646,2
ISIC_8937710,1
ISIC_8937753,0
ISIC_8938282,3
ISIC_8938570,4
ISIC_8938615,0
ISIC_8938681,1
ISIC_8938776,2
ISIC_8938785,2
ISIC_8940418,3
ISIC_8940603,3
ISIC_8940715,0
ISIC_8940770,0
ISIC_8940891,4
ISIC_8941586,3
ISIC_8941622,3
ISIC_8942401,2
ISIC_8942704,3
ISIC_8942967,2
ISIC_8943344,3
ISIC_8943829,0
ISIC_8943855,0
ISIC_8943906,4
ISIC_8943978,4
ISIC_8944160,4
ISIC_8944716,4
ISIC_8944892,3
ISIC_8945314,3
ISIC_8945395,3
ISIC_8945887,4
ISIC_8946596,2
ISIC_8946741,2
ISIC_8947924,3
ISIC_8948289,3
ISIC_8949026,1
ISIC_8949331,0
ISIC_8951006,2
ISIC_8951354,0
ISIC_8951449,4
ISIC_8951909,1
ISIC_8952288,1
ISIC_8952567,3
ISIC_8952594,4
ISIC_8953242,3
ISIC_8953775,2
ISIC_8953848,0
ISIC_8954656,0
ISIC_8955135,0
ISIC_8956001,0
ISIC_8956287,2
ISIC_8956614,3
ISIC_8957088,2
ISIC_8957426,2
ISIC_8957476,4
ISIC_8957490,4
ISIC_8957571,2
ISIC_8957886,0
ISIC_8958656,0
ISIC_8958711,1
ISIC_8959410,3
ISIC_8959550,1
ISIC_8959657,0
ISIC_8959773,2
ISIC_8959928,1
ISIC_8960223,1
ISIC_8960456,2
ISIC_8960763,2
ISIC_8961105,2
ISIC_8961394,4
ISIC_8961663,2
ISIC_8961820,0
ISIC_8961839,0
ISIC_8962317,1
ISIC_8962375,4
ISIC_8962744,0
ISIC_8962773,3
ISIC_8963045,2
ISIC_8963279,1
ISIC_8963299,1
ISIC_8963367,2
ISIC_8963614,3
ISIC_8963643,4
ISIC_8964827,0
ISIC_8965220,1
ISIC_8965285,0
ISIC_8965320,3
ISIC_8965323,2
ISIC_8965504,3
ISIC_8966059,1
ISIC_8966170,4
ISIC_8966194,3
ISIC_8966231,1
ISIC_8966567,1
ISIC_8966681,0
ISIC_8966915,2
ISIC_8967057,2
ISIC_8967329,3
ISIC_8967368,2
ISIC_8967404,3
ISIC_8967786,4
ISIC_8967818,1
ISIC_8967971,4
ISIC_8968224,0
ISIC_8968625,2
ISIC_8969071,1
ISIC_8969305,2
ISIC_8969349,4
ISIC_8969855,4
ISIC_8969883,0
ISIC_8970333,1
ISIC_8970431,0
ISIC_8970442,4
ISIC_8970499,2
ISIC_8970543,4
ISIC_8971137,0
ISIC_8971387,0
ISIC_8971579,0
ISIC_8971580,0
ISIC_8971775,4
ISIC_8972403,1
ISIC_8973051,2
ISIC_8973164,0
ISIC_8973278,2
ISIC_8973325,3
ISIC_8973461,3
ISIC_8973512,0
ISIC_8974464,4
ISIC_8975142,3
ISIC_8975961,1
ISIC_8976104,4
ISIC_8976236,2
ISIC_8976269,0
ISIC_8976374,3
ISIC_8976688,2
ISIC_8976747,3
ISIC_8976889,1
ISIC_8977056,1
ISIC_8977878,3
ISIC_8977933,3
ISIC_8978063,0
ISIC_8978290,2
ISIC_8978441,3
ISIC_8978466,0
ISIC_8979026,0
ISIC_8979131,1
ISIC_8979275,2
ISIC_8979540,4
ISIC_8979567,4
ISIC_8979622,4
ISIC_8979762,2
ISIC_8980734,0
ISIC_8980801,2
ISIC_8981166,0
ISIC_8981184,3
ISIC_8981245,2
ISIC_8981272,1
ISIC_8981301,3
ISIC_8981700,3
ISIC_8981851,3
ISIC_8981880,4
ISIC_8982625,3
ISIC_8983772,0
ISIC_8984390,1
ISIC_8984777,4
ISIC_8984990,1
ISIC_8985109,1
ISIC_8986314,1
ISIC_8986785,4
ISIC_8986880,0
ISIC_8986997,1
ISIC_8987085,2
ISIC_8988525,3
ISIC_8989283,4
ISIC_8989572,1
ISIC_8989654,4
ISIC_8989672,0
ISIC_8989816,3
ISIC_8990016,4
ISIC_8990076,1
ISIC_8990907,1
ISIC_8991403,2
ISIC_8991530,2
ISIC_8991672,4
ISIC_8992166,2
ISIC_8992332,4
ISIC_8992673,1
ISIC_8992925,1
ISIC_8993221,0
ISIC_8993666,4
ISIC_8993802,0
ISIC_8993803,2
ISIC_8994153,4
ISIC_8994812,4
ISIC_8995044,0
ISIC_8995223,0
ISIC_8995356,1
ISIC_8996654,4
ISIC_8996798,3
ISIC_8996855,3
ISIC_8996902,3
ISIC_8997109,0
ISIC_8997544,1
ISIC_8997983,2
ISIC_8998017,0
ISIC_8998190,3
ISIC_8998299,0
ISIC_8998431,3
ISIC_9000030,2
ISIC_9000202,3
ISIC_9000226,1
ISIC_9000234,3
ISIC_9000446,3
ISIC_9000824,3
ISIC_9000901,4
ISIC_9001471,0
ISIC_9001472,0
ISIC_9001948,4
ISIC_9002603,2
ISIC_9003062,0
ISIC_9004269,4
ISIC_9004374,0
ISIC_9004995,4
ISIC_9005312,3
ISIC_9005542,2
ISIC_9005623,4
ISIC_9006160,0
ISIC_9006841,2
ISIC_9007206,0
ISIC_9007833,1
ISIC_9008026,3
ISIC_9008095,0
ISIC_9008844,0
ISIC_9009242,1
ISIC_9009636,0
ISIC_9009819,0
ISIC_9010907,3
ISIC_9011134,4
ISIC_9011718,0
ISIC_9011766,4
ISIC_9011777,0
ISIC_9012182,2
ISIC_9012331,1
ISIC_9012513,3
ISIC_9012536,0
ISIC_9012721,4
ISIC_9012868,1
ISIC_9012921,4
ISIC_9013023,1
ISIC_9013045,4
ISIC_9013143,3
ISIC_9013554,4
ISIC_9013967,1
ISIC_9013998,2
ISIC_9014036,2
ISIC_9014098,3
ISIC_9014283,4
ISIC_9014393,1
ISIC_9014786,0
ISIC_9015182,4
ISIC_9015660,4
ISIC_9015818,1
ISIC_9015865,1
ISIC_9016334,3
ISIC_9016601,1
ISIC_9016710,0
ISIC_9016941,3
ISIC_9017110,2
ISIC_9018338,0
ISIC_9018393,1
ISIC_9018781,2
ISIC_9018978,0
ISIC_9019691,1
ISIC_9020712,4
ISIC_9021685,4
ISIC_9021889,2
ISIC_9022005,0
ISIC_9022054,3
ISIC_9022213,4
ISIC_9022865,1
ISIC_9023152,3
ISIC_9023460,3
ISIC_9023603,4
ISIC_9023820,0
ISIC_9023880,4
ISIC_9023945,2
ISIC_9024038,3
ISIC_9024078,2
ISIC_9024113,4
ISIC_9024242,2
ISIC_9024245,4
ISIC_9024529,2
ISIC_9024615,3
ISIC_9024724,4
ISIC_9025263,1
ISIC_9025923,4
ISIC_9026091,2
ISIC_9026387,1
ISIC_9027285,4
ISIC_9027622,4
ISIC_9028131,1
ISIC_9028177,4
ISIC_9028442,4
ISIC_9028726,0
ISIC_9028838,3
ISIC_9028997,3
ISIC_9029328,2
ISIC_9029813,4
ISIC_9029941,1
ISIC_9030376,2
ISIC_9030482,3
ISIC_9030629,0
ISIC_9030907,0
ISIC_9031030,4
ISIC_9031366,2
ISIC_9031637,4
ISIC_9032096,3
ISIC_9032302,0
ISIC_9034411,0
ISIC_9034574,0
ISIC_9035176,4
ISIC_9035181,0
ISIC_9035220,3
ISIC_9035415,2
ISIC_9035982,0
ISIC_9036464,4
ISIC_9036765,3
ISIC_9037248,4
ISIC_9037301,1
ISIC_9037423,2
ISIC_9037453,2
ISIC_9037499,0
ISIC_9038210,4
ISIC_9038318,3
ISIC_9038698,0
ISIC_9038898,1
ISIC_9039864,4
ISIC_9041343,0
ISIC_9041459,2
ISIC_9041509,1
ISIC_9041710,2
ISIC_9041897,2
ISIC_9042282,3
ISIC_9042665,1
ISIC_9042906,4
ISIC_9042958,1
ISIC_9042973,0
ISIC_9043344,2
ISIC_9043384,2
ISIC_9043908,0
ISIC_9043996,2
ISIC_9044329,0
ISIC_9044368,1
ISIC_9045131,0
ISIC_9045601,1
ISIC_9045840,4
ISIC_9046478,2
ISIC_9047184,0
ISIC_9047209,4
ISIC_9047350,4
ISIC_9048017,2
ISIC_9048145,4
ISIC_9048192,2
ISIC_9048507,1
ISIC_9048525,0
ISIC_9049124,2
ISIC_9049170,2
ISIC_9049462,2
ISIC_9050608,4
ISIC_9050685,4
ISIC_9050826,2
ISIC_9051057,1
ISIC_9051231,4
ISIC_9051287,4
ISIC_9051856,1
ISIC_9052500,4
ISIC_9052538,4
ISIC_9052594,1
ISIC_9052604,3
ISIC_9053195,3
ISIC_9053619,0
ISIC_9053699,4
ISIC_9053755,4
ISIC_9053788,0
ISIC_9053910,3
ISIC_9053988,1
ISIC_9054229,4
ISIC_9054603,1
ISIC_9054920,0
ISIC_9055357,0
ISIC_9055481,0
ISIC_9055554,0
ISIC_9055955,1
ISIC_9056246,0
ISIC_9056392,4
ISIC_9056422,4
ISIC_9056577,2
ISIC_9056935,3
ISIC_9057166,2
ISIC_9057206,1
ISIC_9057326,4
ISIC_9057417,1
ISIC_9057878,2
ISIC_9058340,0
ISIC_9059021,0
ISIC_9059071,2
ISIC_9059086,3
ISIC_9059250,4
ISIC_9059293,4
ISIC_9059296,4
ISIC_9059311,2
ISIC_9059632,4
ISIC_9059686,3
ISIC_9059706,3
ISIC_9059870,1
ISIC_9059919,1
ISIC_9060313,4
ISIC_9060377,4
ISIC_9060975,2
ISIC_9061279,1
ISIC_9061345,3
ISIC_9061511,2
ISIC_9062432,1
ISIC_9062530,2
ISIC_9062651,4
ISIC_9062714,1
ISIC_9062853,2
ISIC_9063429,4
ISIC_9064025,2
ISIC_9064053,2
ISIC_9064567,0
ISIC_9064668,3
ISIC_9064823,4
ISIC_9065461,2
ISIC_9065637,4
ISIC_9065762,3
ISIC_9066066,0
ISIC_9066099,0
ISIC_9066201,4
ISIC_9066489,2
ISIC_9066883,3
ISIC_9067007,3
ISIC_9067033,4
ISIC_9067800,1
ISIC_9068039,0
ISIC_9068053,4
ISIC_9068100,2
ISIC_9069133,2
ISIC_9069449,0
ISIC_9069537,1
ISIC_9069620,1
ISIC_9069800,2
ISIC_9070851,1
ISIC_9070899,1
ISIC_9070995,0
ISIC_9071511,4
ISIC_9071758,2
ISIC_9071804,1
ISIC_9071884,4
ISIC_9072034,3
ISIC_9072167,1
ISIC_9072309,1
ISIC_9072567,0
ISIC_9073150,3
ISIC_9073230,0
ISIC_9073486,4
ISIC_9074247,3
ISIC_9074406,1
ISIC_9074833,0
ISIC_9075195,4
ISIC_9075335,1
ISIC_9076021,0
ISIC_9076034,1
ISIC_9076133,0
ISIC_9076637,1
ISIC_9076933,1
ISIC_9077107,4
ISIC_9077274,3
ISIC_9077709,1
ISIC_9077722,4
ISIC_9077898,3
ISIC_9078100,1
ISIC_9078285,3
ISIC_9078369,0
ISIC_9078399,3
ISIC_9079223,1
ISIC_9079240,4
ISIC_9079316,3
ISIC_9079361,4
ISIC_9079379,2
ISIC_9079489,3
ISIC_9079849,3
ISIC_9079928,1
ISIC_9080650,2
ISIC_9080743,1
ISIC_9080774,3
ISIC_9080907,3
ISIC_9080990,3
ISIC_9081595,1
ISIC_9081663,1
ISIC_9081772,3
ISIC_9081853,0
ISIC_9082440,4
ISIC_9082696,0
ISIC_9083443,1
ISIC_9083592,3
ISIC_9083617,0
ISIC_9083879,2
ISIC_9083972,0
ISIC_9084483,4
ISIC_9084751,4
ISIC_9084914,2
ISIC_9085473,1
ISIC_9085565,2
ISIC_9085719,3
ISIC_9086288,3
ISIC_9086339,3
ISIC_9086596,0
ISIC_9086604,1
ISIC_9087221,3
ISIC_9087581,4
ISIC_9087655,0
ISIC_9087738,2
ISIC_9088656,4
ISIC_9088774,0
ISIC_9088917,1
ISIC_9088976,0
ISIC_9089031,3
ISIC_9089131,4
ISIC_9089575,3
ISIC_9089757,0
ISIC_9089987,1
ISIC_9089998,1
ISIC_9090435,1
ISIC_9090761,2
ISIC_9090822,0
ISIC_9091086,0
ISIC_9091415,2
ISIC_9091562,4
ISIC_9091954,1
ISIC_9092298,0
ISIC_9092317,4
ISIC_9092759,1
ISIC_9093183,3
ISIC_9094080,0
ISIC_9094201,0
ISIC_9094233,1
ISIC_9094389,3
ISIC_9094608,3
ISIC_9094956,4
ISIC_9095015,2
ISIC_9095293,3
ISIC_9095429,3
ISIC_9095663,2
ISIC_9095975,4
ISIC_9096001,2
ISIC_9096302,1
ISIC_9096535,3
ISIC_9097026,3
ISIC_9097590,4
ISIC_9097916,0
ISIC_9098390,1
ISIC_9099188,0
ISIC_9099430,0
ISIC_9099529,1
ISIC_9100283,2
ISIC_9100353,0
ISIC_9100933,0
ISIC_9101055,0
ISIC_9101441,2
ISIC_9101501,2
ISIC_9101579,4
ISIC_9102352,3
ISIC_9102834,0
ISIC_9103090,4
ISIC_9103289,3
ISIC_9103422,3
ISIC_9103551,0
ISIC_9103556,2
ISIC_9103798,3
ISIC_9104012,0
ISIC_9104843,1
ISIC_9104982,3
ISIC_9105038,4
ISIC_9105176,3
ISIC_9105247,3
ISIC_9105258,2
ISIC_9105375,1
ISIC_9105740,2
ISIC_9105985,0
ISIC_9105994,3
ISIC_9106176,2
ISIC_9106601,1
ISIC_9106670,3
ISIC_9106692,4
ISIC_9106966,0
ISIC_9107094,3
ISIC_9107280,1
ISIC_9107663,0
ISIC_9107811,3
ISIC_9108562,0
ISIC_9108776,4
ISIC_9108858,4
ISIC_9109361,0
ISIC_9109515,1
ISIC_9109847,4
ISIC_9109985,0
ISIC_9110426,2
ISIC_9111202,3
ISIC_9111229,2
ISIC_9111388,0
ISIC_9112213,3
ISIC_9112372,2
ISIC_9112443,1
ISIC_9112747,2
ISIC_9112998,3
ISIC_9113087,0
ISIC_9113122,3
ISIC_9113283,0
ISIC_9114388,4
ISIC_9114539,2
ISIC_9114716,0
ISIC_9114776,1
ISIC_9115001,3
ISIC_9115130,1
ISIC_9115256,2
ISIC_9115484,0
ISIC_9115754,0
ISIC_9115855,3
ISIC_9116179,2
ISIC_9116323,3
ISIC_9116587,4
ISIC_9116593,3
ISIC_9117148,4
ISIC_9117335,0
ISIC_9117337,0
ISIC_9117456,0
ISIC_9117797,4
ISIC_9118358,1
ISIC_9118521,2
ISIC_9118842,3
ISIC_9119271,4
ISIC_9119297,0
ISIC_9119549,3
ISIC_9119715,0
ISIC_9121151,2
ISIC_9121235,4
ISIC_9121369,4
ISIC_9122215,1
ISIC_9122329,0
ISIC_9123642,1
ISIC_9124447,2
ISIC_9124500,2
ISIC_9124733,1
ISIC_9125158,1
ISIC_9125216,1
ISIC_9125409,4
ISIC_9125543,3
ISIC_9125808,2
ISIC_9126343,2
ISIC_9126433,4
ISIC_9126655,1
ISIC_9126974,0
ISIC_9126992,1
ISIC_9127114,1
ISIC_9127214,3
ISIC_9127934,4
ISIC_9127964,2
ISIC_9128031,4
ISIC_9128304,3
ISIC_9128954,4
ISIC_9130157,4
ISIC_9130704,0
ISIC_9132088,3
ISIC_9132168,0
ISIC_9132589,4
ISIC_9132708,4
ISIC_9133072,1
ISIC_9133087,0
ISIC_9133130,3
ISIC_9133299,0
ISIC_9134100,0
ISIC_9134453,0
ISIC_9134566,3
ISIC_9135251,4
ISIC_9135299,0
ISIC_9135390,3
ISIC_9135570,3
ISIC_9135750,3
ISIC_9136413,1
ISIC_9136423,3
ISIC_9136435,1
ISIC_9136827,4
ISIC_9137180,0
ISIC_9137479,0
ISIC_9137573,1
ISIC_9137586,3
ISIC_9138481,1
ISIC_9138647,1
ISIC_9139086,0
ISIC_9140119,4
ISIC_9140498,1
ISIC_9140677,1
ISIC_9140779,1
ISIC_9140871,1
ISIC_9141038,4
ISIC_9141065,2
ISIC_9141282,4
ISIC_9141379,3
ISIC_9141416,1
ISIC_9141613,4
ISIC_9141792,2
ISIC_9141954,2
ISIC_9142818,0
ISIC_9142919,0
ISIC_9143077,1
ISIC_9143744,2
ISIC_9143795,3
ISIC_9143930,4
ISIC_9144498,0
ISIC_9144695,4
ISIC_9144769,3
ISIC_9144961,0
ISIC_9145171,4
ISIC_9146025,2
ISIC_9146496,2
ISIC_9146648,1
ISIC_9146705,0
ISIC_9147131,0
ISIC_9147527,1
ISIC_9147750,4
ISIC_9147785,2
ISIC_9148048,0
ISIC_9148241,0
ISIC_9148443,2
ISIC_9148510,3
ISIC_9148950,0
ISIC_9149051,3
ISIC_9150050,3
ISIC_9150236,1
ISIC_9150627,0
ISIC_9150700,0
ISIC_9151182,1
ISIC_9151409,3
ISIC_9152137,4
ISIC_9152153,3
ISIC_9152321,4
ISIC_9152443,0
ISIC_9152479,4
ISIC_9153274,2
ISIC_9153619,4
ISIC_9153636,2
ISIC_9154000,3
ISIC_9154282,2
ISIC_9155003,2
ISIC_9155028,0
ISIC_9155465,3
ISIC_9155855,0
ISIC_9156264,2
ISIC_9156409,3
ISIC_9157162,3
ISIC_9157448,4
ISIC_9157597,3
ISIC_9157619,3
ISIC_9157720,0
ISIC_9157809,1
ISIC_9157952,0
ISIC_9159093,4
ISIC_9159289,2
ISIC_9159718,2
ISIC_9159730,3
ISIC_9159739,2
ISIC_9160162,0
ISIC_9160237,0
ISIC_9160614,2
ISIC_9160772,0
ISIC_9161105,4
ISIC_9161341,3
ISIC_9161457,0
ISIC_9161898,4
ISIC_9161937,1
ISIC_9162451,4
ISIC_9162618,1
ISIC_9162798,4
ISIC_9162894,1
ISIC_9163466,3
ISIC_9163684,0
ISIC_9163905,1
ISIC_9164054,4
ISIC_9164813,4
ISIC_9165389,2
ISIC_9165411,0
ISIC_9165807,3
ISIC_9165815,3
ISIC_9166979,1
ISIC_9167141,0
ISIC_9167285,0
ISIC_9167290,4
ISIC_9167719,0
ISIC_9167741,2
ISIC_9167794,3
ISIC_9167890,4
ISIC_9168624,2
ISIC_9168700,4
ISIC_9168779,2
ISIC_9169000,3
ISIC_9169422,3
ISIC_9169586,1
ISIC_9169956,0
ISIC_9170109,0
ISIC_9171392,2
ISIC_9171583,1
ISIC_9172357,2
ISIC_9172559,4
ISIC_9172605,2
ISIC_9173009,2
ISIC_9173096,4
ISIC_9174092,2
ISIC_9174306,3
ISIC_9174347,3
ISIC_9174412,0
ISIC_9174685,1
ISIC_9174738,0
ISIC_9174830,1
ISIC_9175501,0
ISIC_9175856,2
ISIC_9176138,3
ISIC_9176160,4
ISIC_9176281,0
ISIC_9176472,3
ISIC_9176489,1
ISIC_9176491,3
ISIC_9177435,0
ISIC_9177813,0
ISIC_9177903,1
ISIC_9178347,1
ISIC_9178485,3
ISIC_9178852,2
ISIC_9179119,4
ISIC_9180333,2
ISIC_9180507,2
ISIC_9180983,0
ISIC_9181399,4
ISIC_9182272,0
ISIC_9182285,3
ISIC_9182462,0
ISIC_9182492,0
ISIC_9182516,0
ISIC_9182611,3
ISIC_9183042,3
ISIC_9183252,1
ISIC_9183600,3
ISIC_9184306,4
ISIC_9184385,2
ISIC_9184450,4
ISIC_9185624,1
ISIC_9186287,2
ISIC_9186427,4
ISIC_9186921,3
ISIC_9187320,4
ISIC_9187760,1
ISIC_9187876,3
ISIC_9187978,4
ISIC_9188197,2
ISIC_9188567,3
ISIC_9189319,3
ISIC_9189897,2
ISIC_9190018,0
ISIC_9190265,0
ISIC_9190784,0
ISIC_9191261,2
ISIC_9191270,2
ISIC_9191619,0
ISIC_9192315,2
ISIC_9192632,4
ISIC_9193122,0
ISIC_9193127,4
ISIC_9193182,3
ISIC_9193770,4
ISIC_9193776,4
ISIC_9194082,0
ISIC_9194220,2
ISIC_9195475,0
ISIC_9195550,2
ISIC_9195962,3
ISIC_9196033,3
ISIC_9196122,3
ISIC_9196276,2
ISIC_9196424,1
ISIC_9196583,2
ISIC_9196783,3
ISIC_9196819,1
ISIC_9197054,1
ISIC_9197665,1
ISIC_9198021,4
ISIC_9198404,3
ISIC_9198657,1
ISIC_9198897,2
ISIC_9199158,3
ISIC_9199229,0
ISIC_9199393,1
ISIC_9199429,3
ISIC_9199965,3
ISIC_9199969,1
ISIC_9200085,4
ISIC_9200123,3
ISIC_9201657,2
ISIC_9202003,1
ISIC_9202161,0
ISIC_9202278,3
ISIC_9202877,0
ISIC_9203070,4
ISIC_9203424,4
ISIC_9203669,4
ISIC_9203812,1
ISIC_9203914,1
ISIC_9204214,3
ISIC_9204272,3
ISIC_9204678,1
ISIC_9204688,2
ISIC_9204951,2
ISIC_9205063,1
ISIC_9206499,2
ISIC_9206710,2
ISIC_9207137,2
ISIC_9207161,4
ISIC_9207328,3
ISIC_9207895,3
ISIC_9208006,4
ISIC_9208261,0
ISIC_9208528,2
ISIC_9208953,1
ISIC_9209245,3
ISIC_9209334,3
ISIC_9209515,2
ISIC_9209840,4
ISIC_9210255,4
ISIC_9210825,0
ISIC_9211072,4
ISIC_9211175,1
ISIC_9211222,0
ISIC_9211620,1
ISIC_9211950,0
ISIC_9211989,0
ISIC_9212054,1
ISIC_9213738,0
ISIC_9214172,4
ISIC_9214448,2
ISIC_9214601,2
ISIC_9214709,0
ISIC_9215836,3
ISIC_9216458,2
ISIC_9216956,1
ISIC_9216970,4
ISIC_9216989,1
ISIC_9217340,2
ISIC_9217405,0
ISIC_9217838,0
ISIC_9217917,4
ISIC_9218360,0
ISIC_9218984,3
ISIC_9219421,4
ISIC_9219633,3
ISIC_9219692,4
ISIC_9219980,1
ISIC_9221004,1
ISIC_9221190,2
ISIC_9221435,1
ISIC_9222136,0
ISIC_9222483,2
ISIC_9222807,2
ISIC_9223108,2
ISIC_9223156,1
ISIC_9223481,1
ISIC_9223679,1
ISIC_9223743,2
ISIC_9223890,0
ISIC_9223893,3
ISIC_9224182,1
ISIC_9224337,2
ISIC_9224820,0
ISIC_9225184,1
ISIC_9225210,1
ISIC_9225592,0
ISIC_9225640,0
ISIC_9225880,4
ISIC_9226193,3
ISIC_9227205,0
ISIC_9227253,4
ISIC_9227392,2
ISIC_9227653,3
ISIC_9227754,1
ISIC_9227877,3
ISIC_9228120,0
ISIC_9228224,1
ISIC_9228573,0
ISIC_9228729,3
ISIC_9229373,4
ISIC_9229525,1
ISIC_9230295,0
ISIC_9230781,1
ISIC_9230809,4
ISIC_9230826,1
ISIC_9230976,0
ISIC_9231079,0
ISIC_9231263,1
ISIC_9232153,0
ISIC_9232157,4
ISIC_9232519,1
ISIC_9232587,3
ISIC_9232615,4
ISIC_9233009,3
ISIC_9234944,3
ISIC_9235862,0
ISIC_9235975,2
ISIC_9235996,0
ISIC_9236241,0
ISIC_9236253,2
ISIC_9237193,1
ISIC_9237244,3
ISIC_9237341,4
ISIC_9238366,0
ISIC_9239093,2
ISIC_9239109,2
ISIC_9239271,3
ISIC_9239339,3
ISIC_9239632,1
ISIC_9239789,2
ISIC_9239862,0
ISIC_9240657,1
ISIC_9240979,3
ISIC_9241093,4
ISIC_9241222,0
ISIC_9241497,1
ISIC_9241599,2
ISIC_9241722,4
ISIC_9241732,4
ISIC_9241834,3
ISIC_9242094,1
ISIC_9242141,0
ISIC_9242193,1
ISIC_9242891,1
ISIC_9243440,4
ISIC_9243738,2
ISIC_9244047,0
ISIC_9244393,1
ISIC_9244634,1
ISIC_9244659,3
ISIC_9244711,1
ISIC_9244889,3
ISIC_9245101,1
ISIC_9245103,4
ISIC_9245355,0
ISIC_9245674,0
ISIC_9245680,2
ISIC_9245734,2
ISIC_9246022,1
ISIC_9246565,3
ISIC_9246650,2
ISIC_9246908,0
ISIC_9247089,4
ISIC_9247141,3
ISIC_9247173,0
ISIC_9247247,3
ISIC_9247687,2
ISIC_9248852,0
ISIC_9249257,4
ISIC_9249434,3
ISIC_9250269,2
ISIC_9250898,1
ISIC_9252122,0
ISIC_9252628,4
ISIC_9252800,2
ISIC_9252956,3
ISIC_9253739,0
ISIC_9254136,4
ISIC_9254433,1
ISIC_9255083,0
ISIC_9255094,0
ISIC_9255522,1
ISIC_9256438,4
ISIC_9256571,0
ISIC_9257020,4
ISIC_9257167,3
ISIC_9257356,0
ISIC_9258027,2
ISIC_9258579,1
ISIC_9259384,0
ISIC_9259488,2
ISIC_9259697,3
ISIC_9259820,0
ISIC_9259892,3
ISIC_9259989,2
ISIC_9260395,0
ISIC_9260499,2
ISIC_9260935,4
ISIC_9261199,2
ISIC_9262162,1
ISIC_9262606,1
ISIC_9262813,4
ISIC_9263896,4
ISIC_9263944,3
ISIC_9263990,4
ISIC_9264072,1
ISIC_9264330,3
ISIC_9264993,0
ISIC_9265406,2
ISIC_9265765,1
ISIC_9265973,0
ISIC_9266048,4
ISIC_9266246,0
ISIC_9266440,3
ISIC_9266841,4
ISIC_9267058,0
ISIC_9267202,4
ISIC_9267267,2
ISIC_9267392,1
ISIC_9267639,3
ISIC_9268137,2
ISIC_9268141,4
ISIC_9268487,2
ISIC_9270335,3
ISIC_9270367,3
ISIC_9270418,4
ISIC_9271101,3
ISIC_9271416,4
ISIC_9271514,0
ISIC_9271800,3
ISIC_9271848,3
ISIC_9271930,1
ISIC_9272770,0
ISIC_9272859,1
ISIC_9272897,3
ISIC_9273465,2
ISIC_9273568,3
ISIC_9273715,1
ISIC_9273777,1
ISIC_9274041,2
ISIC_9274260,1
ISIC_9274776,0
ISIC_9274984,2
ISIC_9275899,4
ISIC_9276066,0
ISIC_9276442,1
ISIC_9276479,4
ISIC_9276931,4
ISIC_9277434,4
ISIC_9277695,2
ISIC_9277774,1
ISIC_9278100,2
ISIC_9278139,3
ISIC_9278477,2
ISIC_9278685,3
ISIC_9278694,2
ISIC_9279110,2
ISIC_9279329,2
ISIC_9279540,4
ISIC_9280075,4
ISIC_9280171,4
ISIC_9280210,3
ISIC_9280358,0
ISIC_9280399,0
ISIC_9280557,2
ISIC_9281339,4
ISIC_9281484,1
ISIC_9282976,4
ISIC_9283374,1
ISIC_9283427,1
ISIC_9283914,1
ISIC_9284063,2
ISIC_9284203,0
ISIC_9284304,3
ISIC_9284339,0
ISIC_9285033,1
ISIC_9285635,1
ISIC_9286292,3
ISIC_9286929,1
ISIC_9286968,4
ISIC_9287229,3
ISIC_9287470,3
ISIC_9287611,3
ISIC_9288490,4
ISIC_9288921,0
ISIC_9288923,0
ISIC_9288963,2
ISIC_9289365,2
ISIC_9289739,2
ISIC_9289932,3
ISIC_9290537,0
ISIC_9290617,1
ISIC_9290785,4
ISIC_9290968,2
ISIC_9291222,0
ISIC_9291233,4
ISIC_9291926,4
ISIC_9292220,4
ISIC_9293491,4
ISIC_9293571,1
ISIC_9293624,0
ISIC_9293970,3
ISIC_9294318,3
ISIC_9294326,2
ISIC_9294593,2
ISIC_9294799,1
ISIC_9294980,1
ISIC_9295135,0
ISIC_9295267,1
ISIC_9295349,3
ISIC_9295519,1
ISIC_9296537,1
ISIC_9296862,3
ISIC_9297251,3
ISIC_9297472,3
ISIC_9297537,0
ISIC_9297585,4
ISIC_9298083,3
ISIC_9298545,1
ISIC_9299197,2
ISIC_9299483,0
ISIC_9299721,2
ISIC_9299819,4
ISIC_9299945,2
ISIC_9300449,1
ISIC_9300579,4
ISIC_9301333,4
ISIC_9301341,3
ISIC_9301346,2
ISIC_9301738,3
ISIC_9301809,2
ISIC_9302653,2
ISIC_9302863,2
ISIC_9303456,4
ISIC_9303594,1
ISIC_9303849,1
ISIC_9304022,1
ISIC_9305113,3
ISIC_9305209,2
ISIC_9305323,2
ISIC_9305566,2
ISIC_9305788,3
ISIC_9305807,3
ISIC_9307297,3
ISIC_9307299,4
ISIC_9307584,2
ISIC_9307797,3
ISIC_9307997,4
ISIC_9308030,0
ISIC_9308275,4
ISIC_9308276,3
ISIC_9308284,0
ISIC_9308624,0
ISIC_9308808,1
ISIC_9308886,4
ISIC_9309245,2
ISIC_9309812,4
ISIC_9310082,1
ISIC_9310101,0
ISIC_9310178,0
ISIC_9310210,4
ISIC_9310505,2
ISIC_9310691,1
ISIC_9311196,3
ISIC_9311623,2
ISIC_9311678,0
ISIC_9311864,2
ISIC_9312099,4
ISIC_9312164,1
ISIC_9312235,4
ISIC_9312264,0
ISIC_9312312,4
ISIC_9312767,0
ISIC_9312904,0
ISIC_9313377,1
ISIC_9313851,2
ISIC_9314142,2
ISIC_9314144,4
ISIC_9314358,2
ISIC_9314646,4
ISIC_9315146,2
ISIC_9316994,2
ISIC_9317378,1
ISIC_9317483,1
ISIC_9317712,1
ISIC_9317777,0
ISIC_9317894,4
ISIC_9317929,3
ISIC_9318322,2
ISIC_9318354,4
ISIC_9318508,4
ISIC_9318528,4
ISIC_9318809,1
ISIC_9319548,0
ISIC_9319602,2
ISIC_9319661,2
ISIC_9319716,0
ISIC_9320090,4
ISIC_9320258,3
ISIC_9320310,0
ISIC_9320586,2
ISIC_9320789,2
ISIC_9321136,4
ISIC_9321383,2
ISIC_9321537,4
ISIC_9321837,0
ISIC_9322551,2
ISIC_9322705,4
ISIC_9323095,2
ISIC_9323283,1
ISIC_9323627,3
ISIC_9323659,1
ISIC_9324123,2
ISIC_9324486,2
ISIC_9325164,4
ISIC_9325254,4
ISIC_9325527,2
ISIC_9326253,1
ISIC_9326566,0
ISIC_9326674,1
ISIC_9327229,1
ISIC_9327346,3
ISIC_9328242,1
ISIC_9328512,4
ISIC_9328589,3
ISIC_9329505,3
ISIC_9329713,4
ISIC_9330083,2
ISIC_9330103,4
ISIC_9330341,1
ISIC_9330485,0
ISIC_9330527,4
ISIC_9330876,3
ISIC_9330891,0
ISIC_9331031,2
ISIC_9331097,4
ISIC_9331182,1
ISIC_9331684,3
ISIC_9331782,1
ISIC_9331983,2
ISIC_9332205,2
ISIC_9332454,1
ISIC_9332795,4
ISIC_9333157,4
ISIC_9333245,3
ISIC_9333546,1
ISIC_9333573,3
ISIC_9333784,1
ISIC_9333842,2
ISIC_9333906,1
ISIC_9334145,1
ISIC_9334741,0
ISIC_9334956,2
ISIC_9335056,0
ISIC_9335240,4
ISIC_9335977,1
ISIC_9336379,4
ISIC_9336382,1
ISIC_9336675,0
ISIC_9336793,4
ISIC_9336830,0
ISIC_9336892,4
ISIC_9337015,0
ISIC_9337570,0
ISIC_9337870,2
ISIC_9338267,4
ISIC_9338349,4
ISIC_9338524,2
ISIC_9338761,4
ISIC_9339096,4
ISIC_9339220,2
ISIC_9339259,3
ISIC_9339525,3
ISIC_9339640,1
ISIC_9339713,4
ISIC_9339756,2
ISIC_9339800,2
ISIC_9339842,2
ISIC_9340102,3
ISIC_9340122,1
ISIC_9340280,4
ISIC_9340334,3
ISIC_9340659,4
ISIC_9342053,0
ISIC_9342436,4
ISIC_9343601,1
ISIC_9343976,1
ISIC_9344253,1
ISIC_9344352,0
ISIC_9344664,4
ISIC_9345063,0
ISIC_9345294,2
ISIC_9345669,0
ISIC_9345670,4
ISIC_9345892,0
ISIC_9346074,2
ISIC_9347736,0
ISIC_9347740,3
ISIC_9348374,4
ISIC_9348399,1
ISIC_9348781,4
ISIC_9348809,1
ISIC_9349327,4
ISIC_9349930,4
ISIC_9350197,4
ISIC_9350507,1
ISIC_9350601,0
ISIC_9351189,1
ISIC_9351196,1
ISIC_9351418,1
ISIC_9351516,3
ISIC_9352060,3
ISIC_9352293,1
ISIC_9353004,3
ISIC_9353514,3
ISIC_9353895,2
ISIC_9354237,3
ISIC_9354604,4
ISIC_9354947,2
ISIC_9354965,4
ISIC_9355250,0
ISIC_9355326,0
ISIC_9355535,3
ISIC_9355671,4
ISIC_9355890,1
ISIC_9356120,2
ISIC_9356222,4
ISIC_9356306,0
ISIC_9356313,3
ISIC_9356630,2
ISIC_9356980,2
ISIC_9357039,3
ISIC_9358317,2
ISIC_9358532,3
ISIC_9358630,1
ISIC_9358664,2
ISIC_9360053,4
ISIC_9360142,0
ISIC_9360610,4
ISIC_9361217,0
ISIC_9361467,1
ISIC_9361625,1
ISIC_9361984,1
ISIC_9362960,0
ISIC_9362964,3
ISIC_9363106,0
ISIC_9363222,0
ISIC_9363319,4
ISIC_9363390,1
ISIC_9363564,2
ISIC_9364350,0
ISIC_9364535,0
ISIC_9364585,2
ISIC_9364643,1
ISIC_9364690,4
ISIC_9364740,4
ISIC_9364879,2
ISIC_9364994,0
ISIC_9365475,1
ISIC_9365486,3
ISIC_9366185,0
ISIC_9366210,4
ISIC_9366620,1
ISIC_9366737,0
ISIC_9366873,4
ISIC_9367353,4
ISIC_9367445,1
ISIC_9367522,4
ISIC_9367832,4
ISIC_9368089,3
ISIC_9368315,0
ISIC_9368534,2
ISIC_9368994,4
ISIC_9369222,4
ISIC_9370500,2
ISIC_9370758,0
ISIC_9371536,2
ISIC_9371867,0
ISIC_9371926,4
ISIC_9373089,3
ISIC_9373279,4
ISIC_9374061,2
ISIC_9374111,2
ISIC_9374187,2
ISIC_9374598,0
ISIC_9374628,2
ISIC_9375086,3
ISIC_9375324,3
ISIC_9375426,1
ISIC_9375897,1
ISIC_9375930,0
ISIC_9377716,0
ISIC_9377751,0
ISIC_9378140,4
ISIC_9378153,0
ISIC_9378782,0
ISIC_9378805,0
ISIC_9378883,1
ISIC_9379477,1
ISIC_9379545,2
ISIC_9379816,0
ISIC_9379917,2
ISIC_9380228,4
ISIC_9380275,3
ISIC_9382392,4
ISIC_9382494,4
ISIC_9383110,0
ISIC_9383204,0
ISIC_9383927,0
ISIC_9384566,0
ISIC_9384687,1
ISIC_9384781,4
ISIC_9384835,2
ISIC_9385014,2
ISIC_9385996,4
ISIC_9386509,1
ISIC_9386541,1
ISIC_9386946,4
ISIC_9387054,0
ISIC_9387345,4
ISIC_9387488,2
ISIC_9388157,1
ISIC_9389341,0
ISIC_9389362,4
ISIC_9389584,2
ISIC_9389870,4
ISIC_9390107,3
ISIC_9390275,1
ISIC_9390305,2
ISIC_9391846,0
ISIC_9391954,0
ISIC_9392704,1
ISIC_9392728,3
ISIC_9393022,1
ISIC_9393085,1
ISIC_9394148,3
ISIC_9395144,4
ISIC_9395519,0
ISIC_9395681,1
ISIC_9395707,1
ISIC_9396422,1
ISIC_9396628,0
ISIC_9397126,0
ISIC_9397696,0
ISIC_9398499,3
ISIC_9398989,0
ISIC_9399365,4
ISIC_9399475,3
ISIC_9399686,1
ISIC_9399967,0
ISIC_9400054,3
ISIC_9400162,0
ISIC_9400984,3
ISIC_9401187,4
ISIC_9401543,2
ISIC_9402263,2
ISIC_9402324,2
ISIC_9402503,3
ISIC_9402619,2
ISIC_9402810,0
ISIC_9403039,2
ISIC_9403126,4
ISIC_9403241,4
ISIC_9403292,2
ISIC_9403390,4
ISIC_9403491,1
ISIC_9403998,0
ISIC_9404190,0
ISIC_9405403,3
ISIC_9405838,3
ISIC_9405920,2
ISIC_9406118,0
ISIC_9406275,0
ISIC_9406299,4
ISIC_9406568,3
ISIC_9407019,4
ISIC_9407034,4
ISIC_9407448,0
ISIC_9407543,3
ISIC_9407667,1
ISIC_9407690,2
ISIC_9407781,4
ISIC_9408036,4
ISIC_9408125,3
ISIC_9408359,1
ISIC_9408461,0
ISIC_9408875,3
ISIC_9408967,4
ISIC_9409255,2
ISIC_9410044,4
ISIC_9411337,0
ISIC_9411603,2
ISIC_9411854,0
ISIC_9412119,0
ISIC_9412122,3
ISIC_9412963,0
ISIC_9414126,2
ISIC_9414150,2
ISIC_9414322,4
ISIC_9414374,3
ISIC_9414574,3
ISIC_9414654,1
ISIC_9414904,2
ISIC_9415085,3
ISIC_9415528,2
ISIC_9416183,0
ISIC_9416399,4
ISIC_9416522,1
ISIC_9416538,4
ISIC_9416765,4
ISIC_9417004,2
ISIC_9417173,1
ISIC_9417242,3
ISIC_9417600,4
ISIC_9417604,2
ISIC_9418057,0
ISIC_9418152,1
ISIC_9418177,2
ISIC_9418196,4
ISIC_9418224,4
ISIC_9418745,1
ISIC_9419012,3
ISIC_9419454,4
ISIC_9419841,4
ISIC_9419847,3
ISIC_9420413,2
ISIC_9421354,3
ISIC_9421698,3
ISIC_9421796,2
ISIC_9422298,1
ISIC_9422630,1
ISIC_9423176,1
ISIC_9423971,2
ISIC_9424172,3
ISIC_9424706,1
ISIC_9424787,1
ISIC_9425363,0
ISIC_9425937,3
ISIC_9426406,0
ISIC_9426433,3
ISIC_9426607,1
ISIC_9426618,4
ISIC_9426834,1
ISIC_9427455,2
ISIC_9427591,4
ISIC_9428246,2
ISIC_9429096,2
ISIC_9429774,4
ISIC_9429870,1
ISIC_9430109,3
ISIC_9430349,0
ISIC_9431739,1
ISIC_9432244,4
ISIC_9433232,3
ISIC_9433382,0
ISIC_9433388,0
ISIC_9433473,4
ISIC_9433523,2
ISIC_9433902,0
ISIC_9434115,2
ISIC_9434415,3
ISIC_9435180,3
ISIC_9435365,2
ISIC_9435728,4
ISIC_9435742,4
ISIC_9435927,3
ISIC_9436034,2
ISIC_9436129,2
ISIC_9437019,1
ISIC_9437211,4
ISIC_9437380,2
ISIC_9437390,0
ISIC_9437417,0
ISIC_9437426,1
ISIC_9437584,2
ISIC_9437789,3
ISIC_9437791,3
ISIC_9437975,4
ISIC_9438011,2
ISIC_9438178,2
ISIC_9438607,2
ISIC_9438998,0
ISIC_9439034,0
ISIC_9439742,1
ISIC_9440209,1
ISIC_9440565,3
ISIC_9440581,1
ISIC_9441123,4
ISIC_9441393,1
ISIC_9441572,3
ISIC_9441580,4
ISIC_9441942,1
ISIC_9442018,1
ISIC_9442095,3
ISIC_9442260,1
ISIC_9442319,0
ISIC_9442362,2
ISIC_9442715,1
ISIC_9443041,4
ISIC_9443184,3
ISIC_9443383,1
ISIC_9443820,0
ISIC_9443855,1
ISIC_9443898,4
ISIC_9443910,2
ISIC_9444090,4
ISIC_9444359,2
ISIC_9444493,1
ISIC_9445053,2
ISIC_9445196,1
ISIC_9445441,2
ISIC_9445745,4
ISIC_9445806,0
ISIC_9447286,1
ISIC_9447874,0
ISIC_9448128,4
ISIC_9448271,2
ISIC_9448281,4
ISIC_9448599,3
ISIC_9448629,4
ISIC_9448690,2
ISIC_9449064,2
ISIC_9449365,4
ISIC_9449388,1
ISIC_9449442,3
ISIC_9450200,2
ISIC_9450541,2
ISIC_9450628,4
ISIC_9450695,4
ISIC_9450906,0
ISIC_9451910,2
ISIC_9452525,3
ISIC_9452964,3
ISIC_9453392,2
ISIC_9453737,1
ISIC_9454024,3
ISIC_9454730,0
ISIC_9454839,1
ISIC_9455150,2
ISIC_9455994,1
ISIC_9456322,0
ISIC_9456752,0
ISIC_9457506,3
ISIC_9458696,2
ISIC_9458746,1
ISIC_9458769,4
ISIC_9458782,2
ISIC_9459785,1
ISIC_9459923,3
ISIC_9459936,1
ISIC_9460379,4
ISIC_9460892,2
ISIC_9460903,2
ISIC_9461926,2
ISIC_9461940,1
ISIC_9461953,2
ISIC_9462205,2
ISIC_9462212,1
ISIC_9462346,4
ISIC_9462449,1
ISIC_9462738,3
ISIC_9462955,3
ISIC_9462958,4
ISIC_9462979,0
ISIC_9463691,2
ISIC_9463865,3
ISIC_9463939,4
ISIC_9464116,2
ISIC_9464203,3
ISIC_9465061,4
ISIC_9465063,0
ISIC_9465081,0
ISIC_9466320,4
ISIC_9466416,3
ISIC_9466790,2
ISIC_9466794,1
ISIC_9467082,2
ISIC_9467125,4
ISIC_9467292,1
ISIC_9467322,4
ISIC_9468607,2
ISIC_9469079,2
ISIC_9469284,2
ISIC_9469411,1
ISIC_9469650,2
ISIC_9469773,4
ISIC_9469918,3
ISIC_9470020,2
ISIC_9470043,0
ISIC_9470153,1
ISIC_9470671,1
ISIC_9470876,3
ISIC_9470922,4
ISIC_9471156,0
ISIC_9471383,4
ISIC_9472193,2
ISIC_9472209,2
ISIC_9472515,1
ISIC_9472722,2
ISIC_9472725,1
ISIC_9472951,2
ISIC_9472975,4
ISIC_9473016,1
ISIC_9473134,0
ISIC_9473491,3
ISIC_9473492,3
ISIC_9473731,1
ISIC_9474470,2
ISIC_9475155,1
ISIC_9475194,2
ISIC_9475217,0
ISIC_9475340,3
ISIC_9475559,3
ISIC_9475941,1
ISIC_9476273,1
ISIC_9476664,0
ISIC_9476810,0
ISIC_9476904,4
ISIC_9477158,2
ISIC_9477362,2
ISIC_9477738,1
ISIC_9477825,3
ISIC_9478109,1
ISIC_9478317,4
ISIC_9478517,4
ISIC_9478930,4
ISIC_9479161,4
ISIC_9479460,3
ISIC_9479804,1
ISIC_9480417,4
ISIC_9481260,1
ISIC_9481406,3
ISIC_9481783,4
ISIC_9481834,3
ISIC_9482037,4
ISIC_9482039,0
ISIC_9482165,2
ISIC_9482251,0
ISIC_9482423,4
ISIC_9482754,4
ISIC_9482842,1
ISIC_9483152,3
ISIC_9483306,0
ISIC_9483417,0
ISIC_9483439,1
ISIC_9483832,4
ISIC_9483894,3
ISIC_9484538,4
ISIC_9484736,3
ISIC_9484908,2
ISIC_9485536,1
ISIC_9485883,2
ISIC_9485901,4
ISIC_9486099,4
ISIC_9486313,3
ISIC_9486917,0
ISIC_9487287,3
ISIC_9487585,0
ISIC_9487928,0
ISIC_9488163,0
ISIC_9488846,2
ISIC_9489038,4
ISIC_9489128,2
ISIC_9489379,2
ISIC_9489738,4
ISIC_9489813,1
ISIC_9490024,1
ISIC_9490969,2
ISIC_9491531,0
ISIC_9491630,1
ISIC_9491685,3
ISIC_9492000,3
ISIC_9492603,4
ISIC_9492750,4
ISIC_9492873,3
ISIC_9492896,2
ISIC_9493030,2
ISIC_9493256,0
ISIC_9493506,3
ISIC_9493710,2
ISIC_9494744,2
ISIC_9495211,3
ISIC_9496098,3
ISIC_9496339,0
ISIC_9496738,3
ISIC_9497062,4
ISIC_9497587,1
ISIC_9497678,2
ISIC_9498356,4
ISIC_9498448,1
ISIC_9498714,0
ISIC_9498942,1
ISIC_9498976,0
ISIC_9498995,0
ISIC_9499185,0
ISIC_9499654,2
ISIC_9499685,0
ISIC_9499787,0
ISIC_9499875,2
ISIC_9500007,1
ISIC_9500701,4
ISIC_9500883,4
ISIC_9501056,1
ISIC_9501851,4
ISIC_9501950,3
ISIC_9502241,1
ISIC_9502555,1
ISIC_9502664,0
ISIC_9502863,0
ISIC_9503058,1
ISIC_9503218,4
ISIC_9503498,2
ISIC_9505231,4
ISIC_9505359,4
ISIC_9505595,0
ISIC_9505910,0
ISIC_9506257,4
ISIC_9507926,2
ISIC_9508460,0
ISIC_9508560,4
ISIC_9509076,0
ISIC_9509206,2
ISIC_9509345,4
ISIC_9509360,4
ISIC_9509376,2
ISIC_9509757,3
ISIC_9509771,0
ISIC_9509813,1
ISIC_9509844,2
ISIC_9509992,3
ISIC_9510287,3
ISIC_9510497,1
ISIC_9511265,4
ISIC_9511832,3
ISIC_9511888,2
ISIC_9511942,0
ISIC_9512048,0
ISIC_9512345,1
ISIC_9512558,3
ISIC_9513808,3
ISIC_9513918,1
ISIC_9513932,1
ISIC_9513953,4
ISIC_9514183,2
ISIC_9514330,0
ISIC_9514450,4
ISIC_9514708,3
ISIC_9515030,4
ISIC_9515144,3
ISIC_9515321,0
ISIC_9515811,1
ISIC_9516140,4
ISIC_9516170,1
ISIC_9516221,1
ISIC_9516313,2
ISIC_9516457,4
ISIC_9517456,2
ISIC_9517489,3
ISIC_9517752,3
ISIC_9518115,0
ISIC_9518180,1
ISIC_9519892,0
ISIC_9519906,4
ISIC_9520037,4
ISIC_9520758,4
ISIC_9521089,3
ISIC_9521537,1
ISIC_9521776,2
ISIC_9521898,0
ISIC_9522255,1
ISIC_9522489,1
ISIC_9522628,2
ISIC_9524180,0
ISIC_9524576,0
ISIC_9525136,0
ISIC_9525273,1
ISIC_9525579,2
ISIC_9525721,4
ISIC_9525930,1
ISIC_9526877,2
ISIC_9527051,3
ISIC_9527123,0
ISIC_9528709,0
ISIC_9528732,3
ISIC_9529297,1
ISIC_9529462,4
ISIC_9529971,0
ISIC_9530032,0
ISIC_9530113,1
ISIC_9530821,2
ISIC_9530893,0
ISIC_9531403,3
ISIC_9531527,3
ISIC_9533977,1
ISIC_9534056,3
ISIC_9534415,1
ISIC_9534978,0
ISIC_9535018,4
ISIC_9535114,1
ISIC_9535651,3
ISIC_9537079,0
ISIC_9537231,3
ISIC_9537483,4
ISIC_9537532,2
ISIC_9537698,0
ISIC_9538004,1
ISIC_9538419,0
ISIC_9538621,3
ISIC_9538671,3
ISIC_9538929,1
ISIC_9539757,1
ISIC_9540109,2
ISIC_9540352,2
ISIC_9540598,4
ISIC_9540613,2
ISIC_9540703,3
ISIC_9540825,3
ISIC_9541033,1
ISIC_9541491,1
ISIC_9542037,1
ISIC_9542430,4
ISIC_9542544,4
ISIC_9542764,0
ISIC_9542791,4
ISIC_9542960,2
ISIC_9543841,2
ISIC_9543945,0
ISIC_9543982,0
ISIC_9544059,3
ISIC_9544564,3
ISIC_9544832,2
ISIC_9545150,2
ISIC_9545346,1
ISIC_9545819,3
ISIC_9546061,2
ISIC_9546197,1
ISIC_9546788,4
ISIC_9546876,3
ISIC_9547089,0
ISIC_9547725,4
ISIC_9548034,2
ISIC_9548821,4
ISIC_9549857,3
ISIC_9550834,2
ISIC_9551111,4
ISIC_9551134,3
ISIC_9551360,4
ISIC_9551406,4
ISIC_9551410,3
ISIC_9551696,1
ISIC_9552235,4
ISIC_9552756,1
ISIC_9553125,2
ISIC_9553194,2
ISIC_9553502,0
ISIC_9553830,1
ISIC_9554769,2
ISIC_9554872,0
ISIC_9555044,1
ISIC_9555291,4
ISIC_9555580,1
ISIC_9555702,0
ISIC_9556334,0
ISIC_9557058,4
ISIC_9558222,1
ISIC_9558915,0
ISIC_9559293,3
ISIC_9559922,2
ISIC_9560298,3
ISIC_9560390,2
ISIC_9560483,4
ISIC_9560639,0
ISIC_9560694,3
ISIC_9560804,0
ISIC_9561954,0
ISIC_9562036,2
ISIC_9562106,0
ISIC_9562157,3
ISIC_9562292,2
ISIC_9562399,3
ISIC_9562442,2
ISIC_9562731,3
ISIC_9563464,0
ISIC_9563514,3
ISIC_9563809,2
ISIC_9563972,0
ISIC_9564379,0
ISIC_9564525,2
ISIC_9564875,2
ISIC_9564900,2
ISIC_9565194,2
ISIC_9565330,3
ISIC_9565803,4
ISIC_9566426,2
ISIC_9566964,0
ISIC_9567694,0
ISIC_9567812,3
ISIC_9567935,3
ISIC_9568138,1
ISIC_9568166,1
ISIC_9568229,3
ISIC_9568624,1
ISIC_9568868,4
ISIC_9569669,3
ISIC_9569674,3
ISIC_9569891,1
ISIC_9570160,0
ISIC_9570207,2
ISIC_9570855,2
ISIC_9570983,4
ISIC_9571044,3
ISIC_9571107,2
ISIC_9571274,1
ISIC_9571685,2
ISIC_9571782,0
ISIC_9571842,1
ISIC_9571971,1
ISIC_9572152,3
ISIC_9572346,1
ISIC_9572421,4
ISIC_9572651,3
ISIC_9573024,2
ISIC_9573267,0
ISIC_9573538,2
ISIC_9574051,3
ISIC_9574101,1
ISIC_9574191,2
ISIC_9574237,1
ISIC_9574488,0
ISIC_9574591,4
ISIC_9574802,4
ISIC_9574819,2
ISIC_9576269,4
ISIC_9576385,4
ISIC_9576957,3
ISIC_9577235,2
ISIC_9577302,1
ISIC_9577368,1
ISIC_9577512,0
ISIC_9577645,3
ISIC_9578094,2
ISIC_9578109,2
ISIC_9578428,3
ISIC_9578603,1
ISIC_9578777,1
ISIC_9578941,0
ISIC_9579506,0
ISIC_9579703,1
ISIC_9579738,0
ISIC_9579922,1
ISIC_9579996,0
ISIC_9580101,2
ISIC_9580143,0
ISIC_9580344,0
ISIC_9580380,4
ISIC_9580562,3
ISIC_9580941,2
ISIC_9581645,3
ISIC_9581761,4
ISIC_9582129,0
ISIC_9582532,0
ISIC_9582535,3
ISIC_9582708,3
ISIC_9582886,0
ISIC_9583969,1
ISIC_9584866,4
ISIC_9585329,1
ISIC_9585534,3
ISIC_9586114,2
ISIC_9586221,1
ISIC_9586629,4
ISIC_9586758,3
ISIC_9587173,4
ISIC_9587551,2
ISIC_9587745,0
ISIC_9588065,0
ISIC_9588095,1
ISIC_9588205,4
ISIC_9588279,0
ISIC_9589883,4
ISIC_9590068,3
ISIC_9590080,3
ISIC_9590141,2
ISIC_9590331,0
ISIC_9590586,4
ISIC_9590644,1
ISIC_9590673,2
ISIC_9590727,4
ISIC_9590900,4
ISIC_9590964,1
ISIC_9591623,3
ISIC_9591934,2
ISIC_9593344,2
ISIC_9593796,3
ISIC_9593811,2
ISIC_9593933,0
ISIC_9593940,0
ISIC_9594276,2
ISIC_9594280,3
ISIC_9594967,2
ISIC_9595171,0
ISIC_9595201,4
ISIC_9595362,0
ISIC_9595560,1
ISIC_9595835,0
ISIC_9595988,4
ISIC_9596059,0
ISIC_9596146,1
ISIC_9596531,2
ISIC_9596617,0
ISIC_9596685,3
ISIC_9596721,0
ISIC_9596837,1
ISIC_9596955,1
ISIC_9597139,4
ISIC_9597728,1
ISIC_9597731,3
ISIC_9597903,2
ISIC_9598426,3
ISIC_9598453,0
ISIC_9598638,4
ISIC_9599187,2
ISIC_9599476,1
ISIC_9599678,2
ISIC_9600205,4
ISIC_9600586,1
ISIC_9601054,1
ISIC_9601132,0
ISIC_9601859,1
ISIC_9602122,2
ISIC_9602335,4
ISIC_9603178,1
ISIC_9603237,2
ISIC_9603357,4
ISIC_9603598,4
ISIC_9603637,1
ISIC_9603756,1
ISIC_9603966,3
ISIC_9604806,3
ISIC_9604922,1
ISIC_9605031,2
ISIC_9605122,4
ISIC_9605236,1
ISIC_9606109,4
ISIC_9606139,2
ISIC_9607081,1
ISIC_9607252,3
ISIC_9607725,0
ISIC_9608159,1
ISIC_9608191,4
ISIC_9608773,4
ISIC_9608774,2
ISIC_9608861,0
ISIC_9609865,2
ISIC_9609907,2
ISIC_9610311,2
ISIC_9611100,4
ISIC_9611250,4
ISIC_9611429,0
ISIC_9612228,0
ISIC_9612481,3
ISIC_9613570,2
ISIC_9614392,3
ISIC_9614483,1
ISIC_9614763,3
ISIC_9615264,4
ISIC_9615579,4
ISIC_9615629,1
ISIC_9616024,3
ISIC_9616071,2
ISIC_9616281,0
ISIC_9616986,2
ISIC_9617137,1
ISIC_9617738,1
ISIC_9617855,0
ISIC_9617956,1
ISIC_9617969,2
ISIC_9618016,4
ISIC_9618489,4
ISIC_9618840,1
ISIC_9618922,0
ISIC_9619029,4
ISIC_9619162,4
ISIC_9620442,3
ISIC_9620642,3
ISIC_9621327,2
ISIC_9621586,1
ISIC_9622250,1
ISIC_9622274,3
ISIC_9622948,4
ISIC_9623772,4
ISIC_9624268,2
ISIC_9625117,1
ISIC_9625160,2
ISIC_9625269,0
ISIC_9625295,4
ISIC_9625543,3
ISIC_9625873,3
ISIC_9625875,1
ISIC_9626070,4
ISIC_9626110,0
ISIC_9626241,4
ISIC_9626777,0
ISIC_9626843,3
ISIC_9626997,3
ISIC_9627139,4
ISIC_9627148,4
ISIC_9627552,2
ISIC_9627932,4
ISIC_9628370,4
ISIC_9628600,3
ISIC_9628667,0
ISIC_9629024,2
ISIC_9629583,0
ISIC_9629757,1
ISIC_9630931,4
ISIC_9631590,0
ISIC_9631669,2
ISIC_9631792,0
ISIC_9631793,2
ISIC_9631972,4
ISIC_9632184,2
ISIC_9632450,3
ISIC_9632665,2
ISIC_9632715,3
ISIC_9632819,3
ISIC_9632917,0
ISIC_9633789,3
ISIC_9634018,2
ISIC_9634177,1
ISIC_9634945,2
ISIC_9635270,0
ISIC_9635857,1
ISIC_9636293,0
ISIC_9636382,0
ISIC_9636460,1
ISIC_9636514,0
ISIC_9636849,3
ISIC_9636881,1
ISIC_9637036,2
ISIC_9637180,1
ISIC_9637245,0
ISIC_9637285,0
ISIC_9637306,2
ISIC_9637932,3
ISIC_9637941,4
ISIC_9638088,1
ISIC_9638270,3
ISIC_9638386,1
ISIC_9638395,4
ISIC_9638837,2
ISIC_9638952,1
ISIC_9639064,3
ISIC_9639348,1
ISIC_9639931,0
ISIC_9640145,3
ISIC_9640245,4
ISIC_9640847,4
ISIC_9641092,1
ISIC_9642076,1
ISIC_9642655,0
ISIC_9642671,4
ISIC_9643132,2
ISIC_9643294,0
ISIC_9643438,0
ISIC_9643578,2
ISIC_9643672,2
ISIC_9643768,0
ISIC_9643846,1
ISIC_9644360,2
ISIC_9644397,3
ISIC_9644412,3
ISIC_9644567,1
ISIC_9644813,0
ISIC_9644859,2
ISIC_9645666,1
ISIC_9645937,4
ISIC_9646356,4
ISIC_9646599,1
ISIC_9647024,3
ISIC_9647502,0
ISIC_9648013,4
ISIC_9648278,0
ISIC_9648563,3
ISIC_9648696,1
ISIC_9648812,2
ISIC_9648904,2
ISIC_9649028,1
ISIC_9649225,2
ISIC_9649253,0
ISIC_9649398,4
ISIC_9649534,0
ISIC_9649587,3
ISIC_9649863,3
ISIC_9650427,3
ISIC_9650546,0
ISIC_9650685,2
ISIC_9650774,1
ISIC_9650845,4
ISIC_9650848,1
ISIC_9651608,0
ISIC_9651698,3
ISIC_9651769,3
ISIC_9652183,1
ISIC_9652226,1
ISIC_9652400,1
ISIC_9654057,3
ISIC_9654161,0
ISIC_9654366,0
ISIC_9654389,2
ISIC_9654537,0
ISIC_9655236,4
ISIC_9655520,2
ISIC_9655883,1
ISIC_9657153,4
ISIC_9657441,2
ISIC_9657811,2
ISIC_9657852,2
ISIC_9657963,4
ISIC_9658006,3
ISIC_9658175,4
ISIC_9658370,0
ISIC_9659306,1
ISIC_9659443,4
ISIC_9659586,4
ISIC_9659654,4
ISIC_9660409,0
ISIC_9660528,0
ISIC_9660555,3
ISIC_9660874,4
ISIC_9661108,3
ISIC_9661686,3
ISIC_9661771,0
ISIC_9662236,1
ISIC_9662367,1
ISIC_9663017,4
ISIC_9663053,3
ISIC_9663140,4
ISIC_9663190,2
ISIC_9663406,4
ISIC_9664610,0
ISIC_9664705,2
ISIC_9665176,0
ISIC_9665206,1
ISIC_9665486,1
ISIC_9665763,4
ISIC_9666088,4
ISIC_9666709,3
ISIC_9666919,0
ISIC_9667297,1
ISIC_9667836,0
ISIC_9667908,0
ISIC_9668211,1
ISIC_9668332,0
ISIC_9668514,2
ISIC_9668646,1
ISIC_9669177,3
ISIC_9669808,4
ISIC_9669830,3
ISIC_9669876,3
ISIC_9669954,3
ISIC_9670029,3
ISIC_9670242,1
ISIC_9670400,0
ISIC_9670716,4
ISIC_9671143,3
ISIC_9671443,4
ISIC_9671900,4
ISIC_9672236,4
ISIC_9672376,3
ISIC_9672482,0
ISIC_9672574,3
ISIC_9672719,2
ISIC_9672734,3
ISIC_9672879,1
ISIC_9673053,2
ISIC_9673791,1
ISIC_9674173,0
ISIC_9675057,1
ISIC_9675304,0
ISIC_9675804,2
ISIC_9676233,4
ISIC_9676432,1
ISIC_9677250,1
ISIC_9677503,0
ISIC_9677697,2
ISIC_9679289,2
ISIC_9679700,1
ISIC_9680071,2
ISIC_9680231,1
ISIC_9680365,2
ISIC_9680411,0
ISIC_9680433,0
ISIC_9680911,4
ISIC_9681146,2
ISIC_9681655,3
ISIC_9682376,2
ISIC_9682473,3
ISIC_9683111,3
ISIC_9683184,4
ISIC_9683418,0
ISIC_9683476,4
ISIC_9683672,1
ISIC_9683937,0
ISIC_9684010,3
ISIC_9684318,4
ISIC_9684649,3
ISIC_9685245,0
ISIC_9685344,3
ISIC_9685480,0
ISIC_9685500,2
ISIC_9685766,1
ISIC_9685928,2
ISIC_9685931,2
ISIC_9686296,1
ISIC_9686581,3
ISIC_9686643,2
ISIC_9687098,3
ISIC_9687369,4
ISIC_9687464,1
ISIC_9687776,1
ISIC_9688119,3
ISIC_9688534,0
ISIC_9688617,4
ISIC_9689133,2
ISIC_9689618,3
ISIC_9690239,2
ISIC_9690256,4
ISIC_9690263,3
ISIC_9690371,3
ISIC_9690422,2
ISIC_9690865,4
ISIC_9691287,3
ISIC_9691303,1
ISIC_9691361,2
ISIC_9691372,2
ISIC_9692222,4
ISIC_9692404,2
ISIC_9693028,4
ISIC_9693103,1
ISIC_9693759,0
ISIC_9694020,3
ISIC_9694198,3
ISIC_9694275,3
ISIC_9694663,3
ISIC_9694867,1
ISIC_9694911,0
ISIC_9695205,3
ISIC_9695501,3
ISIC_9695809,0
ISIC_9696188,0
ISIC_9696502,3
ISIC_9696846,2
ISIC_9697718,4
ISIC_9697899,1
ISIC_9698498,0
ISIC_9698575,4
ISIC_9698774,0
ISIC_9698786,3
ISIC_9698871,2
ISIC_9698934,3
ISIC_9699087,2
ISIC_9699238,1
ISIC_9699520,2
ISIC_9699603,3
ISIC_9699615,1
ISIC_9699635,2
ISIC_9699699,4
ISIC_9699728,2
ISIC_9699830,4
ISIC_9699901,2
ISIC_9700920,2
ISIC_9701171,4
ISIC_9701912,4
ISIC_9702940,3
ISIC_9703315,1
ISIC_9703983,4
ISIC_9704624,0
ISIC_9704788,4
ISIC_9705832,3
ISIC_9706034,2
ISIC_9706318,2
ISIC_9706782,3
ISIC_9706789,2
ISIC_9707207,1
ISIC_9708346,2
ISIC_9709101,3
ISIC_9709507,4
ISIC_9709594,2
ISIC_9709689,4
ISIC_9709782,4
ISIC_9709922,3
ISIC_9710168,4
ISIC_9710367,3
ISIC_9711252,0
ISIC_9711325,1
ISIC_9711814,1
ISIC_9711851,3
ISIC_9711881,0
ISIC_9711911,4
ISIC_9712403,4
ISIC_9712479,2
ISIC_9712522,0
ISIC_9712963,3
ISIC_9712995,1
ISIC_9713243,0
ISIC_9713281,0
ISIC_9713363,4
ISIC_9713706,3
ISIC_9713897,1
ISIC_9713959,1
ISIC_9714160,4
ISIC_9714255,1
ISIC_9714346,2
ISIC_9714477,3
ISIC_9714746,0
ISIC_9716031,1
ISIC_9716059,4
ISIC_9716370,0
ISIC_9716498,3
ISIC_9716860,3
ISIC_9718067,0
ISIC_9718736,2
ISIC_9718957,3
ISIC_9719213,1
ISIC_9719576,1
ISIC_9719922,1
ISIC_9719936,0
ISIC_9720044,2
ISIC_9720236,1
ISIC_9720340,4
ISIC_9720518,3
ISIC_9721056,2
ISIC_9721312,1
ISIC_9721604,0
ISIC_9721734,4
ISIC_9721853,3
ISIC_9722385,2
ISIC_9722387,1
ISIC_9722899,1
ISIC_9723110,2
ISIC_9723519,0
ISIC_9723532,3
ISIC_9723594,3
ISIC_9723646,4
ISIC_9724276,2
ISIC_9724506,0
ISIC_9724550,0
ISIC_9724720,0
ISIC_9725043,4
ISIC_9725205,4
ISIC_9725342,1
ISIC_9725585,1
ISIC_9725655,1
ISIC_9725848,2
ISIC_9726155,1
ISIC_9726957,2
ISIC_9727132,3
ISIC_9727219,4
ISIC_9728003,1
ISIC_9728431,0
ISIC_9728805,1
ISIC_9729028,1
ISIC_9729313,3
ISIC_9729529,4
ISIC_9730889,4
ISIC_9731331,2
ISIC_9731788,3
ISIC_9731969,0
ISIC_9732721,3
ISIC_9732800,3
ISIC_9732811,3
ISIC_9733592,4
ISIC_9733758,1
ISIC_9734174,0
ISIC_9735601,4
ISIC_9735832,1
ISIC_9736021,2
ISIC_9736710,2
ISIC_9737009,0
ISIC_9737305,3
ISIC_9738202,1
ISIC_9738306,1
ISIC_9739062,2
ISIC_9739610,3
ISIC_9739881,0
ISIC_9739954,1
ISIC_9740352,3
ISIC_9740471,0
ISIC_9740673,0
ISIC_9740701,3
ISIC_9740742,1
ISIC_9740764,1
ISIC_9741917,4
ISIC_9742040,1
ISIC_9742073,3
ISIC_9742104,2
ISIC_9742891,1
ISIC_9743002,0
ISIC_9743014,2
ISIC_9743052,2
ISIC_9743100,0
ISIC_9743548,4
ISIC_9743573,3
ISIC_9743638,2
ISIC_9744054,0
ISIC_9744087,1
ISIC_9744206,3
ISIC_9744723,1
ISIC_9744755,1
ISIC_9745038,0
ISIC_9745283,0
ISIC_9745492,2
ISIC_9745562,2
ISIC_9745634,2
ISIC_9745942,4
ISIC_9746246,4
ISIC_9746806,3
ISIC_9746861,3
ISIC_9747194,3
ISIC_9747234,2
ISIC_9747249,4
ISIC_9747321,4
ISIC_9747704,1
ISIC_9748173,1
ISIC_9748543,0
ISIC_9748845,1
ISIC_9749009,4
ISIC_9749030,3
ISIC_9749056,2
ISIC_9749362,2
ISIC_9749497,3
ISIC_9749663,0
ISIC_9749852,3
ISIC_9750403,4
ISIC_9750576,0
ISIC_9750885,1
ISIC_9751013,4
ISIC_9751079,2
ISIC_9751342,0
ISIC_9751601,4
ISIC_9752016,0
ISIC_9752269,3
ISIC_9752420,2
ISIC_9752830,0
ISIC_9752880,3
ISIC_9752914,2
ISIC_9753368,0
ISIC_9753415,3
ISIC_9753451,3
ISIC_9753760,2
ISIC_9753857,0
ISIC_9754098,1
ISIC_9754386,3
ISIC_9754455,1
ISIC_9755786,2
ISIC_9755946,4
ISIC_9756079,4
ISIC_9756117,0
ISIC_9756188,3
ISIC_9756215,1
ISIC_9756409,2
ISIC_9756791,4
ISIC_9756858,2
ISIC_9756999,1
ISIC_9757438,1
ISIC_9757595,1
ISIC_9757654,2
ISIC_9758444,3
ISIC_9758671,0
ISIC_9758861,3
ISIC_9759505,3
ISIC_9760093,4
ISIC_9760338,0
ISIC_9760552,4
ISIC_9760652,4
ISIC_9760968,0
ISIC_9761523,0
ISIC_9761658,2
ISIC_9762609,1
ISIC_9763702,2
ISIC_9763829,4
ISIC_9764024,3
ISIC_9764504,3
ISIC_9764522,1
ISIC_9764833,0
ISIC_9764859,2
ISIC_9764868,2
ISIC_9764872,4
ISIC_9764947,2
ISIC_9764973,1
ISIC_9765024,2
ISIC_9765455,3
ISIC_9765760,4
ISIC_9766238,4
ISIC_9766574,0
ISIC_9766593,4
ISIC_9767255,2
ISIC_9767292,3
ISIC_9767385,4
ISIC_9767883,4
ISIC_9768421,0
ISIC_9768834,1
ISIC_9769827,3
ISIC_9770439,2
ISIC_9770536,1
ISIC_9770677,0
ISIC_9770765,0
ISIC_9771199,4
ISIC_9771739,4
ISIC_9772039,0
ISIC_9772383,1
ISIC_9772465,3
ISIC_9773002,3
ISIC_9773404,4
ISIC_9774132,0
ISIC_9775077,3
ISIC_9775153,2
ISIC_9775399,2
ISIC_9775430,1
ISIC_9775680,1
ISIC_9775904,1
ISIC_9776242,1
ISIC_9776245,3
ISIC_9776533,2
ISIC_9776608,4
ISIC_9776771,1
ISIC_9776851,2
ISIC_9777269,3
ISIC_9777543,0
ISIC_9778253,0
ISIC_9778389,0
ISIC_9778786,2
ISIC_9778899,2
ISIC_9779272,4
ISIC_9779803,1
ISIC_9780031,4
ISIC_9780129,2
ISIC_9781112,1
ISIC_9781738,4
ISIC_9782083,1
ISIC_9782457,3
ISIC_9782539,0
ISIC_9783128,4
ISIC_9783169,2
ISIC_9783456,1
ISIC_9783764,2
ISIC_9783959,3
ISIC_9784104,2
ISIC_9784337,2
ISIC_9785002,4
ISIC_9785077,0
ISIC_9785687,2
ISIC_9785970,2
ISIC_9786069,2
ISIC_9786943,1
ISIC_9787058,3
ISIC_9787320,1
ISIC_9787578,2
ISIC_9787633,0
ISIC_9787802,2
ISIC_9787913,0
ISIC_9788133,0
ISIC_9788174,2
ISIC_9788341,1
ISIC_9788537,0
ISIC_9788545,1
ISIC_9788591,2
ISIC_9788681,2
ISIC_9788955,4
ISIC_9788987,3
ISIC_9789240,2
ISIC_9789769,0
ISIC_9789901,4
ISIC_9789911,3
ISIC_9790808,1
ISIC_9791133,4
ISIC_9791275,3
ISIC_9791586,1
ISIC_9791811,2
ISIC_9791878,2
ISIC_9792253,4
ISIC_9792592,4
ISIC_9793067,3
ISIC_9794122,1
ISIC_9794429,0
ISIC_9794538,0
ISIC_9794606,3
ISIC_9794659,3
ISIC_9794738,1
ISIC_9795458,0
ISIC_9795608,3
ISIC_9795738,0
ISIC_9795868,3
ISIC_9796085,2
ISIC_9796128,0
ISIC_9796680,2
ISIC_9797003,3
ISIC_9797137,0
ISIC_9797578,3
ISIC_9797612,2
ISIC_9797914,0
ISIC_9798721,3
ISIC_9798990,3
ISIC_9799285,0
ISIC_9799460,4
ISIC_9799596,3
ISIC_9800424,2
ISIC_9800565,3
ISIC_9800787,1
ISIC_9800980,1
ISIC_9801917,3
ISIC_9802008,0
ISIC_9802896,2
ISIC_9803367,2
ISIC_9803651,0
ISIC_9803675,1
ISIC_9803747,3
ISIC_9804479,4
ISIC_9805247,1
ISIC_9805452,1
ISIC_9805957,3
ISIC_9806022,0
ISIC_9806131,2
ISIC_9806553,0
ISIC_9806554,3
ISIC_9806768,0
ISIC_9807077,3
ISIC_9807242,4
ISIC_9807570,3
ISIC_9808161,4
ISIC_9808736,4
ISIC_9808842,4
ISIC_9808863,3
ISIC_9809544,4
ISIC_9810094,3
ISIC_9810276,4
ISIC_9810417,4
ISIC_9810847,2
ISIC_9811367,4
ISIC_9811939,4
ISIC_9812330,2
ISIC_9813537,3
ISIC_9813538,1
ISIC_9813591,3
ISIC_9813601,3
ISIC_9814041,1
ISIC_9814534,4
ISIC_9815163,3
ISIC_9815365,4
ISIC_9815670,3
ISIC_9815765,1
ISIC_9815788,0
ISIC_9815806,1
ISIC_9816121,0
ISIC_9816203,1
ISIC_9816307,0
ISIC_9816359,4
ISIC_9816846,2
ISIC_9817000,4
ISIC_9817574,3
ISIC_9818299,2
ISIC_9818733,1
ISIC_9819192,0
ISIC_9819223,1
ISIC_9820256,1
ISIC_9820817,2
ISIC_9820907,0
ISIC_9820910,2
ISIC_9821001,4
ISIC_9821002,1
ISIC_9821220,1
ISIC_9821398,3
ISIC_9821756,2
ISIC_9821826,2
ISIC_9822251,3
ISIC_9822350,2
ISIC_9822725,4
ISIC_9822801,2
ISIC_9823162,4
ISIC_9823318,0
ISIC_9823606,3
ISIC_9823873,4
ISIC_9824129,3
ISIC_9824211,1
ISIC_9824325,4
ISIC_9824373,2
ISIC_9824610,2
ISIC_9824673,2
ISIC_9824799,1
ISIC_9824967,3
ISIC_9825222,0
ISIC_9825491,1
ISIC_9825516,1
ISIC_9825604,4
ISIC_9825836,1
ISIC_9826482,3
ISIC_9826778,2
ISIC_9826904,3
ISIC_9827870,3
ISIC_9827882,4
ISIC_9827962,4
ISIC_9828053,3
ISIC_9828060,1
ISIC_9828138,0
ISIC_9828451,1
ISIC_9828463,0
ISIC_9828800,2
ISIC_9828846,4
ISIC_9828853,4
ISIC_9829153,4
ISIC_9829429,0
ISIC_9829436,2
ISIC_9829605,4
ISIC_9829655,4
ISIC_9829667,3
ISIC_9829781,0
ISIC_9829805,3
ISIC_9830461,0
ISIC_9830846,2
ISIC_9830963,3
ISIC_9831378,2
ISIC_9832775,1
ISIC_9833353,4
ISIC_9833462,2
ISIC_9834264,4
ISIC_9834369,4
ISIC_9834463,1
ISIC_9834467,4
ISIC_9834469,1
ISIC_9834664,3
ISIC_9835931,0
ISIC_9836778,2
ISIC_9836907,2
ISIC_9837030,1
ISIC_9837063,3
ISIC_9837156,4
ISIC_9837207,4
ISIC_9837324,2
ISIC_9838270,3
ISIC_9838367,0
ISIC_9838878,2
ISIC_9839042,1
ISIC_9839060,2
ISIC_9839324,0
ISIC_9839730,2
ISIC_9839867,2
ISIC_9840491,1
ISIC_9840734,2
ISIC_9841563,3
ISIC_9842000,4
ISIC_9842026,3
ISIC_9842054,1
ISIC_9842269,3
ISIC_9842660,0
ISIC_9843005,3
ISIC_9843688,1
ISIC_9843856,0
ISIC_9844010,2
ISIC_9844317,2
ISIC_9844413,1
ISIC_9844508,1
ISIC_9845258,4
ISIC_9845412,0
ISIC_9846081,3
ISIC_9846324,4
ISIC_9846559,0
ISIC_9846729,1
ISIC_9847262,4
ISIC_9847284,0
ISIC_9847428,0
ISIC_9847972,1
ISIC_9848607,3
ISIC_9848675,2
ISIC_9848743,4
ISIC_9848953,3
ISIC_9849018,1
ISIC_9851371,0
ISIC_9851634,2
ISIC_9851670,1
ISIC_9851717,1
ISIC_9851899,0
ISIC_9851919,2
ISIC_9851993,1
ISIC_9852037,1
ISIC_9852341,4
ISIC_9852536,3
ISIC_9853051,0
ISIC_9853064,3
ISIC_9853087,1
ISIC_9853411,3
ISIC_9854376,3
ISIC_9854454,1
ISIC_9854912,0
ISIC_9855343,0
ISIC_9855552,2
ISIC_9855682,1
ISIC_9855719,3
ISIC_9855839,0
ISIC_9856243,0
ISIC_9856271,3
ISIC_9856321,1
ISIC_9857857,0
ISIC_9858643,3
ISIC_9858865,2
ISIC_9858883,0
ISIC_9859495,0
ISIC_9859594,2
ISIC_9859708,3
ISIC_9859895,0
ISIC_9859951,2
ISIC_9860104,1
ISIC_9860391,2
ISIC_9860895,4
ISIC_9861225,4
ISIC_9861364,1
ISIC_9861391,1
ISIC_9861423,0
ISIC_9861674,3
ISIC_9861747,4
ISIC_9862537,4
ISIC_9862801,2
ISIC_9863059,1
ISIC_9863065,3
ISIC_9863562,1
ISIC_9863642,2
ISIC_9863854,2
ISIC_9863995,2
ISIC_9864402,2
ISIC_9864416,3
ISIC_9865097,0
ISIC_9865682,2
ISIC_9865814,4
ISIC_9865913,3
ISIC_9866242,4
ISIC_9866375,2
ISIC_9866767,0
ISIC_9867012,4
ISIC_9867539,0
ISIC_9867577,3
ISIC_9867744,0
ISIC_9868319,2
ISIC_9868388,1
ISIC_9869254,3
ISIC_9869659,2
ISIC_9869789,1
ISIC_9870313,3
ISIC_9870508,1
ISIC_9870573,4
ISIC_9870619,4
ISIC_9870704,2
ISIC_9870722,3
ISIC_9870885,2
ISIC_9871124,0
ISIC_9871381,2
ISIC_9871571,2
ISIC_9871904,0
ISIC_9872410,4
ISIC_9872751,3
ISIC_9873154,2
ISIC_9873492,2
ISIC_9874307,1
ISIC_9874505,1
ISIC_9874512,2
ISIC_9874997,4
ISIC_9876004,2
ISIC_9876515,3
ISIC_9876779,0
ISIC_9877164,4
ISIC_9877357,1
ISIC_9877523,0
ISIC_9877843,4
ISIC_9878424,1
ISIC_9878449,3
ISIC_9878809,3
ISIC_9879041,4
ISIC_9879347,2
ISIC_9879693,0
ISIC_9879723,0
ISIC_9880047,3
ISIC_9880108,4
ISIC_9880258,2
ISIC_9880428,3
ISIC_9880572,4
ISIC_9880848,2
ISIC_9880854,1
ISIC_9881235,4
ISIC_9882019,0
ISIC_9882407,3
ISIC_9882411,2
ISIC_9882759,0
ISIC_9883092,3
ISIC_9883380,4
ISIC_9883879,2
ISIC_9884145,0
ISIC_9884160,4
ISIC_9884312,0
ISIC_9884999,2
ISIC_9885210,1
ISIC_9885953,4
ISIC_9885997,4
ISIC_9886225,0
ISIC_9886402,0
ISIC_9886540,3
ISIC_9886689,0
ISIC_9886866,0
ISIC_9887269,1
ISIC_9887282,1
ISIC_9887341,2
ISIC_9888186,1
ISIC_9888203,0
ISIC_9888213,4
ISIC_9888521,4
ISIC_9888931,4
ISIC_9889001,3
ISIC_9889052,2
ISIC_9889201,3
ISIC_9889373,0
ISIC_9889470,1
ISIC_9889475,2
ISIC_9889687,4
ISIC_9890873,0
ISIC_9891119,3
ISIC_9891314,3
ISIC_9891484,1
ISIC_9891650,3
ISIC_9891774,0
ISIC_9892275,1
ISIC_9892318,3
ISIC_9892601,3
ISIC_9892668,0
ISIC_9892997,2
ISIC_9893264,3
ISIC_9893310,2
ISIC_9893641,1
ISIC_9893686,4
ISIC_9893698,2
ISIC_9893956,3
ISIC_9894283,1
ISIC_9894617,4
ISIC_9894782,0
ISIC_9895220,1
ISIC_9895436,2
ISIC_9895582,4
ISIC_9895881,3
ISIC_9896192,2
ISIC_9896454,2
ISIC_9896801,3
ISIC_9896815,4
ISIC_9898107,3
ISIC_9898447,1
ISIC_9898848,2
ISIC_9898859,3
ISIC_9899140,1
ISIC_9899644,3
ISIC_9899912,2
ISIC_9899949,0
ISIC_9900191,3
ISIC_9900262,3
ISIC_9900623,0
ISIC_9900876,4
ISIC_9901014,3
ISIC_9901093,3
ISIC_9901847,0
ISIC_9901871,4
ISIC_9902648,0
ISIC_9903000,4
ISIC_9903033,4
ISIC_9904494,3
ISIC_9905269,2
ISIC_9905633,2
ISIC_9906218,0
ISIC_9906378,2
ISIC_9906657,3
ISIC_9906799,2
ISIC_9907084,4
ISIC_9907211,2
ISIC_9907793,4
ISIC_9907938,0
ISIC_9908982,4
ISIC_9909173,1
ISIC_9909314,3
ISIC_9909655,0
ISIC_9909722,4
ISIC_9909792,0
ISIC_9910101,4
ISIC_9910480,2
ISIC_9910611,1
ISIC_9910791,3
ISIC_9910854,3
ISIC_9912475,1
ISIC_9913091,0
ISIC_9913300,3
ISIC_9913406,0
ISIC_9913453,3
ISIC_9913573,0
ISIC_9913667,4
ISIC_9913914,4
ISIC_9914108,4
ISIC_9914240,0
ISIC_9914767,2
ISIC_9915342,4
ISIC_9915649,1
ISIC_9915699,1
ISIC_9915822,2
ISIC_9915927,0
ISIC_9916654,0
ISIC_9916907,1
ISIC_9917477,2
ISIC_9917640,0
ISIC_9917899,0
ISIC_9917958,2
ISIC_9918277,3
ISIC_9918333,4
ISIC_9918523,0
ISIC_9918528,2
ISIC_9918584,0
ISIC_9918598,3
ISIC_9918806,0
ISIC_9918829,1
ISIC_9919143,4
ISIC_9919255,1
ISIC_9919374,0
ISIC_9920034,0
ISIC_9920161,0
ISIC_9921461,4
ISIC_9921695,2
ISIC_9921747,0
ISIC_9921831,0
ISIC_9922133,2
ISIC_9922430,0
ISIC_9923018,0
ISIC_9923630,2
ISIC_9924151,0
ISIC_9924303,4
ISIC_9924877,2
ISIC_9924951,4
ISIC_9924993,0
ISIC_9925445,0
ISIC_9925786,2
ISIC_9925849,4
ISIC_9926111,1
ISIC_9926163,4
ISIC_9926931,0
ISIC_9927067,2
ISIC_9927102,4
ISIC_9927221,1
ISIC_9927490,3
ISIC_9928124,1
ISIC_9928421,4
ISIC_9928774,4
ISIC_9929097,0
ISIC_9929556,2
ISIC_9930252,4
ISIC_9930981,0
ISIC_9931592,0
ISIC_9931733,1
ISIC_9932367,4
ISIC_9932789,2
ISIC_9933119,0
ISIC_9933282,0
ISIC_9933406,4
ISIC_9933722,3
ISIC_9933790,3
ISIC_9934037,1
ISIC_9934401,0
ISIC_9934553,1
ISIC_9935437,4
ISIC_9935444,2
ISIC_9935606,2
ISIC_9935970,2
ISIC_9936188,1
ISIC_9936773,1
ISIC_9936937,1
ISIC_9937653,2
ISIC_9938103,1
ISIC_9938191,0
ISIC_9938274,3
ISIC_9938316,4
ISIC_9939197,1
ISIC_9939653,1
ISIC_9939963,2
ISIC_9940466,0
ISIC_9940802,0
ISIC_9940867,0
ISIC_9941161,0
ISIC_9941889,0
ISIC_9942347,3
ISIC_9942427,0
ISIC_9943579,3
ISIC_9944425,1
ISIC_9944671,4
ISIC_9944714,4
ISIC_9944803,2
ISIC_9944931,0
ISIC_9945083,3
ISIC_9945620,3
ISIC_9945852,0
ISIC_9945993,1
ISIC_9946557,1
ISIC_9946702,1
ISIC_9946910,3
ISIC_9947197,0
ISIC_9947369,1
ISIC_9947624,1
ISIC_9948600,1
ISIC_9948815,4
ISIC_9948820,3
ISIC_9949745,2
ISIC_9950853,2
ISIC_9950866,2
ISIC_9951949,1
ISIC_9952408,1
ISIC_9952575,3
ISIC_9952872,4
ISIC_9954010,3
ISIC_9954349,1
ISIC_9954582,1
ISIC_9954915,0
ISIC_9955092,3
ISIC_9955163,1
ISIC_9955179,4
ISIC_9955255,0
ISIC_9955935,3
ISIC_9956125,1
ISIC_9956374,4
ISIC_9956395,3
ISIC_9956400,3
ISIC_9956744,1
ISIC_9956957,0
ISIC_9957107,1
ISIC_9957298,2
ISIC_9957389,1
ISIC_9957720,3
ISIC_9958062,1
ISIC_9958346,1
ISIC_9958613,4
ISIC_9959011,3
ISIC_9959593,2
ISIC_9959813,1
ISIC_9959917,3
ISIC_9960578,4
ISIC_9960584,4
ISIC_9960804,0
ISIC_9960855,4
ISIC_9961652,0
ISIC_9961808,4
ISIC_9962329,4
ISIC_9962388,4
ISIC_9962534,2
ISIC_9962720,4
ISIC_9963177,0
ISIC_9963692,3
ISIC_9963967,2
ISIC_9964362,1
ISIC_9964568,1
ISIC_9964609,4
ISIC_9964816,3
ISIC_9965174,2
ISIC_9965556,2
ISIC_9965754,3
ISIC_9965843,4
ISIC_9966185,3
ISIC_9966425,4
ISIC_9966978,0
ISIC_9967383,0
ISIC_9967671,3
ISIC_9967715,1
ISIC_9968564,4
ISIC_9968669,4
ISIC_9969263,2
ISIC_9969907,3
ISIC_9969993,4
ISIC_9970004,4
ISIC_9971202,0
ISIC_9971280,1
ISIC_9971473,1
ISIC_9971896,0
ISIC_9972518,3
ISIC_9972557,3
ISIC_9973015,1
ISIC_9973089,4
ISIC_9973322,1
ISIC_9973459,2
ISIC_9973526,1
ISIC_9973894,0
ISIC_9974166,4
ISIC_9974299,4
ISIC_9974613,4
ISIC_9974860,2
ISIC_9975037,0
ISIC_9975260,2
ISIC_9975949,4
ISIC_9975974,3
ISIC_9976418,4
ISIC_9976478,0
ISIC_9977219,3
ISIC_9977346,0
ISIC_9977580,2
ISIC_9977672,4
ISIC_9977784,0
ISIC_9978107,4
ISIC_9978282,3
ISIC_9978328,2
ISIC_9978498,3
ISIC_9978602,0
ISIC_9979425,0
ISIC_9979438,3
ISIC_9979486,2
ISIC_9979765,1
ISIC_9980055,2
ISIC_9980068,4
ISIC_9980854,2
ISIC_9981194,2
ISIC_9981394,3
ISIC_9981558,0
ISIC_9981925,4
ISIC_9982060,4
ISIC_9982091,2
ISIC_9982623,4
ISIC_9982953,2
ISIC_9983616,3
ISIC_9983657,0
ISIC_9983696,4
ISIC_9985141,1
ISIC_9985224,0
ISIC_9985776,4
ISIC_9985905,1
ISIC_9986040,3
ISIC_9986333,0
ISIC_9986563,4
ISIC_9986760,4
ISIC_9987485,4
ISIC_9987617,2
ISIC_9987757,3
ISIC_9987808,2
ISIC_9988236,2
ISIC_9988492,3
ISIC_9988559,3
ISIC_9989082,2
ISIC_9989156,0
ISIC_9989485,4
ISIC_9989617,3
ISIC_9989641,4
ISIC_9989680,0
ISIC_9989936,4
ISIC_9990676,1
ISIC_9991394,2
ISIC_9991451,3
ISIC_9991492,1
ISIC_9991967,0
ISIC_9992950,3
ISIC_9994033,2
ISIC_9994122,4
ISIC_9994125,4
ISIC_9994390,0
ISIC_9994768,0
ISIC_9995140,3
ISIC_9995166,1
ISIC_9995691,3
ISIC_9995837,3
ISIC_9996128,0
ISIC_9996662,1
ISIC_9997221,2
ISIC_9997614,0
ISIC_9998152,1
ISIC_9998240,0
ISIC_9998582,3
ISIC_9998682,3
ISIC_9998937,1
ISIC_9998965,0
ISIC_9999127,1
ISIC_9999134,0
ISIC_9999320,4
ISIC_9999515,3
ISIC_9999666,4
ISIC_9999806,1
