iteration,sampled_patient_clusters,sampled_rows,positive_count,m1_roc_auc,m2_roc_auc,roc_auc_difference_m2_minus_m1,m1_average_precision,m2_average_precision,average_precision_difference_m2_minus_m1,m1_sensitivity,m2_sensitivity,sensitivity_difference_m2_minus_m1
1,412,6461,125,0.9029015151515152,0.911135101010101,0.008233585858585801,0.18264212609965666,0.18734143644523363,0.004699310345576968,0.984,0.928,-0.05599999999999994
2,412,6657,107,0.900418063779696,0.9077748448312762,0.007356781051580219,0.16221895569630498,0.1599013564307968,-0.0023175992655081745,0.9906542056074766,0.9345794392523364,-0.05607476635514019
3,412,6565,114,0.9097243185471041,0.8962060825602994,-0.013518235986804683,0.2001082019531703,0.1653564812646768,-0.0347517206884935,0.9824561403508771,0.8947368421052632,-0.08771929824561397
4,412,6673,109,0.8900396379473245,0.8968854301192493,0.006845792171924714,0.08032959757081222,0.10154922275013414,0.021219625179321924,0.9724770642201835,0.9357798165137615,-0.03669724770642202
5,412,6218,118,0.8708127257571548,0.8723631564323424,0.001550430675187564,0.13051636551878967,0.14515341773512522,0.014637052216335544,0.9745762711864406,0.8898305084745762,-0.0847457627118644
6,412,6963,141,0.9112019727581395,0.9162097594141607,0.005007786656021196,0.15063381693073805,0.15339870803105876,0.0027648911003207155,0.9858156028368794,0.9574468085106383,-0.028368794326241065
7,412,6760,103,0.8864251222525088,0.8854844378718073,-0.0009406843807014953,0.12362132311036814,0.13482170991692521,0.011200386806557078,0.9514563106796117,0.8446601941747572,-0.10679611650485443
8,412,6358,149,0.9025099957736172,0.9123852472217748,0.009875251448157596,0.20618460394751004,0.20027691037173564,-0.005907693575774392,0.9865771812080537,0.9328859060402684,-0.05369127516778527
9,412,5912,128,0.9013415240318119,0.8848892148599585,-0.016452309171853363,0.21258366373478071,0.15819033010548383,-0.05439333362929688,0.9765625,0.9453125,-0.03125
10,412,6277,99,0.8800173963657292,0.8819924724748293,0.0019750761091000824,0.12012352908695584,0.09567138442452826,-0.02445214466242758,0.9696969696969697,0.9090909090909091,-0.06060606060606066
11,412,6712,90,0.8892613846102218,0.9089843618913387,0.019722977281116938,0.12113712693552972,0.13124522434184638,0.010108097406316657,0.9666666666666667,0.9444444444444444,-0.022222222222222254
12,412,6849,118,0.8803764016226465,0.8861528621682124,0.005776460545565909,0.14366773649709222,0.14690228101161706,0.0032345445145248453,0.9576271186440678,0.8559322033898306,-0.10169491525423724
13,412,6085,109,0.8957665524483254,0.8847668963315034,-0.010999656116821965,0.18680447091004374,0.18255800907871672,-0.004246461831327014,0.9724770642201835,0.8807339449541285,-0.09174311926605505
14,412,7018,104,0.9079696157183864,0.8969329231659287,-0.01103669255245776,0.2235543613715577,0.1845785582934438,-0.03897580307811391,0.9423076923076923,0.8653846153846154,-0.07692307692307687
15,412,6411,100,0.9210869909681508,0.9214656948185709,0.00037870385042004795,0.22542517437186987,0.19417100272054444,-0.031254171651325435,0.97,0.93,-0.039999999999999925
16,412,6855,134,0.8907201087258247,0.8988545592229302,0.008134450497105483,0.15340021913039753,0.165672617187167,0.012272398056769468,0.9701492537313433,0.8805970149253731,-0.08955223880597019
17,412,6578,143,0.8913698578034243,0.8876076526426177,-0.0037622051608066087,0.13819474562155865,0.16346311215110948,0.025268366529550834,0.965034965034965,0.8811188811188811,-0.08391608391608385
18,412,6443,123,0.9076219512195123,0.895074354224555,-0.012547596994957333,0.2167751585259975,0.19831980545675432,-0.018455353069243174,0.983739837398374,0.926829268292683,-0.05691056910569103
19,412,6702,120,0.910261571963942,0.9070216752760052,-0.003239896687936783,0.23451715940643358,0.22577991757335675,-0.008737241833076836,0.975,0.9333333333333333,-0.04166666666666663
20,412,6222,105,0.9010081194485313,0.8985232412402595,-0.0024848782082718124,0.171091318612947,0.1703688222378976,-0.0007224963750493973,0.9904761904761905,0.8952380952380953,-0.09523809523809523
21,412,6514,134,0.9232863893697656,0.9245520048659523,0.001265615496186756,0.23307008903095267,0.2302677545137232,-0.002802334517229471,0.9925373134328358,0.9328358208955224,-0.05970149253731338
22,412,6622,116,0.9126893477638679,0.9111417047393917,-0.0015476430244761863,0.1757196099583635,0.1795276838858461,0.0038080739274826136,0.9741379310344828,0.9310344827586207,-0.0431034482758621
23,412,7279,126,0.8954773111071168,0.8863707979114103,-0.009106513195706545,0.15411777494663814,0.16697007487905413,0.01285229993241599,0.9682539682539683,0.8809523809523809,-0.08730158730158732
24,412,6424,111,0.9107119157808212,0.9091007687554495,-0.0016111470253716842,0.18174980056856174,0.18383499407895057,0.0020851935103888275,0.963963963963964,0.9279279279279279,-0.03603603603603611
25,412,6008,110,0.8889269089676007,0.8896605937297697,0.0007336847621689513,0.14433408340783907,0.1331611398599098,-0.011172943547929276,0.990909090909091,0.9363636363636364,-0.054545454545454564
26,412,6361,110,0.8837887756140836,0.8954421837960471,0.011653408181963476,0.15253871703954963,0.16061914818900147,0.008080431149451839,0.9727272727272728,0.9090909090909091,-0.06363636363636371
27,412,6576,94,0.8972851168866977,0.9029062477433416,0.005621130856643952,0.12103741473323143,0.15638530858015814,0.035347893846926715,0.9787234042553191,0.9361702127659575,-0.04255319148936165
28,412,6588,119,0.9026397388449892,0.8968850795844694,-0.005754659260519768,0.21972009730371925,0.1581979614883668,-0.06152213581535246,0.9663865546218487,0.907563025210084,-0.05882352941176472
29,412,6740,117,0.9029940985248248,0.8912401873295729,-0.011753911195251932,0.14123417653879475,0.1493265798157761,0.008092403276981353,0.9829059829059829,0.8888888888888888,-0.09401709401709402
30,412,5806,96,0.9017622591943958,0.9034032034442497,0.0016409442498539484,0.2052094154598363,0.15464444381521988,-0.0505649716446164,0.9791666666666666,0.90625,-0.07291666666666663
31,412,6816,114,0.8768081798049286,0.8824493343175904,0.0056411545126617835,0.17259968973458442,0.156445454895627,-0.01615423483895742,0.9824561403508771,0.8596491228070176,-0.12280701754385959
32,412,7337,123,0.9156822438753913,0.9174375254980718,0.0017552816226804602,0.12468823413796186,0.12800881527544916,0.0033205811374873023,0.991869918699187,0.959349593495935,-0.03252032520325199
33,412,6938,114,0.8757404208058246,0.8680122786450299,-0.007728142160794649,0.12923920124185603,0.14971852194139418,0.020479320699538145,0.9649122807017544,0.8596491228070176,-0.10526315789473684
34,412,6821,119,0.8966481847886871,0.8993019768337058,0.002653792045018699,0.17557299733396248,0.15157822249833158,-0.023994774835630894,0.9747899159663865,0.8991596638655462,-0.07563025210084029
35,412,6726,112,0.9251722536610654,0.9206593697351937,-0.00451288392587168,0.26189703329320974,0.19114192253145543,-0.07075511076175431,0.9910714285714286,0.9285714285714286,-0.0625
36,412,6476,138,0.9166952497244594,0.9111135501987095,-0.005581699525749828,0.26882374618027494,0.21122967467414355,-0.057594071506131383,0.9710144927536232,0.9057971014492754,-0.06521739130434778
37,412,6975,124,0.8976097202668788,0.9009721914860558,0.003362471219176988,0.14619277208859338,0.1340024303814681,-0.012190341707125268,0.9919354838709677,0.9193548387096774,-0.07258064516129037
38,412,6220,122,0.8955207028372646,0.9049634655812979,0.009442762744033328,0.18177314545200293,0.1663338163188665,-0.01543932913313642,0.9836065573770492,0.9426229508196722,-0.040983606557376984
39,412,7412,117,0.9028171736876329,0.899720567301102,-0.0030966063865309756,0.19565500079523201,0.18725267085725006,-0.008402329937981956,0.9743589743589743,0.8717948717948718,-0.10256410256410253
40,412,6732,99,0.9006909133548663,0.8770213822226487,-0.02366953113221759,0.16121694991915017,0.1418422700949397,-0.019374679824210483,0.9696969696969697,0.8383838383838383,-0.13131313131313138
41,412,6673,112,0.9021626711955931,0.9032976244910401,0.0011349532954469943,0.15344986255973234,0.16501419239964232,0.011564329839909987,0.9821428571428571,0.9464285714285714,-0.0357142857142857
42,412,6236,115,0.896831293551068,0.8906061101127267,-0.006225183438341331,0.14994142584096315,0.1266283079288513,-0.023313117912111853,0.991304347826087,0.9304347826086956,-0.0608695652173914
43,412,6754,123,0.9141136789138967,0.8948704839182308,-0.019243194995665958,0.16926108299960144,0.15953308752766016,-0.009727995471941281,0.967479674796748,0.8861788617886179,-0.08130081300813008
44,412,6370,113,0.9036477375428016,0.9029483438725618,-0.0006993936702397452,0.20962226216897967,0.2052735266664353,-0.00434873550254436,0.9557522123893806,0.9026548672566371,-0.053097345132743445
45,412,6873,100,0.8967518086520005,0.8913243761996161,-0.0054274324523844175,0.15305672873517234,0.14568085119260038,-0.0073758775425719625,0.95,0.89,-0.05999999999999994
46,412,6171,120,0.888388971519859,0.8903955269101526,0.002006555390293596,0.1591729582807071,0.14813384093092455,-0.011039117349782551,0.9666666666666667,0.875,-0.09166666666666667
47,412,6755,123,0.8897290299802878,0.8761535594849315,-0.013575470495356345,0.17110659960058283,0.16196742289384627,-0.009139176706736557,0.983739837398374,0.8536585365853658,-0.13008130081300817
48,412,6600,107,0.9073711300883338,0.9045600510110817,-0.0028110790772520877,0.16716940432906638,0.14900716883009513,-0.018162235498971252,0.9813084112149533,0.9065420560747663,-0.07476635514018692
49,412,6446,105,0.8912849858442036,0.8728411471827336,-0.018443838661469925,0.1696237799526382,0.17009202864831047,0.00046824869567227423,0.9714285714285714,0.8666666666666667,-0.10476190476190472
50,412,6970,122,0.8980628542975333,0.9087959150451967,0.010733060747663448,0.16341299150789554,0.16273830997084401,-0.0006746815370515247,0.9918032786885246,0.9426229508196722,-0.0491803278688524
51,412,6679,93,0.8835179869975086,0.8831032917658507,-0.00041469523165793554,0.12817984548551453,0.11635538899608187,-0.011824456489432658,0.978494623655914,0.8817204301075269,-0.09677419354838712
52,412,6801,118,0.9016160407002842,0.9072551908840291,0.005639150183744834,0.15755865863837965,0.14765684705742313,-0.009901811580956515,0.9915254237288136,0.9152542372881356,-0.07627118644067798
53,412,6985,120,0.882006554989075,0.8661313425588735,-0.015875212430201513,0.1447431804073635,0.1427188076916825,-0.002024372715681011,0.95,0.825,-0.125
54,412,6681,93,0.8855347944454238,0.8803510455634552,-0.005183748881968597,0.10894107858791165,0.10352524510987204,-0.005415833478039603,0.956989247311828,0.8387096774193549,-0.11827956989247312
55,412,6428,138,0.9038086680030414,0.9044624547821479,0.0006537867791065466,0.1950456850471594,0.18085233882121707,-0.014193346225942344,0.9855072463768116,0.9057971014492754,-0.07971014492753625
56,412,7397,94,0.8829015181752763,0.8566575671321317,-0.026243951043144587,0.09797054690904895,0.11840286252836471,0.020432315619315758,0.9468085106382979,0.7553191489361702,-0.1914893617021276
57,412,6902,121,0.8832055049293055,0.8839343279289117,0.0007288229996061935,0.11643288256251372,0.10991972800498481,-0.006513154557528905,0.9504132231404959,0.8677685950413223,-0.08264462809917361
58,412,6228,123,0.8993081773569578,0.9038539648295745,0.004545787472616691,0.17844345952372256,0.16603594954156398,-0.012407509982158588,0.967479674796748,0.9186991869918699,-0.04878048780487809
59,412,6431,105,0.8790298541167969,0.8764494226397482,-0.0025804314770486725,0.1664897101795101,0.1523693761586263,-0.014120334020883779,0.9714285714285714,0.8571428571428571,-0.11428571428571432
60,412,6989,121,0.8840363982922357,0.8829377590165435,-0.0010986392756922037,0.13757164222055018,0.1646085061958621,0.02703686397531191,0.9421487603305785,0.8429752066115702,-0.09917355371900827
61,412,6492,126,0.9201399797535519,0.9081005739818181,-0.012039405771733791,0.2667762617178471,0.22433991917426024,-0.04243634254358683,0.9841269841269841,0.8968253968253969,-0.08730158730158721
62,412,6701,124,0.9066603069347237,0.910711570624905,0.004051263690181384,0.1898627147068904,0.2116743892045946,0.021811674497704214,0.9596774193548387,0.9193548387096774,-0.040322580645161366
63,412,6670,111,0.9009173833079916,0.8889511557601204,-0.011966227547871244,0.17454000699324912,0.15720409877524294,-0.01733590821800618,0.972972972972973,0.8738738738738738,-0.0990990990990992
64,412,6179,122,0.8875112659245366,0.8976803698200428,0.010169103895506293,0.1612499783468636,0.16293292220095495,0.0016829438540913455,0.9754098360655737,0.9016393442622951,-0.07377049180327866
65,412,5949,104,0.9117046127525169,0.9173340132920971,0.005629400539580165,0.18744504658167027,0.1925585432597852,0.0051134966781149205,0.9903846153846154,0.9230769230769231,-0.06730769230769229
66,412,6545,116,0.8898699856791156,0.8813994775827206,-0.008470508096394935,0.1955850479001346,0.16396618922457407,-0.031618858675560524,0.9482758620689655,0.8620689655172413,-0.0862068965517242
67,412,6494,92,0.8951652336905586,0.9056154326772883,0.01045019898672972,0.145962404053392,0.15108973005511603,0.005127326001724025,0.9782608695652174,0.9130434782608695,-0.0652173913043479
68,412,6482,110,0.902453917708155,0.9085230839468128,0.0060691662386578304,0.15119925988974128,0.1501034968505848,-0.0010957630391564832,0.9818181818181818,0.9272727272727272,-0.054545454545454564
69,412,6687,116,0.8929727800838586,0.8814658452237889,-0.011506934860069706,0.15007714362851515,0.177991097517831,0.027913953889315835,0.9827586206896551,0.896551724137931,-0.08620689655172409
70,412,7050,109,0.9039360587071371,0.8944802126441871,-0.009455846062950024,0.18034954165877423,0.16854958656219352,-0.011799955096580717,0.9541284403669725,0.8807339449541285,-0.07339449541284404
71,412,6480,142,0.9136307272476767,0.9136001715563181,-3.055569135856917e-05,0.2501036885272287,0.23796552977855656,-0.012138158748672134,0.9577464788732394,0.9154929577464789,-0.04225352112676051
72,412,7101,127,0.8832096267576532,0.8818451661853137,-0.001364460572339521,0.15468147082136335,0.14097796321681635,-0.013703507604547,0.9606299212598425,0.8503937007874016,-0.11023622047244086
73,412,6854,128,0.881525516651799,0.8749256616116563,-0.00659985504014271,0.17230500887820446,0.1656168722231681,-0.00668813665503637,0.9609375,0.8515625,-0.109375
74,412,6833,119,0.9171842105921904,0.9145289036079132,-0.0026553069842771837,0.14159679026731078,0.16088519702155352,0.019288406754242732,0.9831932773109243,0.9327731092436975,-0.05042016806722682
75,412,7332,126,0.9105683535325501,0.9067008753728154,-0.0038674781597346497,0.16157082119384078,0.19165385617486635,0.030083034981025575,0.9682539682539683,0.9126984126984127,-0.05555555555555558
76,412,6590,99,0.8870604053164522,0.872490892595653,-0.014569512720799205,0.1469971911844215,0.16761549618352767,0.020618304999106163,0.9595959595959596,0.8383838383838383,-0.12121212121212122
77,412,6362,102,0.8943932844703376,0.9024807367036272,0.00808745223328955,0.16376442543992056,0.2122624670222728,0.04849804158235224,0.9705882352941176,0.9117647058823529,-0.05882352941176472
78,412,6633,142,0.9004461214986732,0.8957896198636899,-0.004656501634983323,0.17344853627640897,0.15781950981957368,-0.015629026456835282,0.971830985915493,0.8873239436619719,-0.08450704225352113
79,412,6558,123,0.8781144781144782,0.8737872786653275,-0.00432719944915072,0.16138086861449844,0.15940088299322286,-0.001979985621275576,0.959349593495935,0.8455284552845529,-0.11382113821138207
80,412,6752,115,0.9088286352529626,0.911822392254227,0.0029937570012643633,0.1995196147357847,0.19491665136857353,-0.004602963367211166,0.9739130434782609,0.9304347826086956,-0.0434782608695653
81,412,6960,127,0.8994481390104299,0.91877537333298,0.019327234322550124,0.2118749790637226,0.24229864723778632,0.030423668174063723,0.9921259842519685,0.9606299212598425,-0.03149606299212604
82,412,6916,105,0.8920989156196909,0.9041893016199287,0.012090386000237818,0.1191016366311764,0.12616081734974963,0.007059180718573227,0.9809523809523809,0.9333333333333333,-0.04761904761904756
83,412,6678,117,0.916100969598912,0.9130318106083994,-0.0030691589905125216,0.1982748078936809,0.1948530517207182,-0.0034217561729626977,0.9743589743589743,0.9145299145299145,-0.05982905982905984
84,412,6933,129,0.9070895369344982,0.8973255586089349,-0.009763978325563305,0.17463540339540826,0.15780751466137832,-0.016827888734029933,0.9844961240310077,0.8992248062015504,-0.0852713178294573
85,412,6596,124,0.8987050919095658,0.8976970273934368,-0.0010080645161290036,0.18159883236925475,0.18315692215795648,0.0015580897887017275,0.967741935483871,0.9193548387096774,-0.048387096774193616
86,412,6747,106,0.9058280038525682,0.9057100970813102,-0.00011790677125800286,0.18099242392861958,0.15651588091590501,-0.02447654301271457,0.9622641509433962,0.9150943396226415,-0.047169811320754707
87,412,6926,154,0.9121689002078842,0.9088665321683632,-0.0033023680395209976,0.2028643620203354,0.18738078648191012,-0.015483575538425276,0.9805194805194806,0.9155844155844156,-0.06493506493506496
88,412,7048,131,0.9119483251244029,0.9154345913983359,0.003486266273933003,0.2221721450013163,0.21929140488414556,-0.002880740117170738,0.9770992366412213,0.9083969465648855,-0.06870229007633588
89,412,6511,116,0.898023779353482,0.8913510015906825,-0.006672777762799509,0.23085288146014551,0.20987458067940018,-0.020978300780745335,0.9568965517241379,0.8879310344827587,-0.06896551724137923
90,412,6789,127,0.9019542025874805,0.8881516273990219,-0.013802575188458621,0.27500080275747774,0.21079177639419638,-0.06420902636328135,0.968503937007874,0.8740157480314961,-0.0944881889763779
91,412,6179,131,0.8770838382002505,0.8812010279090431,0.004117189708792601,0.17591666441759923,0.15250272574333693,-0.023413938674262308,0.9694656488549618,0.8854961832061069,-0.08396946564885488
92,412,6967,113,0.9067620225641766,0.8942100859649168,-0.012551936599259794,0.1818068283577187,0.16936479641571522,-0.012442031942003468,0.9646017699115044,0.8761061946902655,-0.08849557522123885
93,412,6544,105,0.8873664203995001,0.8869197376108386,-0.0004466827886614455,0.13367894213307366,0.15058056086449573,0.01690161873142207,0.9714285714285714,0.8952380952380953,-0.07619047619047614
94,412,6305,111,0.8808233483725896,0.8898003589640658,0.008977010591476264,0.17662452301845913,0.15334336289899353,-0.0232811601194656,0.9819819819819819,0.8918918918918919,-0.09009009009009006
95,412,6925,107,0.9076564783160572,0.8942683331368587,-0.013388145179198507,0.19901088564883596,0.17060509770945864,-0.028405787939377314,0.9813084112149533,0.8785046728971962,-0.10280373831775702
96,412,6509,104,0.9046448087431693,0.9025213174803339,-0.0021234912628353975,0.14528705127480399,0.12667905129870702,-0.018607999976096967,0.9903846153846154,0.9423076923076923,-0.04807692307692313
97,412,6190,147,0.8982856422396859,0.8938064055673568,-0.004479236672329079,0.17613752564087745,0.1713689663317179,-0.004768559309159565,0.9931972789115646,0.9115646258503401,-0.08163265306122447
98,412,6586,129,0.9112879118029469,0.9085110444406828,-0.002776867362264124,0.20471284796635786,0.22417777391792665,0.01946492595156879,0.9767441860465116,0.9069767441860465,-0.06976744186046513
99,412,6591,109,0.9018552434547045,0.886065576090741,-0.015789667363963478,0.18850306226199515,0.18162308673079638,-0.006879975531198762,0.944954128440367,0.8623853211009175,-0.08256880733944949
100,412,6572,111,0.8814689941450504,0.8766152005588626,-0.004853793586187871,0.11127809965212448,0.12030306598228306,0.009024966330158576,0.972972972972973,0.8738738738738738,-0.0990990990990992
101,412,6349,130,0.9096800128638045,0.9003327272502382,-0.009347285613566347,0.2282375575666407,0.19168449114414832,-0.03655306642249237,0.9692307692307692,0.8923076923076924,-0.07692307692307687
102,412,6510,109,0.8936963691166374,0.8826831816702952,-0.011013187446342165,0.15018126581617786,0.1596365163573701,0.009455250541192256,0.981651376146789,0.8899082568807339,-0.09174311926605505
103,412,7097,121,0.9033794734248237,0.8972178519978771,-0.006161621426946651,0.172187380266461,0.1816171257028518,0.009429745436390802,0.9752066115702479,0.9008264462809917,-0.07438016528925617
104,412,6573,120,0.916731236117568,0.9138197995764245,-0.002911436541143564,0.22301770443628707,0.19660712443412934,-0.026410580002157735,0.9916666666666667,0.925,-0.06666666666666665
105,412,6783,103,0.8885471774896807,0.8884374454973548,-0.00010973199232588993,0.10937860854735308,0.11482324454900172,0.005444636001648642,1.0,0.8640776699029126,-0.13592233009708743
106,412,6597,117,0.9126345362456474,0.9037518465759207,-0.008882689669726718,0.24793569363067794,0.22860008755123956,-0.019335606079438378,0.9572649572649573,0.8888888888888888,-0.06837606837606847
107,412,6748,110,0.9069969048727711,0.8819989591607549,-0.02499794571201619,0.2353534533377877,0.17187336456359442,-0.06348008877419328,0.9727272727272728,0.8636363636363636,-0.10909090909090913
108,412,6432,103,0.9074256734679477,0.9034817383994466,-0.003943935068501103,0.17308909853611,0.176222914508721,0.0031338159726110038,0.9805825242718447,0.9320388349514563,-0.04854368932038833
109,412,6826,133,0.8838658726601354,0.8774243991871207,-0.006441473473014714,0.14610718220306654,0.15541600035454023,0.009308818151473691,0.9624060150375939,0.849624060150376,-0.11278195488721798
110,412,6784,90,0.901895561531056,0.9130282508382299,0.011132689307173926,0.15260140227400254,0.20939409985393723,0.05679269757993469,0.9777777777777777,0.9222222222222223,-0.05555555555555547
111,412,6729,84,0.8782686588555664,0.8815883765093697,0.0033197176538033446,0.09382778937726376,0.0956464263183621,0.0018186369410983366,0.9761904761904762,0.8571428571428571,-0.11904761904761907
112,412,6273,107,0.9159712138619683,0.9107162886010409,-0.005254925260927412,0.21862700769789317,0.1809243350562087,-0.037702672641684476,0.9906542056074766,0.9252336448598131,-0.06542056074766356
113,412,6458,108,0.9039413823272091,0.9079833770778653,0.0040419947506561416,0.17193254746124925,0.20236703638006376,0.030434488918814506,0.9814814814814815,0.8981481481481481,-0.08333333333333337
114,412,6602,126,0.8871020716295578,0.8805896251850545,-0.006512446444503328,0.17000812481404287,0.17255195332577966,0.00254382851173679,0.9523809523809523,0.8650793650793651,-0.08730158730158721
115,412,6543,119,0.9042966501669161,0.899508931841728,-0.004787718325188095,0.1577527956711149,0.1522269775050898,-0.005525818166025098,0.9831932773109243,0.9243697478991597,-0.05882352941176461
116,412,6057,97,0.9088078599598699,0.9065107590119699,-0.0022971009479000326,0.17073419203497306,0.1721651274897311,0.001430935454758031,0.9896907216494846,0.9381443298969072,-0.05154639175257736
117,412,6848,92,0.9039999871289932,0.9050248410430664,0.0010248539140731427,0.15926631285371678,0.14825177336816503,-0.011014539485551755,0.9782608695652174,0.9239130434782609,-0.05434782608695654
118,412,6551,133,0.8833309512484857,0.8706053463356116,-0.012725604912874111,0.21769701083224985,0.17638637504073568,-0.04131063579151417,0.9398496240601504,0.8345864661654135,-0.10526315789473684
119,412,6619,146,0.9028451163843911,0.8983951249552937,-0.004449991429097411,0.18894439721341927,0.16748325181223975,-0.02146114540117952,0.9863013698630136,0.9178082191780822,-0.06849315068493145
120,412,6580,117,0.9021768885609207,0.9020234841061083,-0.00015340445481237808,0.21671921902254146,0.1844668052947314,-0.03225241372781007,0.9658119658119658,0.9230769230769231,-0.042735042735042694
121,412,7252,110,0.884500140016802,0.8713843843079352,-0.013115755708866805,0.11798825875970094,0.10993610900050396,-0.008052149759196978,0.9636363636363636,0.8,-0.16363636363636358
122,412,6603,106,0.9099090726924763,0.9051085987436872,-0.00480047394878913,0.19125136380982866,0.15434763692510892,-0.03690372688471974,0.9811320754716981,0.9056603773584906,-0.07547169811320753
123,412,7376,114,0.8871027748385009,0.8860971797436306,-0.001005595094870304,0.15349647158628535,0.13668294640154174,-0.016813525184743605,0.9473684210526315,0.8421052631578947,-0.10526315789473684
124,412,6825,119,0.9147132757069425,0.90586693967775,-0.008846336029192492,0.2114804577122743,0.23576417045040332,0.024283712738129015,0.9915966386554622,0.9159663865546218,-0.0756302521008404
125,412,7149,107,0.9061359479969315,0.90612267649112,-1.3271505811540685e-05,0.1451263361276273,0.14894882984718036,0.003822493719553066,0.9532710280373832,0.897196261682243,-0.05607476635514019
126,412,5720,99,0.8948747392084877,0.8890074917472177,-0.0058672474612699865,0.13187203435098507,0.16528506268106197,0.033413028330076894,0.9696969696969697,0.898989898989899,-0.07070707070707072
127,412,6608,126,0.8977289980066901,0.889099484286155,-0.008629513720535109,0.1575227270572726,0.15559866203643472,-0.0019240650208378896,0.9841269841269841,0.8888888888888888,-0.09523809523809523
128,412,6525,122,0.8959094481838688,0.9036786035234508,0.007769155339582001,0.13400152142058144,0.142712984316699,0.008711462896117544,0.9672131147540983,0.9344262295081968,-0.032786885245901565
129,412,6567,140,0.9064115672719998,0.9025233946075707,-0.0038881726644290904,0.23601980598117223,0.2063112023685179,-0.029708603612654316,0.9642857142857143,0.8928571428571429,-0.0714285714285714
130,412,6899,126,0.8738712769422943,0.8666706507397486,-0.00720062620254569,0.13185240009060678,0.1343901446377302,0.0025377445471234106,0.9603174603174603,0.8412698412698413,-0.11904761904761907
131,412,6426,121,0.9036275814157726,0.8935391693592256,-0.01008841205654698,0.17238234316354986,0.18087519128115337,0.008492848117603508,0.9586776859504132,0.8842975206611571,-0.07438016528925617
132,412,6433,125,0.9052593532022828,0.9008376664552948,-0.004421686746987952,0.16522482337385333,0.16443664548307096,-0.0007881778907823656,0.992,0.928,-0.06399999999999995
133,412,6241,129,0.8886077458500751,0.8743759892852795,-0.014231756564795583,0.16116316514838644,0.14362063519300766,-0.017542529955378777,0.9689922480620154,0.8682170542635659,-0.10077519379844957
134,412,6645,129,0.9054884577497966,0.9089754022299313,0.003486944480134757,0.1873732348986129,0.19278982066556538,0.005416585766952475,0.9689922480620154,0.9224806201550387,-0.046511627906976716
135,412,6146,121,0.9068673913788965,0.893883611673125,-0.01298377970577147,0.14773156749885327,0.14975674814111098,0.0020251806422577068,0.9834710743801653,0.9008264462809917,-0.08264462809917361
136,412,6475,110,0.8804156252231664,0.8781161179747197,-0.0022995072484467416,0.11172185534419196,0.1095913330892953,-0.002130522254896655,0.9545454545454546,0.8545454545454545,-0.10000000000000009
137,412,6956,137,0.8947755466424321,0.8947134616352121,-6.208500721993637e-05,0.22795080234445544,0.18982409972447753,-0.038126702619977915,0.9416058394160584,0.8759124087591241,-0.06569343065693423
138,412,7207,107,0.9213557983414505,0.920035540344873,-0.001320257996577534,0.2277115707467841,0.18339994555227251,-0.044311625194511595,0.9813084112149533,0.9345794392523364,-0.04672897196261683
139,412,6420,116,0.900083964204446,0.8951500415718536,-0.004933922632592402,0.19704438960198206,0.21486674320105043,0.017822353599068363,0.9655172413793104,0.8793103448275862,-0.0862068965517242
140,412,6541,118,0.8964711035816728,0.9104568592214948,0.013985755639821962,0.14469094275636657,0.15912444519737962,0.014433502441013046,1.0,0.9576271186440678,-0.0423728813559322
141,412,6766,148,0.8925330588975194,0.8940930958156706,0.0015600369181512086,0.15669030875857923,0.17046282643668156,0.013772517678102336,0.9797297297297297,0.9256756756756757,-0.05405405405405406
142,412,6297,95,0.8989324326617899,0.8706665082570987,-0.028265924404691223,0.18532604116329113,0.17759812357261834,-0.007727917590672789,0.968421052631579,0.8736842105263158,-0.09473684210526312
143,412,6210,84,0.8959547906658583,0.9046763987998072,0.008721608133948955,0.1572652633764279,0.1661504270571366,0.008885163680708685,0.9642857142857143,0.9404761904761905,-0.023809523809523836
144,412,7028,123,0.9115993477096248,0.9119196057999682,0.0003202580903434171,0.1505726721255195,0.15390915955298995,0.003336487427470447,0.983739837398374,0.9186991869918699,-0.06504065040650409
145,412,6747,112,0.9215671762299494,0.9229552427602541,0.0013880665303046547,0.22988802942219058,0.22311266544020264,-0.006775363981987942,0.9910714285714286,0.9017857142857143,-0.0892857142857143
146,412,7024,106,0.9061431213078269,0.8890234389915288,-0.017119682316298124,0.17594885584316616,0.14468952827660594,-0.03125932756656022,0.9716981132075472,0.8584905660377359,-0.1132075471698113
147,412,6913,133,0.9031993701066826,0.8920897376183823,-0.011109632488300325,0.2078421081623176,0.18073346632302864,-0.02710864183928896,0.9624060150375939,0.8947368421052632,-0.06766917293233077
148,412,6526,117,0.9153580768497291,0.9127629015286997,-0.002595175321029486,0.2081581117987965,0.17207823574099948,-0.03607987605779703,0.9829059829059829,0.9316239316239316,-0.05128205128205121
149,412,5833,154,0.910835774544174,0.9140739521088174,0.0032381775646433963,0.22400759404212736,0.22065352170135327,-0.003354072340774089,0.987012987012987,0.948051948051948,-0.038961038961038974
150,412,6805,130,0.8891109190435034,0.8984177470469604,0.009306828003457057,0.11515455781219189,0.12915298896281496,0.013998431150623075,0.9769230769230769,0.9153846153846154,-0.06153846153846154
151,412,6258,136,0.9050423256529008,0.9201974076138133,0.015155081960912531,0.21513476362316558,0.191741412411683,-0.023393351211482588,0.9779411764705882,0.9558823529411765,-0.022058823529411686
152,412,6282,115,0.8911104687643207,0.8971961562594737,0.006085687495153036,0.21946046504363595,0.19478792612747353,-0.024672538916162418,0.9739130434782609,0.9043478260869565,-0.06956521739130439
153,412,6864,115,0.8955362147049161,0.9048851037512804,0.009348889046364328,0.1697751940394151,0.17824156711620232,0.008466373076787215,0.9739130434782609,0.9043478260869565,-0.06956521739130439
154,412,6802,101,0.8907862133773443,0.8815722790007698,-0.009213934376574473,0.1531948146176403,0.14892745096345592,-0.004267363654184397,0.9801980198019802,0.8712871287128713,-0.1089108910891089
155,412,6967,155,0.9045858352433088,0.8927395677457239,-0.011846267497584884,0.2009417347210943,0.16643999798142903,-0.03450173673966528,0.9806451612903225,0.9032258064516129,-0.07741935483870965
156,412,6722,143,0.9296139337179008,0.9255694905489708,-0.004044443168930045,0.3033722946045387,0.28990757587104826,-0.013464718733490422,0.986013986013986,0.9300699300699301,-0.05594405594405594
157,412,6956,144,0.89189624518823,0.9027905208129445,0.010894275624714567,0.13561442613361713,0.1590435710191001,0.023429144885482978,0.9791666666666666,0.9097222222222222,-0.06944444444444442
158,412,6675,111,0.894952539376671,0.8818288123589768,-0.013123727017694153,0.19214777387164808,0.1620182802490784,-0.03012949362256967,0.9819819819819819,0.8738738738738738,-0.10810810810810811
159,412,6789,118,0.9008356432725507,0.897766451806326,-0.003069191466224752,0.17314606832362672,0.14239697031490062,-0.030749098008726106,0.9915254237288136,0.8813559322033898,-0.11016949152542377
160,412,6730,150,0.889790273556231,0.8993039513677811,0.009513677811550103,0.160559052388629,0.16889210366118534,0.008333051272556347,0.9733333333333334,0.9,-0.07333333333333336
161,412,6241,110,0.9028350706543498,0.9090716329829036,0.006236562328553852,0.1981102145068213,0.2246176381379733,0.026507423631151994,0.9727272727272728,0.9090909090909091,-0.06363636363636371
162,412,6958,147,0.911352883540731,0.8925173064380649,-0.018835577102666035,0.23336173128647936,0.20981168218736163,-0.02355004909911773,0.9319727891156463,0.8707482993197279,-0.061224489795918435
163,412,6583,107,0.8933387403092944,0.8973232582706527,0.003984517961358347,0.14943141031745863,0.1419935418608148,-0.00743786845664382,0.9719626168224299,0.8785046728971962,-0.09345794392523366
164,412,6211,94,0.8912135346557727,0.887910914472746,-0.0033026201830267388,0.1665343532007533,0.17292420779086043,0.00638985459010713,0.9787234042553191,0.8936170212765957,-0.08510638297872342
165,412,7219,156,0.9041982959227756,0.9128920303350433,0.008693734412267728,0.16941272895456874,0.18716350430119882,0.017750775346630082,0.9743589743589743,0.9358974358974359,-0.038461538461538436
166,412,6702,111,0.8870436207714314,0.89144766067843,0.004404039906998558,0.1294754372410989,0.1514572893847937,0.021981852143694802,0.9819819819819819,0.9009009009009009,-0.08108108108108103
167,412,7311,113,0.9184741582593002,0.9086564114417229,-0.0098177468175773,0.17721073934421916,0.23149469854943078,0.05428395920521162,0.9557522123893806,0.8761061946902655,-0.07964601769911506
168,412,6688,145,0.9203117835855112,0.9200783148086662,-0.0002334687768450472,0.21063799649744713,0.2172614056930447,0.006623409195597563,0.993103448275862,0.9379310344827586,-0.05517241379310345
169,412,7322,125,0.9167986661108796,0.9076848686952896,-0.00911379741558993,0.21860115721852946,0.18001774470757437,-0.038583412510955095,0.992,0.928,-0.06399999999999995
170,412,6656,120,0.889233986128111,0.8877275856793145,-0.0015064004487964633,0.1363037097617562,0.17217454508308921,0.035870835321333006,0.9833333333333333,0.8916666666666667,-0.09166666666666656
171,412,6994,127,0.9119284401376434,0.8917469031967334,-0.02018153694090996,0.22000183264904682,0.2029285063195344,-0.017073326329512417,0.968503937007874,0.889763779527559,-0.07874015748031493
172,412,6586,120,0.8998814310753686,0.8877126507887411,-0.01216878028662749,0.18464252502816156,0.162971619549469,-0.021670905478692548,0.975,0.8833333333333333,-0.09166666666666667
173,412,6498,119,0.9073127291361756,0.9008985629053314,-0.0064141662308441205,0.17069736238234576,0.1478873263014129,-0.02281003608093285,0.957983193277311,0.9243697478991597,-0.03361344537815125
174,412,7066,126,0.9065173139380631,0.8950002287178079,-0.011517085220255185,0.23002077557924014,0.187029376305409,-0.04299139927383114,0.9761904761904762,0.873015873015873,-0.10317460317460314
175,412,6550,108,0.9208421010268263,0.9065823818229903,-0.014259719203835952,0.24363380734196735,0.20719613357801775,-0.0364376737639496,0.9907407407407407,0.9259259259259259,-0.06481481481481477
176,412,5916,100,0.8708407840440165,0.854351788170564,-0.01648899587345254,0.16858178992710346,0.17507739556474292,0.006495605637639457,0.95,0.83,-0.12
177,412,6523,110,0.8775002480756418,0.8759246133563926,-0.0015756347192491527,0.12325816952945921,0.11087197693890154,-0.012386192590557676,0.9818181818181818,0.9,-0.08181818181818179
178,412,6576,130,0.906194658583737,0.907164848803074,0.0009701902193369749,0.17163224235564592,0.18171237063082266,0.010080128275176736,0.9846153846153847,0.9153846153846154,-0.06923076923076932
179,412,6727,136,0.9026089498157023,0.8951790320133515,-0.007429917802350805,0.2066091845365915,0.17812726393473266,-0.028481920601858834,0.9632352941176471,0.8897058823529411,-0.07352941176470595
180,412,6541,110,0.9026759587792086,0.899977382281845,-0.002698576497363603,0.22109558678193708,0.17008056795333146,-0.051015018828605624,0.9818181818181818,0.9,-0.08181818181818179
181,412,6828,142,0.8888585777302163,0.8761728311839327,-0.012685746546283516,0.16803540484989984,0.1633477039845277,-0.004687700865372152,0.9647887323943662,0.8732394366197183,-0.09154929577464799
182,412,6829,120,0.8970027823321906,0.8961426193670194,-0.0008601629651711074,0.1977156671637916,0.19007679416729675,-0.00763887299649485,0.975,0.8916666666666667,-0.08333333333333326
183,412,6774,134,0.887651726308218,0.8708522522927531,-0.016799474015464888,0.17199379094741543,0.19131749211614565,0.019323701168730223,0.9626865671641791,0.8283582089552238,-0.13432835820895528
184,412,6345,164,0.8938969146203353,0.9008823262476273,0.0069854116272920486,0.1918593558731047,0.20136968114295858,0.009510325269853875,0.975609756097561,0.926829268292683,-0.04878048780487798
185,412,6552,99,0.8846249571493644,0.8709127537579422,-0.013712203391422206,0.12503654370881773,0.14062290651037485,0.015586362801557119,0.9393939393939394,0.8181818181818182,-0.12121212121212122
186,412,6803,130,0.9064381145603984,0.8852482449365411,-0.02118986962385727,0.20172842335147356,0.1496149266838819,-0.05211349666759166,0.9692307692307692,0.8538461538461538,-0.11538461538461542
187,412,7371,113,0.9195675446318617,0.9071284173460106,-0.01243912728585117,0.2315846140960872,0.21142870320099427,-0.020155910895092916,0.9557522123893806,0.8849557522123894,-0.07079646017699115
188,412,6918,107,0.905674849782581,0.9169320656387344,0.011257215856153469,0.12026058991741906,0.1405214648626274,0.02026087494520834,0.9719626168224299,0.9345794392523364,-0.03738317757009346
189,412,6101,88,0.9171454273316905,0.9053405122235157,-0.011804915108174718,0.1946314855667721,0.1471799132860579,-0.0474515722807142,0.9886363636363636,0.9204545454545454,-0.06818181818181823
190,412,6376,128,0.8942211507682458,0.8867700164052496,-0.00745113436299627,0.18457201852526456,0.17512096487327894,-0.00945105365198562,0.9765625,0.9140625,-0.0625
191,412,6535,134,0.8948695049980531,0.8910501390874093,-0.0038193659106438016,0.15389441960434622,0.1473945958027597,-0.006499823801586507,0.9925373134328358,0.9104477611940298,-0.08208955223880599
192,412,6033,96,0.9271289512099264,0.9269991157150075,-0.00012983549491896174,0.25772135989895306,0.20281669765781554,-0.05490466224113752,0.9895833333333334,0.96875,-0.02083333333333337
193,412,6583,139,0.9085859803777091,0.9106591821514856,0.0020732017737764563,0.20130239760792393,0.23377932045002303,0.032476922842099104,0.9856115107913669,0.8920863309352518,-0.09352517985611508
194,412,6504,150,0.9167327667610954,0.9148363235757003,-0.001896443185395058,0.2191219169624624,0.20953442600384775,-0.009587490958614636,0.98,0.9266666666666666,-0.053333333333333344
195,412,6409,93,0.8972059354293925,0.8938750876762889,-0.0033308477531036607,0.13580240565346607,0.12289495412097065,-0.012907451532495423,0.989247311827957,0.9247311827956989,-0.06451612903225812
196,412,6821,132,0.873347014773237,0.8586462622940423,-0.014700752479194668,0.1474120660945574,0.11811875203706823,-0.029293314057489167,0.9545454545454546,0.8484848484848485,-0.10606060606060608
197,412,6462,125,0.8841104623638946,0.8737093261795803,-0.010401136184314264,0.18379113413982368,0.16410067900899505,-0.01969045513082862,0.984,0.84,-0.14400000000000002
198,412,6900,129,0.8931764398786892,0.9105052440927394,0.017328804214050142,0.1381054411355628,0.16888941455376333,0.030783973418200522,0.9922480620155039,0.9457364341085271,-0.046511627906976716
199,412,6635,117,0.9157245025609555,0.9166024133038554,0.00087791074289989,0.2158958051117158,0.207187443802081,-0.008708361309634788,0.9914529914529915,0.9145299145299145,-0.07692307692307698
200,412,6634,111,0.8750947789733624,0.8564013960304011,-0.0186933829429613,0.10835058480659915,0.10529526766389445,-0.003055317142704697,0.963963963963964,0.8198198198198198,-0.14414414414414423
201,412,6504,116,0.9041157450391899,0.9069929069591692,0.002877161919979332,0.14010658204764634,0.1314969009915503,-0.008609681056096052,0.9827586206896551,0.9482758620689655,-0.03448275862068961
202,412,6420,140,0.8883052775250226,0.876484303912648,-0.011820973612374663,0.17704859865099012,0.18012225236932553,0.0030736537183354007,0.9714285714285714,0.8857142857142857,-0.08571428571428574
203,412,6357,115,0.9155970076480503,0.9109552400986306,-0.004641767549419695,0.22787286190384756,0.16840897367553054,-0.059463888228317024,0.9826086956521739,0.9478260869565217,-0.034782608695652195
204,412,6773,130,0.899717458516194,0.898588450537871,-0.0011290079783230489,0.16937314499461642,0.1543477397906421,-0.015025405203974329,0.9692307692307692,0.9153846153846154,-0.05384615384615388
205,412,6545,101,0.8944539705367184,0.8981161384294853,0.0036621678927669654,0.16842701289788373,0.17007237130649683,0.0016453584086131012,0.9702970297029703,0.900990099009901,-0.06930693069306926
206,412,6940,107,0.8973385070527717,0.8869969950665475,-0.010341511986224239,0.17116188934151066,0.2157254676329624,0.044563578291451744,0.9626168224299065,0.8691588785046729,-0.09345794392523366
207,412,6601,120,0.9170549812271769,0.9048385022887414,-0.012216478938435471,0.20936442339485892,0.1881555526771896,-0.021208870717669304,0.9916666666666667,0.925,-0.06666666666666665
208,412,7059,139,0.892933629974633,0.9014871917494905,0.008553561774857554,0.12705203445012023,0.1666613826368323,0.03960934818671208,0.9712230215827338,0.920863309352518,-0.050359712230215736
209,412,6445,110,0.8885412929611824,0.885720025830523,-0.002821267130659444,0.17114841198879302,0.14840266261433094,-0.022745749374462082,0.9545454545454546,0.8818181818181818,-0.07272727272727275
210,412,6488,131,0.8955638251755893,0.8928559849273567,-0.0027078402482325625,0.20206299554627583,0.16927626801205137,-0.03278672753422446,0.9770992366412213,0.9007633587786259,-0.07633587786259544
211,412,6960,133,0.9143493713043411,0.9035948594204127,-0.010754511883928397,0.20736610732809926,0.19563371126446144,-0.011732396063637823,0.9774436090225563,0.8947368421052632,-0.08270676691729317
212,412,7151,105,0.9010421313004338,0.895909871186624,-0.005132260113809739,0.13243154366623405,0.12844482629284354,-0.003986717373390514,0.9619047619047619,0.8952380952380953,-0.06666666666666665
213,412,6151,126,0.89917539353224,0.8936152275571362,-0.005560165975103781,0.184145972323039,0.19890525419433938,0.014759281871300378,0.9603174603174603,0.8888888888888888,-0.07142857142857151
214,412,6370,103,0.8973773859374345,0.8847507594875917,-0.012626626449842804,0.21257517623091116,0.16672853031594606,-0.045846645914965095,0.9611650485436893,0.8349514563106796,-0.12621359223300976
215,412,6393,114,0.9052243205561283,0.8955205740102765,-0.009703746545851821,0.18545101768506977,0.15726840059459093,-0.02818261709047884,0.9473684210526315,0.8771929824561403,-0.07017543859649122
216,412,6247,125,0.8940672982685397,0.8828180333224437,-0.011249264946096016,0.16992121425561493,0.15429163174428273,-0.015629582511332202,0.984,0.864,-0.12
217,412,6468,110,0.8924661843346965,0.9013511967742858,0.00888501243958928,0.10581858765396739,0.11732886499503499,0.011510277341067604,0.9818181818181818,0.9545454545454546,-0.027272727272727226
218,412,6762,118,0.8973841569811938,0.8813521056337309,-0.016032051347462883,0.2054367384639879,0.15211254600104251,-0.0533241924629454,0.9915254237288136,0.8728813559322034,-0.11864406779661019
219,412,6742,129,0.8905561866044918,0.885818044561042,-0.0047381420434498,0.14762917962642425,0.14429213636678917,-0.003337043259635075,0.9689922480620154,0.8914728682170543,-0.07751937984496116
220,412,6985,133,0.8905900916915757,0.8940713210346356,0.003481229343059944,0.15943155898656408,0.1961514011724591,0.036719842185895024,0.9774436090225563,0.8872180451127819,-0.09022556390977443
221,412,7194,102,0.8856872698317906,0.8621617287636995,-0.023525541068091127,0.1497247492137562,0.12649562748727544,-0.023229121726480756,0.9411764705882353,0.7843137254901961,-0.1568627450980392
222,412,6845,130,0.9054333008763389,0.9018168279970216,-0.003616472879317323,0.13035035008227405,0.1444867166522914,0.01413636657001735,0.9846153846153847,0.8923076923076924,-0.09230769230769231
223,412,6958,123,0.8838688957482113,0.860809677592021,-0.023059218156190275,0.1682552829552234,0.12659246966634585,-0.041662813288877554,0.9512195121951219,0.8455284552845529,-0.10569105691056901
224,412,6484,94,0.8773016348683115,0.8791704125461992,0.001868777677887734,0.1216231256911253,0.12121160937803097,-0.0004115163130943289,0.9574468085106383,0.851063829787234,-0.1063829787234043
225,412,6911,146,0.9167370328746874,0.9139563020785875,-0.0027807307960999728,0.19447030708729499,0.17065981213495132,-0.023810494952343664,0.9931506849315068,0.952054794520548,-0.041095890410958846
226,412,6506,121,0.9017557938608698,0.890595209588589,-0.011160584272280838,0.18049652864224278,0.1848424845747001,0.004345955932457318,0.9917355371900827,0.9090909090909091,-0.08264462809917361
227,412,6322,97,0.9135444872272594,0.9061549289943279,-0.007389558232931526,0.20765955009336365,0.21442379610513435,0.006764246011770697,0.979381443298969,0.8762886597938144,-0.1030927835051546
228,412,6729,93,0.9012084621517044,0.8996642620570754,-0.001544200094628967,0.1850108776519471,0.18123958486151126,-0.0037712927904358373,0.956989247311828,0.8924731182795699,-0.06451612903225812
229,412,6367,103,0.8980179543453731,0.9041494624855857,0.0061315081402125715,0.24001150395601864,0.23671264440787648,-0.003298859548142158,0.970873786407767,0.883495145631068,-0.08737864077669899
230,412,7005,126,0.9004931041564274,0.885587490799004,-0.014905613357423353,0.14261549833705134,0.14179000583383605,-0.000825492503215286,0.9761904761904762,0.8571428571428571,-0.11904761904761907
231,412,6868,119,0.90120416221015,0.9052732368692031,0.004069074659053151,0.1694802714278118,0.15771461025972522,-0.011765661168086583,0.9663865546218487,0.8907563025210085,-0.07563025210084029
232,412,6304,133,0.8956969477656221,0.8901873058923438,-0.005509641873278293,0.186901199029687,0.15742033020355894,-0.02948086882612805,0.9924812030075187,0.9022556390977443,-0.09022556390977443
233,412,7300,115,0.9051707966476051,0.8939662945145381,-0.011204502133067007,0.17222383027375046,0.16273848209028383,-0.009485348183466635,0.9739130434782609,0.8956521739130435,-0.07826086956521738
234,412,6467,127,0.8947800491815495,0.8959797809185525,0.0011997317370029403,0.19684019601798053,0.1948343491017411,-0.0020058469162394232,0.952755905511811,0.8740157480314961,-0.07874015748031493
235,412,6826,103,0.9212470161119126,0.9127036733774364,-0.008543342734476211,0.21853543319534882,0.176930817580021,-0.04160461561532783,0.9902912621359223,0.9223300970873787,-0.06796116504854366
236,412,6903,115,0.9041774486946275,0.8958385642181856,-0.008338884476441821,0.1681089133758875,0.14659911255033237,-0.02150980082555512,0.9739130434782609,0.8608695652173913,-0.11304347826086958
237,412,6784,108,0.9302254621307946,0.9227914253378604,-0.0074340367929341955,0.23549398531604107,0.19505570835798414,-0.040438276958056935,0.9722222222222222,0.9166666666666666,-0.05555555555555558
238,412,6295,94,0.906547331075633,0.9098729786204696,0.003325647544836552,0.11879211665953587,0.14401632292487926,0.025224206265343385,0.9893617021276596,0.9468085106382979,-0.042553191489361764
239,412,6327,118,0.8793672935132435,0.8758574895381499,-0.003509803975093595,0.15065874325922593,0.13489610663283705,-0.015762636626388882,0.9491525423728814,0.8728813559322034,-0.07627118644067798
240,412,6707,114,0.900858433053664,0.8800003193179369,-0.020858113735727102,0.15095105286558116,0.1432709643882547,-0.007680088477326458,0.9649122807017544,0.8596491228070176,-0.10526315789473684
241,412,6393,113,0.9176342934445634,0.9247181669578941,0.0070838735133307296,0.17441431551805595,0.1813142708850841,0.006899955367028143,0.9911504424778761,0.9911504424778761,0.0
242,412,6538,124,0.9072756671394229,0.9102794290714868,0.0030037619320639752,0.21295786426206884,0.21208029679822651,-0.0008775674638423214,0.9919354838709677,0.9193548387096774,-0.07258064516129037
243,412,6573,106,0.8997975206491009,0.8829594953771105,-0.01683802527199041,0.18840489926974247,0.16327179218550636,-0.025133107084236106,0.9716981132075472,0.8679245283018868,-0.10377358490566035
244,412,7075,101,0.8990422701576151,0.8971256747125818,-0.001916595445033309,0.17267132662982293,0.16765888961526965,-0.005012437014553284,0.9801980198019802,0.8811881188118812,-0.09900990099009899
245,412,6617,113,0.8934964460264072,0.8888131469810273,-0.004683299045379896,0.14008396994770575,0.14522124547573909,0.005137275528033336,0.9734513274336283,0.8938053097345132,-0.07964601769911506
246,412,6361,113,0.8928917430568933,0.899568569906972,0.006676826850078643,0.16307854538863628,0.17063493505946134,0.007556389670825059,0.9823008849557522,0.8938053097345132,-0.08849557522123896
247,412,6269,111,0.9030456243837212,0.9010076981821055,-0.002037926201615692,0.1437212407520834,0.15700265332530774,0.01328141257322435,1.0,0.918918918918919,-0.08108108108108103
248,412,7075,107,0.8947726321662715,0.8913135615953303,-0.0034590705709411917,0.09285670163237741,0.09893348686490508,0.006076785232527665,0.9813084112149533,0.9158878504672897,-0.06542056074766356
249,412,6740,113,0.9158470777230718,0.9071110274273521,-0.008736050295719777,0.17822460935980067,0.11914447169574638,-0.05908013766405429,0.9823008849557522,0.9203539823008849,-0.06194690265486724
250,412,6483,119,0.9142867706479199,0.9176341183865123,0.0033473477385924655,0.21653996034814516,0.2005842161597303,-0.01595574418841486,0.9915966386554622,0.9327731092436975,-0.05882352941176472
251,412,6383,103,0.8934929812627543,0.8830128006925979,-0.010480180570156428,0.17198453116031887,0.14619445276904347,-0.025790078391275395,0.9805825242718447,0.9029126213592233,-0.07766990291262132
252,412,6814,118,0.8921643075552316,0.8815850090111983,-0.010579298544033278,0.13917637155711823,0.13996636035799545,0.0007899888008772171,0.9661016949152542,0.847457627118644,-0.11864406779661019
253,412,6383,101,0.88380285019906,0.88927818283261,0.005475332633549934,0.14176388222466604,0.13961813386162372,-0.0021457483630423213,0.9900990099009901,0.900990099009901,-0.08910891089108908
254,412,6544,105,0.9154541891302258,0.9034684474814929,-0.011985741648732895,0.1710126525586404,0.15722551987465205,-0.013787132683988346,0.9904761904761905,0.9142857142857143,-0.07619047619047625
255,412,6605,133,0.8983545080253168,0.9012054239430467,0.0028509159177299015,0.1786627497028528,0.19243559496469492,0.01377284526184211,0.9849624060150376,0.9022556390977443,-0.08270676691729328
256,412,6550,117,0.8915939579704542,0.8861545901807055,-0.005439367789748628,0.16650603453779633,0.14592786387990764,-0.020578170657888695,0.9658119658119658,0.8888888888888888,-0.07692307692307698
257,412,6356,145,0.9165018682093505,0.913979091600553,-0.0025227766087975168,0.27381987826580595,0.2514765364396573,-0.022343341826148666,0.993103448275862,0.9448275862068966,-0.0482758620689655
258,412,6585,125,0.9108780185758514,0.9087541795665635,-0.00212383900928792,0.22350336885514055,0.2059422255930573,-0.017561143262083245,0.976,0.92,-0.05599999999999994
259,412,6879,133,0.9132217588144687,0.921232075147846,0.008010316333377343,0.16742894450527152,0.19302655023300982,0.02559760572773831,0.9924812030075187,0.9699248120300752,-0.022556390977443552
260,412,6613,116,0.889776713921014,0.8749860678403295,-0.014790646080684478,0.16343452078506246,0.16273727659436021,-0.0006972441907022453,0.9482758620689655,0.8362068965517241,-0.11206896551724144
261,412,6330,99,0.940131535220606,0.9347284431540569,-0.005403092066549098,0.25568545633937473,0.20775138255412798,-0.04793407378524675,0.98989898989899,0.9696969696969697,-0.02020202020202022
262,412,6225,115,0.8937977656016509,0.8884779050736495,-0.005319860528001374,0.16754079767580268,0.16816508291082807,0.0006242852350253902,0.9652173913043478,0.8695652173913043,-0.09565217391304348
263,412,6567,128,0.8979897887870787,0.8883330583165088,-0.009656730470569919,0.20481143505957639,0.19415408153489913,-0.010657353524677254,0.984375,0.890625,-0.09375
264,412,6639,96,0.8976848667787457,0.8951296551021448,-0.002555211676600888,0.1967119961850029,0.15977539916875094,-0.03693659701625196,0.96875,0.875,-0.09375
265,412,6367,117,0.9068170940170941,0.9045100854700854,-0.0023070085470087154,0.20843070067498962,0.16595538884320835,-0.04247531183178127,0.9914529914529915,0.9145299145299145,-0.07692307692307698
266,412,6442,119,0.9104669228121425,0.9074327817478407,-0.0030341410643017763,0.20677185491805444,0.20814308018483854,0.0013712252667840985,0.9831932773109243,0.907563025210084,-0.07563025210084029
267,412,6408,98,0.9005061612600666,0.8937433293444161,-0.0067628319156504135,0.13561489678819702,0.1384971216965498,0.0028822249083527707,1.0,0.8979591836734694,-0.10204081632653061
268,412,6788,112,0.8975233779851065,0.8853208187109475,-0.01220255927415903,0.13567613488990726,0.13616243803867623,0.00048630314876896286,0.9821428571428571,0.8392857142857143,-0.1428571428571428
269,412,6443,116,0.9146337807862309,0.9035183095981645,-0.01111547118806644,0.19644693315493966,0.17161373980310535,-0.024833193351834315,0.9655172413793104,0.896551724137931,-0.06896551724137934
270,412,6583,109,0.8934099134718125,0.8882502487012269,-0.005159664770585604,0.17184603635498222,0.1614167138450943,-0.010429322509887928,0.9541284403669725,0.8532110091743119,-0.10091743119266061
271,412,6931,136,0.9084934856944985,0.888085962861966,-0.020407522832532554,0.17476950842707537,0.15258340686390517,-0.02218610156317019,0.9779411764705882,0.875,-0.1029411764705882
272,412,6040,129,0.8888499827545281,0.8738221604969844,-0.015027822257543733,0.21805414880332508,0.18940084562921136,-0.028653303174113715,0.9689922480620154,0.8294573643410853,-0.13953488372093015
273,412,6760,116,0.8986809462517387,0.8800771761921569,-0.018603770059581803,0.16648303389080932,0.15750796593321148,-0.008975067957597838,0.9396551724137931,0.8275862068965517,-0.11206896551724144
274,412,6383,118,0.8798639198127883,0.8709733926711486,-0.008890527141639737,0.17975248969732086,0.17732291414301593,-0.0024295755543049247,0.9491525423728814,0.847457627118644,-0.10169491525423735
275,412,6890,131,0.8913024082111609,0.8940310290266074,0.0027286208154464475,0.1451557719847998,0.15428491930845953,0.009129147323659742,0.9770992366412213,0.9007633587786259,-0.07633587786259544
276,412,6404,119,0.9006571602387972,0.9061952227191592,0.005538062480362038,0.21416043599944698,0.1876251843213499,-0.026535251678097088,0.9747899159663865,0.9495798319327731,-0.025210084033613467
277,412,7128,116,0.9004981607884022,0.8964078820544092,-0.004090278733992925,0.20896873908244468,0.21867133367642166,0.009702594593976988,0.9568965517241379,0.8706896551724138,-0.08620689655172409
278,412,6273,116,0.8860758430270004,0.8884182847669879,0.002342441739987544,0.1290514000136434,0.1229828704442235,-0.006068529569419903,0.9827586206896551,0.8793103448275862,-0.10344827586206895
279,412,6619,129,0.8945581156460147,0.904434968526415,0.0098768528804003,0.18481061458806303,0.17813437080923153,-0.006676243778831498,0.9689922480620154,0.8914728682170543,-0.07751937984496116
280,412,6584,117,0.8862469420688069,0.8854579264351956,-0.0007890156336113341,0.15244722288134538,0.1536805841158727,0.0012333612345273304,0.9743589743589743,0.8547008547008547,-0.11965811965811968
281,412,6653,111,0.9137148459985512,0.9012245201483966,-0.012490325850154638,0.1754294447983827,0.14635427711541438,-0.029075167682968334,0.963963963963964,0.8918918918918919,-0.07207207207207211
282,412,6764,102,0.9049025494316609,0.8959036031104126,-0.008998946321248313,0.18940014520204845,0.1420664742821303,-0.047333670919918164,0.9509803921568627,0.8823529411764706,-0.06862745098039214
283,412,6421,113,0.8878120773733031,0.90369863244314,0.015886555069836827,0.21441145995755456,0.2007761709200627,-0.013635289037491866,0.9734513274336283,0.9026548672566371,-0.07079646017699115
284,412,6890,108,0.9034713347969026,0.897776112148716,-0.00569522264818656,0.12526700323557943,0.1250141820616921,-0.0002528211738873354,0.9907407407407407,0.8703703703703703,-0.12037037037037035
285,412,6814,136,0.9104522312069482,0.9127699822067192,0.002317750999771051,0.22928563900573268,0.20880082309643666,-0.020484815909296017,0.9779411764705882,0.9264705882352942,-0.051470588235294046
286,412,6570,122,0.8914811556766872,0.8848594557214335,-0.006621699955253635,0.22067187232033444,0.21145233549957457,-0.009219536820759877,0.9754098360655737,0.8852459016393442,-0.0901639344262295
287,412,6359,138,0.9079974560220292,0.9030387956640551,-0.004958660357974098,0.19812278273976625,0.20257707834691058,0.004454295607144332,0.9710144927536232,0.927536231884058,-0.04347826086956519
288,412,6593,110,0.9032125979835375,0.903910927881312,0.0006983298977745189,0.1810014403241476,0.1866993936420274,0.005697953317879784,0.9636363636363636,0.9272727272727272,-0.036363636363636376
289,412,6491,137,0.9176643714287683,0.9132622935377221,-0.0044020778910461855,0.22703995004800348,0.2222556470772157,-0.004784302970787774,0.9927007299270073,0.927007299270073,-0.06569343065693434
290,412,7382,135,0.915945806438424,0.9028522658162509,-0.013093540622173161,0.2260860807972402,0.20102350433826763,-0.025062576458972585,0.9629629629629629,0.8740740740740741,-0.0888888888888888
291,412,6725,94,0.9073853627545667,0.9026991211492121,-0.00468624160535458,0.16298663567723123,0.17356246149061139,0.010575825813380152,0.9787234042553191,0.9361702127659575,-0.04255319148936165
292,412,7082,134,0.9131533610015553,0.9214108645030461,0.008257503501490793,0.23929851291846146,0.20539113441240073,-0.03390737850606074,0.9850746268656716,0.9328358208955224,-0.05223880597014918
293,412,6843,111,0.8946540123010711,0.8795694089811738,-0.01508460331989736,0.13470870351720046,0.13489486794958172,0.00018616443238125835,0.972972972972973,0.8738738738738738,-0.0990990990990992
294,412,6742,161,0.9056978446327231,0.9014186331628508,-0.004279211469872313,0.26017156028918376,0.23937068664371416,-0.020800873645469592,0.9751552795031055,0.8881987577639752,-0.08695652173913038
295,412,6623,116,0.9049047974859965,0.8997313238263303,-0.00517347365966625,0.17717017253957756,0.1372797045281403,-0.03989046801143725,0.9655172413793104,0.896551724137931,-0.06896551724137934
296,412,6721,113,0.8834665409586664,0.8940189151256723,0.01055237416700594,0.1725911166250377,0.18166312348241173,0.009072006857374026,0.9646017699115044,0.8849557522123894,-0.07964601769911495
297,412,6763,109,0.9155795093245975,0.9048492594645423,-0.010730249860055219,0.1722562273027206,0.1710932537366207,-0.0011629735660999008,0.981651376146789,0.8899082568807339,-0.09174311926605505
298,412,6783,116,0.9191967125781642,0.9172927129505594,-0.001903999627604791,0.20184311435045713,0.20407804323291068,0.002234928882453552,0.9913793103448276,0.9224137931034483,-0.06896551724137934
299,412,6464,128,0.8994806463068181,0.8914992207228536,-0.00798142558396453,0.19350008026038554,0.1923032118051336,-0.001196868455251937,0.984375,0.8984375,-0.0859375
300,412,6709,119,0.8993789928718072,0.9045089963147627,0.005130003442955444,0.13659953695021265,0.13771730462103599,0.001117767670823333,1.0,0.9159663865546218,-0.08403361344537819
301,412,6480,124,0.8937922511622242,0.8882907184473904,-0.005501532714833779,0.16032582794217506,0.144239205973873,-0.016086621968302073,1.0,0.9274193548387096,-0.07258064516129037
302,412,6723,84,0.897128440169561,0.8923496797423593,-0.0047787604272016004,0.13092084359414274,0.1264919234962784,-0.004428920097864331,0.9642857142857143,0.9047619047619048,-0.059523809523809534
303,412,6689,135,0.9043739192350727,0.9068242181760644,0.002450298940991691,0.1744816481601274,0.18708525186207994,0.012603603701952543,0.9925925925925926,0.9111111111111111,-0.08148148148148149
304,412,6742,113,0.8915265052858384,0.9036974837032774,0.012170978417438971,0.19059525561692,0.19264307018648397,0.0020478145695639605,0.9911504424778761,0.911504424778761,-0.07964601769911506
305,412,6469,99,0.8917859917859918,0.8881824524681667,-0.0036035393178250885,0.13694285966703157,0.18102154263815254,0.04407868297112097,0.9696969696969697,0.8585858585858586,-0.11111111111111116
306,412,6209,132,0.8841608449145063,0.8750841473813336,-0.00907669753317275,0.14123242927887728,0.15147651415461957,0.010244084875742299,0.9772727272727273,0.8484848484848485,-0.12878787878787878
307,412,6289,104,0.8694608544244761,0.8476509545426278,-0.021809899881848227,0.10626354616529288,0.12795314633980642,0.021689600174513546,0.9615384615384616,0.8173076923076923,-0.14423076923076927
308,412,7015,120,0.8758448150833937,0.8709360647812424,-0.004908750302151321,0.17519734868175485,0.17983635648068777,0.00463900779893292,0.975,0.85,-0.125
309,412,6870,132,0.8891407395414519,0.888485815411461,-0.0006549241299909081,0.14647800014310877,0.15725026031369166,0.010772260170582887,0.9545454545454546,0.8863636363636364,-0.06818181818181823
310,412,6170,130,0.9241607233825777,0.9164645950076414,-0.007696128374936273,0.26516551616636014,0.24626225109555244,-0.018903265070807695,0.9923076923076923,0.9692307692307692,-0.023076923076923106
311,412,6858,150,0.8988948519181077,0.8955307096004771,-0.003364142317630603,0.17267453658627213,0.16867750531113648,-0.0039970312751356485,0.98,0.9133333333333333,-0.06666666666666665
312,412,7012,114,0.9080829429328614,0.906642784839745,-0.0014401580931163727,0.18036556452984467,0.15574251653083235,-0.024623047999012326,0.9649122807017544,0.9035087719298246,-0.06140350877192979
313,412,6561,111,0.8914156016481598,0.8914211886304909,5.586982331107215e-06,0.190097444847816,0.15059050006398078,-0.03950694478383521,0.9279279279279279,0.8558558558558559,-0.072072072072072
314,412,6323,120,0.9130420764146381,0.9021078510398195,-0.010934225374818585,0.20869946886785928,0.18166859097339255,-0.02703087789446673,0.975,0.9083333333333333,-0.06666666666666665
315,412,6998,97,0.9089135445781802,0.9039120282881459,-0.0050015162900343135,0.16394267538450605,0.134850529549774,-0.029092145834732047,0.9587628865979382,0.8865979381443299,-0.07216494845360832
316,412,6415,119,0.8993865652995634,0.882403660320545,-0.016982904979018443,0.12573015335041068,0.1218934272260128,-0.0038367261243978795,0.957983193277311,0.8739495798319328,-0.08403361344537819
317,412,6405,128,0.8843508543093834,0.8875663384180341,0.0032154841086506902,0.16275659646267274,0.15737887962571465,-0.005377716836958091,0.984375,0.9140625,-0.0703125
318,412,6285,120,0.8997729115977291,0.9061489591781562,0.006376047580427091,0.2095147809705017,0.1980478761552007,-0.011466904815300993,0.975,0.9083333333333333,-0.06666666666666665
319,412,6952,88,0.9053775296673026,0.9012701313837678,-0.004107398283534791,0.16624743610516698,0.1560459931927611,-0.010201442912405878,0.9659090909090909,0.9090909090909091,-0.05681818181818188
320,412,7114,129,0.9145622124929944,0.9089089022434564,-0.005653310249537968,0.2017148796505669,0.156989918916285,-0.04472496073428189,0.9844961240310077,0.9069767441860465,-0.07751937984496127
321,412,7184,108,0.9103320038523542,0.8950926972761343,-0.015239306576219969,0.15604491620797165,0.17407211682432366,0.018027200616352018,0.9722222222222222,0.8981481481481481,-0.07407407407407407
322,412,6444,134,0.9080256404191404,0.9105476973295172,0.0025220569103768797,0.23800570168518442,0.23598102372276317,-0.0020246779624212563,0.9701492537313433,0.9253731343283582,-0.04477611940298509
323,412,6361,140,0.8924208326635589,0.8906365536087445,-0.001784279054814375,0.16869829177093612,0.1615476359928185,-0.007150655778117632,0.9785714285714285,0.9071428571428571,-0.0714285714285714
324,412,7051,127,0.9217522528054878,0.9154259746994364,-0.006326278106051353,0.20828958070932013,0.21510416894744624,0.0068145882381261125,0.9921259842519685,0.9212598425196851,-0.07086614173228345
325,412,6069,105,0.8881702915908147,0.8914423046213791,0.003272013030564347,0.16918440338526425,0.15901535798347682,-0.010169045401787424,0.9809523809523809,0.8857142857142857,-0.09523809523809523
326,412,6770,122,0.9065317314710698,0.9166802292320135,0.010148497760943731,0.17936402221382566,0.2033682883232062,0.02400426610938053,1.0,0.9180327868852459,-0.08196721311475408
327,412,6867,102,0.9162369752039766,0.906168572380911,-0.010068402823065647,0.19672278892199654,0.19329286079357172,-0.003429928128424825,0.9901960784313726,0.9215686274509803,-0.06862745098039225
328,412,6021,108,0.9045840614841123,0.90782237505559,0.0032383135714777467,0.1857512189291568,0.19179898787148966,0.0060477689423328596,0.9722222222222222,0.9074074074074074,-0.06481481481481477
329,412,6518,115,0.9154431686234035,0.9044673352844116,-0.01097583333899188,0.21365647379834,0.20463827771945609,-0.009018196078883906,0.9739130434782609,0.8956521739130435,-0.07826086956521738
330,412,6601,103,0.8745498988486374,0.8807848269968056,0.006234928148168173,0.11146396076653944,0.12541295964664353,0.013948998880104091,0.9611650485436893,0.8640776699029126,-0.09708737864077677
331,412,6530,92,0.8917517592555073,0.8886587111849481,-0.0030930480705592123,0.1438077713116912,0.15939624480559325,0.01558847349390205,0.9782608695652174,0.8695652173913043,-0.10869565217391308
332,412,6959,129,0.8988797711873063,0.8979014153245486,-0.0009783558627577404,0.1385845968906033,0.12128940643334518,-0.01729519045725811,0.9844961240310077,0.8992248062015504,-0.0852713178294573
333,412,7213,115,0.905556984821199,0.9072849669839637,0.0017279821627647074,0.13340989684422166,0.15364933730397473,0.020239440459753066,0.991304347826087,0.9304347826086956,-0.0608695652173914
334,412,6554,101,0.8935639728547471,0.8817995467608127,-0.011764426093934355,0.09906326285071022,0.11265802325837432,0.013594760407664094,0.9801980198019802,0.8811881188118812,-0.09900990099009899
335,412,6379,106,0.9048091701782723,0.8940412489585495,-0.01076792121972281,0.18320904689201073,0.1611310429164668,-0.022078003975543936,0.9905660377358491,0.9056603773584906,-0.08490566037735847
336,412,6664,113,0.8888746296924201,0.8984766224976799,0.009601992805259751,0.1493304268731055,0.17528722932702695,0.025956802453921457,0.9823008849557522,0.911504424778761,-0.07079646017699115
337,412,6937,114,0.8938368932737825,0.8964621725793305,0.0026252793055480117,0.17221568947598634,0.16885852426411097,-0.0033571652118753736,0.956140350877193,0.8947368421052632,-0.06140350877192979
338,412,7073,110,0.8981081822098625,0.8975689684435915,-0.000539213766271085,0.13772700958025177,0.1360053967555449,-0.0017216128247068696,0.9636363636363636,0.8818181818181818,-0.08181818181818179
339,412,6151,117,0.9062081254656661,0.9005323112051651,-0.005675814260501011,0.25443096767323675,0.18861916698524192,-0.06581180068799483,0.9829059829059829,0.9316239316239316,-0.05128205128205121
340,412,6522,109,0.9173253297130113,0.9163153399702726,-0.0010099897427386928,0.24878476244416345,0.2143356196377406,-0.03444914280642286,0.9724770642201835,0.9357798165137615,-0.03669724770642202
341,412,6900,136,0.89129626569729,0.8820143188854488,-0.009281946811841246,0.15302472075114598,0.17439151102793235,0.021366790276786368,0.9705882352941176,0.8676470588235294,-0.1029411764705882
342,412,6851,112,0.9141272549975621,0.9160887848981409,0.001961529900578851,0.20958310145328657,0.22727015274742468,0.017687051294138112,0.9910714285714286,0.9196428571428571,-0.07142857142857151
343,412,6261,132,0.886912443079844,0.879908977192384,-0.007003465887459925,0.1789171139733602,0.15808255774249638,-0.020834556230863804,0.9696969696969697,0.8712121212121212,-0.09848484848484851
344,412,5965,102,0.9001197272359395,0.8978990879995185,-0.002220639236421018,0.20272363885533642,0.15577488415724652,-0.0469487546980899,0.9901960784313726,0.8921568627450981,-0.0980392156862745
345,412,7231,95,0.8816010738730233,0.8799047085201794,-0.0016963653528438982,0.14932999959614957,0.14587362039581805,-0.003456379200331511,0.9789473684210527,0.8421052631578947,-0.136842105263158
346,412,6207,116,0.9022087421237666,0.8912145675643544,-0.010994174559412206,0.19905413172304395,0.1685172822446374,-0.03053684947840654,0.9741379310344828,0.8793103448275862,-0.09482758620689657
347,412,6724,129,0.9076855263853871,0.9074786513155961,-0.00020687506979100156,0.22362751290161006,0.17167723574362415,-0.05195027715798592,0.9922480620155039,0.9147286821705426,-0.07751937984496127
348,412,6988,134,0.8809051474463109,0.8865979774311983,0.005692829984887404,0.15301899745629283,0.1534489936402444,0.00042999618395156425,0.9925373134328358,0.917910447761194,-0.07462686567164178
349,412,6361,90,0.9067577384432751,0.903081202714435,-0.00367653572884008,0.13373347446221773,0.1065072354113179,-0.027226239050899825,1.0,0.9222222222222223,-0.07777777777777772
350,412,6419,99,0.9024037846822657,0.9034810126582279,0.0010772279759622139,0.12786952144474767,0.1339300642222649,0.006060542777517219,1.0,0.9393939393939394,-0.06060606060606055
351,412,6148,114,0.9183239421058446,0.9166019747745233,-0.0017219673313212391,0.2326932923688604,0.23374185027733532,0.001048557908474912,0.9824561403508771,0.9385964912280702,-0.04385964912280693
352,412,6486,124,0.9153910314265143,0.9108960967843343,-0.004494934642180093,0.23190254432023208,0.20724310686226577,-0.02465943745796631,0.9758064516129032,0.8870967741935484,-0.08870967741935487
353,412,6842,111,0.9004257563164115,0.8689885844840533,-0.03143717183235828,0.2046575172494053,0.15373486929225827,-0.050922647957147044,0.954954954954955,0.8288288288288288,-0.12612612612612617
354,412,6356,102,0.9124905158737624,0.8969255754748333,-0.015564940398929084,0.1896932900023477,0.17989574267553668,-0.009797547326811012,0.9901960784313726,0.9117647058823529,-0.07843137254901966
355,412,6748,137,0.8857456108874062,0.8721970791878608,-0.013548531699545396,0.19744722896220304,0.18260929310211457,-0.01483793586008847,0.9562043795620438,0.8613138686131386,-0.09489051094890522
356,412,6733,131,0.9118599267860075,0.9164352231916768,0.004575296405669338,0.24113460196467632,0.18274735436760464,-0.05838724759707167,0.9847328244274809,0.9465648854961832,-0.03816793893129766
357,412,6583,112,0.8856781354173565,0.8821527915756009,-0.0035253438417556238,0.1824431209932644,0.15970263033507634,-0.02274049065818806,0.9553571428571429,0.8571428571428571,-0.09821428571428581
358,412,7113,110,0.9113860293640388,0.8847429023924811,-0.026643126971557685,0.2356078810028023,0.2212129129011866,-0.014394968101615696,0.9545454545454546,0.8454545454545455,-0.10909090909090913
359,412,6354,113,0.8891373489329059,0.8894563924263328,0.0003190434934269293,0.18648886437113768,0.14424326104538127,-0.042245603325756415,0.9823008849557522,0.9026548672566371,-0.07964601769911506
360,412,6762,120,0.8798717755696076,0.8727102780287062,-0.007161497540901451,0.14365224084959077,0.14379748774471443,0.0001452468951236574,0.925,0.8416666666666667,-0.08333333333333337
361,412,6750,124,0.9009486090961315,0.8865515126140424,-0.014397096482089089,0.2022173517766273,0.19009915224430354,-0.012118199532323765,0.9516129032258065,0.8709677419354839,-0.08064516129032262
362,412,6910,116,0.893652360602154,0.880242962857694,-0.013409397744460039,0.14070252826365737,0.1475406035853024,0.006838075321645043,0.9827586206896551,0.8189655172413793,-0.1637931034482758
363,412,6277,95,0.890754141906043,0.8970082923257675,0.006254150419724547,0.10908259915405571,0.11620622621629956,0.0071236270622438425,0.9789473684210527,0.8947368421052632,-0.08421052631578951
364,412,6482,125,0.9046934088406482,0.9005883278275916,-0.004105081013056622,0.1995113450037902,0.1805419982993205,-0.018969346704469703,0.968,0.92,-0.04799999999999993
365,412,6440,125,0.9097285827395091,0.9010787015043547,-0.008649881235154422,0.18678905796590287,0.14992730636830048,-0.03686175159760238,0.992,0.928,-0.06399999999999995
366,412,6499,96,0.8912033421833516,0.8931246420948513,0.0019212999114996965,0.10787067224388851,0.12999158022521767,0.022120907981329166,0.9895833333333334,0.9166666666666666,-0.07291666666666674
367,412,6927,123,0.9117628081042715,0.9045079890834182,-0.0072548190208532315,0.2143328254897327,0.1983042364680911,-0.016028589021641615,0.943089430894309,0.8780487804878049,-0.06504065040650409
368,412,6933,101,0.9162691005634521,0.9040080749878268,-0.012261025575625362,0.19594805297654436,0.17085356783076525,-0.02509448514577911,0.9900990099009901,0.8811881188118812,-0.1089108910891089
369,412,5929,115,0.8838680247079763,0.878156174750602,-0.005711849957374282,0.15062729233951075,0.14049714309028696,-0.010130149249223785,0.9652173913043478,0.9043478260869565,-0.060869565217391286
370,412,6509,123,0.8932586272308072,0.8906856716547121,-0.0025729555760950484,0.2185432504083693,0.1959866388051507,-0.022556611603218618,0.959349593495935,0.8861788617886179,-0.07317073170731703
371,412,6921,138,0.907505336230602,0.9065481264969756,-0.0009572097336264518,0.16630563961656258,0.1627447391590607,-0.0035609004575018754,0.9710144927536232,0.8985507246376812,-0.07246376811594202
372,412,6600,102,0.8712620474474801,0.8706027193887712,-0.0006593280587089412,0.13573141156562524,0.158173018152949,0.022441606587323776,0.9313725490196079,0.8235294117647058,-0.10784313725490202
373,412,6681,107,0.9193495190626342,0.9107785129183501,-0.008571006144284077,0.28702567195371015,0.26678714810850473,-0.020238523845205414,0.9906542056074766,0.8878504672897196,-0.10280373831775702
374,412,6919,96,0.8930822218965264,0.8762457863110069,-0.016836435585519505,0.1448832205654627,0.12584664192858758,-0.019036578636875134,0.96875,0.8541666666666666,-0.11458333333333337
375,412,6617,114,0.9230287775412698,0.9269284621672589,0.0038996846259891083,0.2182674014801548,0.18483288166133835,-0.033434519818816455,0.9912280701754386,0.956140350877193,-0.03508771929824561
376,412,5874,137,0.916813513001149,0.921580240442053,0.004766727440904006,0.2955646388288925,0.26770089866831337,-0.02786374016057913,0.9781021897810219,0.9416058394160584,-0.03649635036496357
377,412,6614,95,0.8819547718813832,0.9103785695255165,0.028423797644133386,0.12482868224128887,0.1282186756894883,0.00338999344819943,0.968421052631579,0.9263157894736842,-0.04210526315789476
378,412,6328,133,0.897349912311044,0.8957988190816022,-0.0015510932294418023,0.18425843258576058,0.19941579525616585,0.015157362670405267,0.9624060150375939,0.8947368421052632,-0.06766917293233077
379,412,6892,114,0.9161761736888696,0.8963713873056793,-0.019804786383190276,0.2239078779680683,0.17852012781030524,-0.04538775015776306,0.9824561403508771,0.8947368421052632,-0.08771929824561397
380,412,6371,125,0.9175190521934038,0.908010246557797,-0.009508805635606743,0.19075227660184554,0.1737971649538642,-0.01695511164798133,0.984,0.936,-0.04799999999999993
381,412,6708,117,0.8801966421447532,0.8841563281708935,0.003959686026140274,0.10282972613435366,0.11805855493462641,0.01522882880027275,0.9572649572649573,0.9230769230769231,-0.03418803418803418
382,412,6205,121,0.910888062985965,0.9107467901174195,-0.00014127286854548338,0.20859009437832512,0.20297905269038388,-0.005611041687941243,0.9834710743801653,0.9256198347107438,-0.05785123966942152
383,412,6672,131,0.9032386438565432,0.912806595158431,0.009567951301887812,0.19652395388299718,0.2183844200009168,0.021860466117919614,0.9847328244274809,0.916030534351145,-0.06870229007633588
384,412,6485,90,0.8968586569368431,0.8821457736078534,-0.014712883328989679,0.2133392844797257,0.17036376880451762,-0.042975515675208076,0.9555555555555556,0.8555555555555555,-0.10000000000000009
385,412,6573,99,0.8587543647784612,0.8737537562838767,0.014999391505415516,0.08876413655066664,0.11513095875700374,0.0263668222063371,0.9494949494949495,0.8585858585858586,-0.09090909090909094
386,412,6867,121,0.9304111649878839,0.9241362497029155,-0.006274915284968374,0.23738576115305587,0.19351944291503254,-0.04386631823802334,0.9917355371900827,0.9669421487603306,-0.024793388429752095
387,412,6535,121,0.913872546366806,0.9025697918035702,-0.011302754563235817,0.19002060136149687,0.1667912134731597,-0.023229387888337172,0.9669421487603306,0.9090909090909091,-0.05785123966942152
388,412,6370,138,0.8831382206842664,0.8897718181987312,0.006633597514464795,0.14960381119574348,0.1491469738238427,-0.00045683737190077567,0.9782608695652174,0.9202898550724637,-0.05797101449275366
389,412,7157,116,0.8933279951417559,0.9073958440464471,0.01406784890469126,0.17433833006149674,0.1579916497172058,-0.01634668034429093,0.9913793103448276,0.9137931034482759,-0.07758620689655171
390,412,6357,137,0.9038186213532987,0.9026803107470603,-0.0011383106062383685,0.16209678899458216,0.15451134090358506,-0.007585448090997093,0.9781021897810219,0.9051094890510949,-0.07299270072992703
391,412,6792,125,0.9190508474576271,0.9234642267886606,0.0044133793310334735,0.1899848864517158,0.18581160892613552,-0.004173277525580277,1.0,0.96,-0.040000000000000036
392,412,6641,118,0.9103303304863885,0.9135211260286288,0.0031907955422403322,0.22501394002719635,0.185819457901346,-0.03919448212585036,0.9830508474576272,0.9152542372881356,-0.06779661016949157
393,412,7599,135,0.8871263546504704,0.8860406494382914,-0.001085705212178989,0.12401288722919931,0.13797979520754153,0.013966907978342213,0.9481481481481482,0.8518518518518519,-0.09629629629629632
394,412,6383,130,0.9009250944162188,0.8987452176801289,-0.0021798767360898808,0.17920581826516427,0.1620286257701943,-0.01717719249496996,0.9769230769230769,0.8846153846153846,-0.09230769230769231
395,412,6991,103,0.8994522625531387,0.9038133013091574,0.004361038756018676,0.19816838927251668,0.20416939270850762,0.0060010034359909425,0.9611650485436893,0.8640776699029126,-0.09708737864077677
396,412,6455,109,0.8965743067221423,0.8947874410522267,-0.0017868656699155938,0.21284045224536627,0.16759167671591793,-0.04524877552944834,0.9908256880733946,0.908256880733945,-0.0825688073394496
397,412,6574,107,0.8909994522876024,0.887029621269161,-0.003969831018441394,0.15346401249100589,0.18229776597835415,0.028833753487348263,0.9813084112149533,0.8691588785046729,-0.11214953271028039
398,412,6535,122,0.9202005148353881,0.9158740059254639,-0.004326508909924254,0.20300604090291266,0.19771290928398325,-0.005293131618929414,0.9836065573770492,0.9180327868852459,-0.06557377049180324
399,412,6667,104,0.910021507518841,0.8982817426364584,-0.011739764882382597,0.1801387134319322,0.16350820742784705,-0.016630506004085138,0.9711538461538461,0.8846153846153846,-0.08653846153846156
400,412,6994,96,0.8882571639122452,0.8816331122547598,-0.006624051657485364,0.10561895434743054,0.10561300969820502,-5.944649225528287e-06,0.9583333333333334,0.8541666666666666,-0.10416666666666674
401,412,7264,120,0.9104341638671145,0.9047055804404628,-0.005728583426651723,0.18775505603280934,0.16494359729479144,-0.022811458738017903,0.975,0.9083333333333333,-0.06666666666666665
402,412,7742,119,0.9025703945490042,0.8991883254679283,-0.003382069081075967,0.17423311395899382,0.15635454257349746,-0.017878571385496367,0.957983193277311,0.8907563025210085,-0.0672268907563025
403,412,6771,119,0.9088907360899863,0.904173635780229,-0.0047171003097572495,0.1814322268207545,0.1873899432461695,0.0059577164254150106,0.9747899159663865,0.907563025210084,-0.0672268907563025
404,412,6342,96,0.90004769719287,0.8868709307289999,-0.013176766463870115,0.1635411504222568,0.15157367053013643,-0.01196747989212038,0.9479166666666666,0.84375,-0.10416666666666663
405,412,6833,114,0.8994994555894125,0.9002723358478053,0.0007728802583928385,0.19155155491306908,0.1910989747780998,-0.00045258013496926597,0.9736842105263158,0.9298245614035088,-0.04385964912280704
406,412,6305,101,0.8778048017567714,0.8410543181977772,-0.03675048355899424,0.1307461251482349,0.14345214988843497,0.012706024740200078,0.9504950495049505,0.7722772277227723,-0.17821782178217815
407,412,6750,110,0.9057571193866375,0.9016381434830231,-0.00411897590361443,0.25130042816341686,0.18957318083057548,-0.06172724733284138,0.9818181818181818,0.8727272727272727,-0.10909090909090913
408,412,6782,99,0.904343449457919,0.9018964143908031,-0.0024470350671158547,0.14676193528100345,0.14492038703762997,-0.0018415482433734864,0.98989898989899,0.8888888888888888,-0.1010101010101011
409,412,6878,127,0.9185060947517836,0.9174009799656393,-0.001105114786144279,0.24465042298127737,0.2188331525618134,-0.025817270419463967,0.9763779527559056,0.9212598425196851,-0.055118110236220486
410,412,6751,115,0.9143145425478942,0.9160009958854207,0.0016864533375264834,0.15606177376449354,0.16259218744912676,0.006530413684633224,0.9826086956521739,0.9565217391304348,-0.02608695652173909
411,412,6970,114,0.8789727015906159,0.876075380253434,-0.0028973213371819018,0.14524024350074718,0.16904435306078133,0.023804109560034148,0.956140350877193,0.8771929824561403,-0.07894736842105265
412,412,6571,88,0.8857378738799377,0.8716888926282725,-0.014048981251665205,0.12495150157187507,0.10988437465809517,-0.015067126913779899,0.9659090909090909,0.8636363636363636,-0.10227272727272729
413,412,6459,122,0.898280201884845,0.8884957457761727,-0.00978445610867229,0.20259523389001263,0.19508686663400218,-0.007508367256010451,0.9590163934426229,0.8524590163934426,-0.10655737704918034
414,412,6601,108,0.9009460330498371,0.8881302371214584,-0.01281579592837867,0.2183710399601108,0.16520952525981172,-0.05316151470029909,0.9722222222222222,0.8518518518518519,-0.12037037037037035
415,412,6002,125,0.9106169814531223,0.9022576144291305,-0.00835936702399176,0.18406621012756447,0.17199337296901068,-0.012072837158553784,0.992,0.92,-0.07199999999999995
416,412,6594,118,0.8952573256142629,0.8719404633536081,-0.02331686226065477,0.17618393197196325,0.17811951919510635,0.0019355872231431037,0.9576271186440678,0.8135593220338984,-0.14406779661016944
417,412,6415,126,0.9071457596660332,0.9150280030388156,0.007882243372782427,0.1917248362650072,0.200687474998169,0.008962638733161804,0.9761904761904762,0.9206349206349206,-0.05555555555555558
418,412,6547,93,0.8704179453602167,0.8863603799927359,0.01594243463251921,0.10587906544800264,0.09387128347380823,-0.012007781974194415,0.978494623655914,0.9032258064516129,-0.07526881720430112
419,412,6985,115,0.9095310423390925,0.915121827732422,0.005590785393329467,0.18070887604985994,0.19518905532535355,0.01448017927549361,0.991304347826087,0.9391304347826087,-0.05217391304347829
420,412,6829,115,0.8828988097550867,0.8708409423527735,-0.012057867402313183,0.1905451088854405,0.17935980112750768,-0.011185307757932805,0.9478260869565217,0.8347826086956521,-0.11304347826086958
421,412,6413,110,0.9104928389078794,0.8973519103457228,-0.01314092856215654,0.18096309082132758,0.15891047491547414,-0.022052615905853445,0.9727272727272728,0.8636363636363636,-0.10909090909090913
422,412,7257,129,0.9151560827917417,0.9084242511245095,-0.006731831667232124,0.1751033705216789,0.1550975505291683,-0.02000581999251061,0.9844961240310077,0.9224806201550387,-0.06201550387596899
423,412,6609,107,0.8963338383301184,0.8982469807995814,0.0019131424694630583,0.19932529969523433,0.17573322136735064,-0.02359207832788368,0.9813084112149533,0.9158878504672897,-0.06542056074766356
424,412,6844,109,0.9191856861663363,0.926744447395844,0.0075587612295077156,0.14199363229041156,0.14241240212908748,0.00041876983867591977,0.981651376146789,0.944954128440367,-0.03669724770642202
425,412,6632,113,0.896069623578186,0.8947121212738259,-0.0013575023043600476,0.14267290255019152,0.13010725051777658,-0.012565652032414942,0.9646017699115044,0.8849557522123894,-0.07964601769911495
426,412,7164,101,0.9021311730493451,0.9073662357032815,0.005235062653936362,0.1656038316358231,0.1859183942412601,0.020314562605437014,0.9801980198019802,0.9108910891089109,-0.06930693069306926
427,412,6667,113,0.9046032821947552,0.8977669517500628,-0.00683633044469234,0.14388747112585953,0.13788224352555817,-0.006005227600301366,0.9734513274336283,0.9292035398230089,-0.04424778761061943
428,412,6848,121,0.9091928788267829,0.9044457576289948,-0.0047471211977880845,0.19698200452969075,0.2030879133364481,0.006105908806757349,0.9834710743801653,0.9008264462809917,-0.08264462809917361
429,412,6525,132,0.9118958235570155,0.9119503339353175,5.4510378302063955e-05,0.21864116539993084,0.21447733422200202,-0.004163831177928817,0.9848484848484849,0.9242424242424242,-0.06060606060606066
430,412,6410,134,0.8922321946671994,0.8877172455123998,-0.004514949154799552,0.1907434669444673,0.1941701506803353,0.0034266837358679914,0.9776119402985075,0.8880597014925373,-0.08955223880597019
431,412,6882,111,0.8840484259181646,0.8851554256959662,0.0011069997778015983,0.13551536908535153,0.14956273988237712,0.014047370797025588,0.963963963963964,0.8918918918918919,-0.07207207207207211
432,412,6594,138,0.9017260654059587,0.9048834473717293,0.0031573819657706448,0.17159814640713186,0.1784018043320965,0.006803657924964623,0.9782608695652174,0.9057971014492754,-0.07246376811594202
433,412,6971,127,0.909193408100434,0.9007130793338151,-0.008480328766618972,0.16017806244743718,0.15358029227455042,-0.006597770172886763,0.9763779527559056,0.8976377952755905,-0.07874015748031504
434,412,6945,127,0.9112746943593036,0.9102168183802486,-0.0010578759790550452,0.1553992249218832,0.1692536075670803,0.013854382645197089,0.9763779527559056,0.9448818897637795,-0.03149606299212604
435,412,6398,108,0.8912721545074487,0.8831772949420008,-0.008094859565447865,0.20799699950169828,0.1654009304072152,-0.042596069094483074,0.9907407407407407,0.8518518518518519,-0.13888888888888884
436,412,6935,99,0.915033896602065,0.9073798251680053,-0.007654071434059717,0.22343742649505177,0.17869821784478693,-0.044739208650264845,0.9696969696969697,0.8585858585858586,-0.11111111111111116
437,412,6130,112,0.905539334377819,0.9060793809049044,0.0005400465270853916,0.20304506362770547,0.18227916438076797,-0.020765899246937503,0.9910714285714286,0.9464285714285714,-0.044642857142857206
438,412,6501,88,0.8963398211020228,0.8784190139347632,-0.017920807167259634,0.16071636446043022,0.13405767348935785,-0.026658690971072374,0.9545454545454546,0.8636363636363636,-0.09090909090909094
439,412,6222,127,0.9015224819621092,0.8987048891242982,-0.0028175928378109116,0.2153511156803715,0.2018952791925911,-0.013455836487780398,0.9763779527559056,0.905511811023622,-0.07086614173228356
440,412,6771,106,0.9153561975399511,0.9208000113235856,0.005443813783634455,0.17572636453879087,0.15958971206093583,-0.016136652477855035,0.9811320754716981,0.9150943396226415,-0.06603773584905659
441,412,6775,154,0.8851019091164085,0.8641404660888123,-0.02096144302759617,0.17547912184858414,0.16492989849423897,-0.01054922335434516,0.9545454545454546,0.8246753246753247,-0.1298701298701299
442,412,6825,94,0.8805574082444834,0.8764631413245163,-0.00409426691996706,0.09751250743167383,0.11833260921419242,0.020820101782518585,0.9787234042553191,0.851063829787234,-0.12765957446808507
443,412,6820,118,0.8831831125543096,0.8971961316884917,0.01401301913418207,0.10886381613411061,0.1280738290877861,0.019210012953675498,0.9830508474576272,0.9067796610169492,-0.07627118644067798
444,412,7155,119,0.8775075123852838,0.8783316055245294,0.0008240931392455852,0.1323158257791701,0.12807194831664667,-0.0042438774625234155,0.9663865546218487,0.8991596638655462,-0.0672268907563025
445,412,6411,145,0.9021616386189286,0.9049462341921922,0.002784595573263604,0.1995960663631827,0.2001653085714347,0.0005692422082519966,0.9724137931034482,0.9103448275862069,-0.06206896551724128
446,412,6777,98,0.899581692236709,0.8972762634025013,-0.002305428834207701,0.1563261972363386,0.16992770634023882,0.013601509103900233,0.9591836734693877,0.8979591836734694,-0.061224489795918324
447,412,5923,97,0.8934725599074183,0.8800701441458659,-0.013402415761552322,0.20588303700218935,0.22254082691605764,0.016657789913868293,0.979381443298969,0.865979381443299,-0.11340206185567003
448,412,6751,90,0.9221655073479124,0.9075964569884402,-0.014569050359472202,0.1640049517090945,0.1780722020318092,0.01406725032271472,0.9666666666666667,0.9222222222222223,-0.0444444444444444
449,412,6672,120,0.9047771672771673,0.9070080382580383,0.002230870980871047,0.1319225354370369,0.13069180847689021,-0.001230726960146672,0.9666666666666667,0.9,-0.06666666666666665
450,412,6842,144,0.9045807620848678,0.9089461821107462,0.004365420025878364,0.17714245165028095,0.18913767038763465,0.011995218737353708,0.9930555555555556,0.9375,-0.05555555555555558
451,412,6442,132,0.8715014647265044,0.8702498439225855,-0.0012516208039188292,0.16289802261057085,0.15434786904284847,-0.008550153567722374,0.9545454545454546,0.8181818181818182,-0.13636363636363635
452,412,6599,126,0.8940348063629386,0.9057869195363402,0.011752113173401524,0.1690393521682674,0.17760742822503317,0.008568076056765767,0.9761904761904762,0.9206349206349206,-0.05555555555555558
453,412,7076,114,0.8904982939969861,0.8787553485840427,-0.011742945412943406,0.14870765703425798,0.16271504354535143,0.014007386511093456,0.9649122807017544,0.8333333333333334,-0.13157894736842102
454,412,6325,104,0.8748098871069455,0.8654371669160288,-0.009372720190916728,0.12231590373441459,0.0907778870838415,-0.031538016650573084,0.9903846153846154,0.8461538461538461,-0.14423076923076927
455,412,6764,119,0.8954315812103623,0.8831015927815822,-0.012329988428780081,0.15783480717967507,0.14716170412543764,-0.010673103054237437,0.9831932773109243,0.8907563025210085,-0.09243697478991586
456,412,6539,103,0.9097069276581365,0.9042008845873033,-0.005506043070833244,0.1342727560767084,0.13515181315679245,0.0008790570800840392,0.9611650485436893,0.912621359223301,-0.04854368932038833
457,412,7121,113,0.9211608982907018,0.905633763688528,-0.015527134602173809,0.2724151221143103,0.2376887655669793,-0.034726356547331,0.9911504424778761,0.8761061946902655,-0.11504424778761058
458,412,6420,123,0.9266304382910433,0.9260274927665902,-0.0006029455244530579,0.280411622893118,0.24264620565349101,-0.03776541723962698,0.959349593495935,0.9349593495934959,-0.024390243902439046
459,412,6913,115,0.9095066323854841,0.9101308569016463,0.0006242245161621751,0.27086401371916713,0.21926492163741973,-0.0515990920817474,0.9739130434782609,0.8869565217391304,-0.08695652173913049
460,412,6353,103,0.9214027184466019,0.9313460194174756,0.009943300970873703,0.21535958780984502,0.20271489995976213,-0.01264468785008288,1.0,0.970873786407767,-0.029126213592232997
461,412,6253,94,0.8858045482652959,0.8805415358254483,-0.005263012439847614,0.12321982620220323,0.12395271097105806,0.0007328847688548301,0.9468085106382979,0.8829787234042553,-0.06382978723404253
462,412,7001,127,0.9104614214465554,0.911453405391536,0.0009919839449805679,0.19578974133366783,0.16853891066027107,-0.02725083067339676,0.984251968503937,0.9133858267716536,-0.07086614173228345
463,412,6612,133,0.8996445427506101,0.8973746296595013,-0.0022699130911087995,0.19388918108659886,0.22993192169261914,0.03604274060602028,0.9398496240601504,0.8796992481203008,-0.06015037593984962
464,412,6489,115,0.8977080803808952,0.8814872921242549,-0.016220788256640306,0.15639656304670413,0.16361799781083133,0.007221434764127205,0.9565217391304348,0.8173913043478261,-0.13913043478260867
465,412,6574,118,0.9055523176443407,0.9057433106504525,0.00019099300611180592,0.20669163082153538,0.19413354360494203,-0.01255808721659335,0.9661016949152542,0.9322033898305084,-0.03389830508474578
466,412,6745,124,0.9020747767367759,0.905980360631617,0.0039055838948410804,0.15358481187791356,0.1533257954836315,-0.00025901639428205225,0.967741935483871,0.9193548387096774,-0.048387096774193616
467,412,7186,116,0.9021484660781349,0.8909165731844121,-0.011231892893722839,0.12157577274811746,0.1311033335964025,0.009527560848285044,0.9827586206896551,0.8879310344827587,-0.09482758620689646
468,412,6852,132,0.8904401154401154,0.8970553751803753,0.006615259740259893,0.16788824397775898,0.17928800667816977,0.011399762700410793,0.9848484848484849,0.9090909090909091,-0.0757575757575758
469,412,6429,118,0.8863687024807372,0.8817245380006391,-0.004644164480098079,0.1330499211542981,0.13841408621143725,0.005364165057139159,0.9661016949152542,0.940677966101695,-0.025423728813559254
470,412,6643,111,0.910356774410663,0.9084762196366605,-0.0018805547740025075,0.18520302791709384,0.15101792431317143,-0.03418510360392241,0.990990990990991,0.9009009009009009,-0.09009009009009006
471,412,7168,123,0.9196108639581783,0.9245177632755746,0.004906899317396296,0.20042965039158503,0.1910367875102662,-0.009392862881318825,1.0,0.967479674796748,-0.03252032520325199
472,412,6497,112,0.899310605213111,0.8958111925271284,-0.003499412685982639,0.13618327108803566,0.1420683527713416,0.005885081683305954,0.9910714285714286,0.9285714285714286,-0.0625
473,412,6622,120,0.9106903004203835,0.9160899210499334,0.005399620629549906,0.2317561194845044,0.2401638690433265,0.00840774955882212,0.975,0.9333333333333333,-0.04166666666666663
474,412,6896,94,0.8896194485977216,0.8972376710229156,0.0076182224251940545,0.15859781692867805,0.15127438687210054,-0.007323430056577512,0.9680851063829787,0.8617021276595744,-0.1063829787234043
475,412,6885,116,0.9108333630496025,0.9150832140437389,0.004249850994136439,0.1740452886674331,0.16795858450315962,-0.006086704164273482,1.0,0.9568965517241379,-0.0431034482758621
476,412,6462,120,0.905504309891727,0.8962117628508357,-0.00929254704089133,0.2115888053182341,0.21254193286977593,0.000953127551541838,0.9833333333333333,0.875,-0.10833333333333328
477,412,6441,107,0.9081960875736641,0.9072680003187071,-0.0009280872549569663,0.15551455536944103,0.1676176721881126,0.012103116818671572,1.0,0.9158878504672897,-0.08411214953271029
478,412,6357,93,0.8977842321372169,0.899873316030157,0.002089083892940047,0.16170069598361234,0.16146330595901345,-0.00023739002459888248,0.989247311827957,0.9354838709677419,-0.05376344086021512
479,412,6576,114,0.8838255496370142,0.8821192178837685,-0.001706331753245749,0.1570588092734289,0.14580429272926848,-0.011254516544160431,0.9649122807017544,0.868421052631579,-0.0964912280701754
480,412,6869,120,0.9058416061638761,0.8953647453943794,-0.01047686076949672,0.1892655135316646,0.17636595468748473,-0.01289955884417987,0.9833333333333333,0.8833333333333333,-0.09999999999999998
481,412,6371,127,0.908107058366583,0.9152629043566863,0.007155845990103327,0.18065991977716625,0.17305753198010673,-0.007602387797059518,0.984251968503937,0.952755905511811,-0.03149606299212604
482,412,7047,138,0.8888228125045886,0.881057264102064,-0.007765548402524636,0.1700965328433963,0.17498762101757076,0.004891088174174468,0.9492753623188406,0.8695652173913043,-0.07971014492753625
483,412,6724,114,0.9007232529129177,0.9114605727632242,0.01073731985030657,0.18706458489983457,0.17647368581717163,-0.010590899082662947,0.9736842105263158,0.9385964912280702,-0.03508771929824561
484,412,6530,120,0.8833983359334374,0.887613104524181,0.004214768590743545,0.18287907746053017,0.19163981655827106,0.008760739097740888,0.95,0.8583333333333333,-0.09166666666666667
485,412,6936,107,0.9103438743237676,0.9192708939199647,0.008927019596197128,0.19903959663664586,0.23442232602893195,0.035382729392286094,0.9719626168224299,0.897196261682243,-0.07476635514018692
486,412,7064,112,0.9252322045043564,0.9218608725135624,-0.00337133199079398,0.2032439618603633,0.2166833888672263,0.013439427006862986,0.9821428571428571,0.9375,-0.044642857142857095
487,412,6982,134,0.8878668137118146,0.8910985013600223,0.003231687648207693,0.13898672914475174,0.14425613890853467,0.0052694097637829285,0.9701492537313433,0.9104477611940298,-0.059701492537313494
488,412,6598,115,0.9120307962631363,0.9306809112796679,0.018650115016531577,0.16671478671954632,0.17881530678104582,0.012100520061499503,0.991304347826087,0.9478260869565217,-0.0434782608695653
489,412,5887,124,0.8916614890318103,0.9032873783255809,0.01162588929377062,0.16923846501906878,0.18743696407930127,0.018198499060232493,1.0,0.9516129032258065,-0.048387096774193505
490,412,5970,125,0.9093666381522669,0.9046357570573138,-0.004730881094953121,0.23969640376291662,0.22806688797235794,-0.011629515790558681,0.976,0.928,-0.04799999999999993
491,412,6175,130,0.8969752497295921,0.8997365909524719,0.002761341222879854,0.1704673722900265,0.17186170625685482,0.0013943339668283095,0.9846153846153847,0.9153846153846154,-0.06923076923076932
492,412,6344,107,0.8972337227788941,0.8983350790204372,0.0011013562415430611,0.16853711339603325,0.16185215395683747,-0.006684959439195781,0.9906542056074766,0.8878504672897196,-0.10280373831775702
493,412,6759,125,0.8959565872776605,0.8948760928549895,-0.0010804944226709967,0.19111104455823075,0.17229115173799348,-0.01881989282023727,0.968,0.88,-0.08799999999999997
494,412,6995,113,0.9095074234954338,0.9126707352513804,0.0031633117559466406,0.24435556661104985,0.2438373215075561,-0.0005182451034937419,0.9734513274336283,0.8938053097345132,-0.07964601769911506
495,412,6668,113,0.9109887068575633,0.900353037268045,-0.010635669589518226,0.19974178658560776,0.18349206187676959,-0.016249724708838176,0.9292035398230089,0.8672566371681416,-0.06194690265486724
496,412,6557,116,0.9144609693290291,0.898211350775474,-0.016249618553555112,0.20639601120327028,0.2003291546043282,-0.006066856598942072,0.9655172413793104,0.8879310344827587,-0.07758620689655171
497,412,6505,102,0.8937967190624493,0.9041166365031097,0.010319917440660409,0.19325484696707257,0.1722695568342762,-0.020985290132796375,0.9901960784313726,0.8921568627450981,-0.0980392156862745
498,412,7015,106,0.9152841385450206,0.9199690313700752,0.004684892825054687,0.16631480671795912,0.1721095807055988,0.005794773987639695,1.0,0.9056603773584906,-0.09433962264150941
499,412,6590,144,0.8995705777915676,0.897348592581101,-0.0022219852104665705,0.18961606557630092,0.1829150017012982,-0.006701063875002716,0.9791666666666666,0.9097222222222222,-0.06944444444444442
500,412,6641,108,0.9058582920897325,0.9042482326195781,-0.001610059470154357,0.24771139745257717,0.22080908543183855,-0.026902312020738617,0.9814814814814815,0.8888888888888888,-0.09259259259259267
501,412,6122,122,0.8625956284153006,0.8635273224043716,0.000931693989071003,0.10416015827176606,0.12128254153522776,0.017122383263461702,0.9754098360655737,0.860655737704918,-0.11475409836065575
502,412,6765,127,0.8899654340435527,0.8881007228721296,-0.0018647111714230613,0.18892841420393625,0.16371376733332438,-0.025214646870611868,0.984251968503937,0.8818897637795275,-0.10236220472440949
503,412,6476,114,0.9050419982682264,0.8985023467187301,-0.006539651549496317,0.21421367081781392,0.19855634549651505,-0.015657325321298876,1.0,0.8947368421052632,-0.10526315789473684
504,412,6786,117,0.9019676446577031,0.8911752681433294,-0.010792376514373703,0.16726251642858359,0.16885194988725705,0.0015894334586734615,0.9829059829059829,0.8888888888888888,-0.09401709401709402
505,412,6863,129,0.9141496467077862,0.9146043564648216,0.00045470975703543193,0.19641201945781553,0.18360613115953486,-0.012805888298280665,0.9689922480620154,0.9457364341085271,-0.023255813953488302
506,412,6283,102,0.8804765394266427,0.8859415793497467,0.005465039923103987,0.1608680818446435,0.12940367799121621,-0.031464403853427275,0.9901960784313726,0.9215686274509803,-0.06862745098039225
507,412,6822,123,0.9051429833599723,0.9028298119971795,-0.002313171362792854,0.14435023245746811,0.14936574711624637,0.005015514658778253,0.967479674796748,0.9186991869918699,-0.04878048780487809
508,412,6213,105,0.8906586210122556,0.8834479371316306,-0.007210683880624957,0.14444130755735626,0.16139285980287701,0.01695155224552075,0.9619047619047619,0.8857142857142857,-0.07619047619047625
509,412,5914,109,0.8963595129159456,0.8928999834056374,-0.003459529510308257,0.15363177598623287,0.1614267056133504,0.007794929627117531,0.9724770642201835,0.9174311926605505,-0.05504587155963303
510,412,6812,128,0.881508078994614,0.8789284578845004,-0.0025796211101136723,0.16207669208066375,0.1544730493566809,-0.00760364272398284,0.96875,0.8515625,-0.1171875
511,412,6861,116,0.8920937603844483,0.8958947879655428,0.0038010275810944627,0.10388022548435448,0.12499327677614083,0.021113051291786353,0.9827586206896551,0.9224137931034483,-0.06034482758620685
512,412,6811,122,0.8924953863573423,0.8812186143631948,-0.01127677199414745,0.16706115108956573,0.1506027915565719,-0.01645835953299382,0.9836065573770492,0.8688524590163934,-0.11475409836065575
513,412,6512,126,0.9080503482319957,0.9129084455579914,0.004858097325995736,0.22031561328868762,0.2230412115226128,0.0027255982339251805,0.9841269841269841,0.9603174603174603,-0.023809523809523725
514,412,7169,128,0.8856252662974009,0.8863520362874592,0.0007267699900582736,0.13250332345741095,0.12011750521433538,-0.012385818243075566,0.9609375,0.859375,-0.1015625
515,412,6802,109,0.9032304050377158,0.887172960384463,-0.01605744465325276,0.22554578461863659,0.20423553482940157,-0.021310249789235014,0.963302752293578,0.8807339449541285,-0.08256880733944949
516,412,6600,127,0.9247583237944168,0.920507474415227,-0.004250849379189847,0.2816418739046063,0.251546131680963,-0.030095742223643307,0.984251968503937,0.9212598425196851,-0.06299212598425197
517,412,6647,126,0.8921968828424893,0.8934382933769531,0.001241410534463805,0.11780111869062551,0.1163998936782863,-0.001401225012339205,0.9920634920634921,0.9206349206349206,-0.07142857142857151
518,412,6344,131,0.9124281394711654,0.9014784317050066,-0.010949707766158778,0.18102290058856155,0.20962701701037895,0.0286041164218174,0.9923664122137404,0.9007633587786259,-0.09160305343511455
519,412,6575,127,0.8971945155428772,0.8981531232293234,0.0009586076864461779,0.15010457737117844,0.1519009926055137,0.001796415234335269,0.952755905511811,0.8661417322834646,-0.08661417322834641
520,412,6666,111,0.9112760357611617,0.908142467410202,-0.0031335683509596812,0.14554186840584804,0.15457519622316726,0.00903332781731922,0.9819819819819819,0.9009009009009009,-0.08108108108108103
521,412,6656,104,0.8740050014088475,0.843486574856767,-0.03051842655208048,0.12766334744943808,0.14193966570333516,0.01427631825389708,0.9807692307692307,0.7788461538461539,-0.20192307692307687
522,412,6370,118,0.9069680753006496,0.9199781493650846,0.013010074064434995,0.19912175961349268,0.19323474221284895,-0.005887017400643735,0.9830508474576272,0.9576271186440678,-0.025423728813559365
523,412,6955,123,0.8754248300679728,0.8755789350926295,0.0001541050246567366,0.13436483499573068,0.16640488476464974,0.032040049768919054,0.926829268292683,0.8373983739837398,-0.08943089430894313
524,412,6522,124,0.9292785547903075,0.9305491131301112,0.001270558339803718,0.2684028673998637,0.22796028517265798,-0.0404425822272057,0.9919354838709677,0.9758064516129032,-0.016129032258064502
525,412,6189,124,0.900054516926841,0.8931853841448821,-0.0068691327819588865,0.16117118457935525,0.15919782421031436,-0.0019733603690408885,0.9919354838709677,0.9193548387096774,-0.07258064516129037
526,412,7029,99,0.9095500459136823,0.8947191977495008,-0.014830848164181454,0.15450469497559174,0.15147636190688915,-0.0030283330687025933,0.9595959595959596,0.8686868686868687,-0.09090909090909083
527,412,6170,136,0.8863352765700248,0.9009455000097487,0.014610223439723957,0.13871237226251956,0.16567138496545766,0.0269590127029381,0.9779411764705882,0.9264705882352942,-0.051470588235294046
528,412,6009,107,0.929958797429669,0.9165370838967941,-0.013421713532874913,0.22046044076899748,0.2067543289374877,-0.01370611183150977,0.9906542056074766,0.9252336448598131,-0.06542056074766356
529,412,6503,128,0.9046004901960785,0.9060563725490196,0.0014558823529411402,0.227085029862907,0.19462765381850444,-0.03245737604440255,0.9765625,0.9140625,-0.0625
530,412,6369,126,0.8967465783900191,0.8942167608674096,-0.002529817522609501,0.16169752302616094,0.16008196897263005,-0.0016155540535308932,0.9682539682539683,0.8888888888888888,-0.07936507936507942
531,412,6442,134,0.9085880048079198,0.8942293131678324,-0.014358691640087407,0.19116857945052346,0.17043383496334308,-0.02073474448718038,0.9626865671641791,0.8880597014925373,-0.07462686567164178
532,412,6452,104,0.9204170907857108,0.9143506737433958,-0.00606641704231492,0.19856105304154043,0.19993026535160496,0.0013692123100645381,0.9807692307692307,0.9134615384615384,-0.06730769230769229
533,412,6330,129,0.8978284322733643,0.8938955832330119,-0.003932849040352404,0.22003128073127262,0.2233498814043235,0.00331860067305087,0.9612403100775194,0.875968992248062,-0.0852713178294574
534,412,6150,105,0.9076607979833786,0.9072180865729254,-0.000442711410453267,0.23686061248843926,0.2334959955390684,-0.0033646169493708467,0.9523809523809523,0.9238095238095239,-0.02857142857142847
535,412,6545,116,0.8903983029483858,0.8855469022371688,-0.004851400711217035,0.1494018134102165,0.13884137762199336,-0.010560435788223133,0.9827586206896551,0.8879310344827587,-0.09482758620689646
536,412,6607,117,0.868265444536631,0.8740363214939486,0.005770876957317594,0.12483892122046894,0.16056334818695542,0.03572442696648648,0.9572649572649573,0.8461538461538461,-0.11111111111111116
537,412,6592,119,0.895932295365234,0.8897982180667725,-0.006134077298461493,0.18494444749383426,0.14168669837190961,-0.04325774912192465,0.9495798319327731,0.8823529411764706,-0.0672268907563025
538,412,6724,118,0.901303129666405,0.902927231022645,0.0016241013562400264,0.19454212070696272,0.18439006486021114,-0.010152055846751579,0.9661016949152542,0.940677966101695,-0.025423728813559254
539,412,6653,129,0.8942984519888403,0.9005764048308215,0.0062779528419811825,0.17142782270641943,0.16351503753130306,-0.007912785175116371,0.9767441860465116,0.8992248062015504,-0.07751937984496116
540,412,6925,115,0.8875285705165039,0.880872119006576,-0.006656451509927885,0.14107314010238672,0.16858084080819977,0.027507700705813043,0.9739130434782609,0.8521739130434782,-0.12173913043478268
541,412,6671,100,0.8953325216861969,0.8814130269365393,-0.01391949474965759,0.11260845649981169,0.11085653497619963,-0.00175192152361206,0.99,0.84,-0.15000000000000002
542,412,6293,115,0.8927653525131252,0.896402381522091,0.0036370290089657864,0.15823777406430306,0.18041738763965184,0.022179613575348783,0.9739130434782609,0.9217391304347826,-0.05217391304347829
543,412,6485,96,0.9207720300516513,0.9245154432096834,0.0037434131580320607,0.17412083783459195,0.1962340985921725,0.02211326075758055,0.9895833333333334,0.9479166666666666,-0.04166666666666674
544,412,6720,115,0.8945528749629728,0.9026969028733172,0.008144027910344409,0.14416491345823718,0.17058019124207735,0.026415277783840174,0.991304347826087,0.9043478260869565,-0.08695652173913049
545,412,6663,104,0.8911360784359718,0.8850669074788604,-0.006069170957111347,0.1108350346359477,0.12693984654353382,0.016104811907586128,0.9903846153846154,0.8653846153846154,-0.125
546,412,6756,89,0.9065007423786113,0.9009307961568214,-0.005569946221789968,0.1815263737151095,0.17785158302588808,-0.0036747906892214133,0.9775280898876404,0.898876404494382,-0.0786516853932584
547,412,7192,104,0.9070083239277652,0.9098571258030909,0.002848801875325657,0.16559753295469534,0.16983564259302894,0.004238109638333598,0.9903846153846154,0.9423076923076923,-0.04807692307692313
548,412,6787,134,0.9138274507516528,0.9062654935154381,-0.007561957236214778,0.2197986360130995,0.2108284548892748,-0.008970181123824722,1.0,0.9104477611940298,-0.08955223880597019
549,412,6625,93,0.898060170278332,0.8897734231475811,-0.008286747130750838,0.14057890051532607,0.12920972859598734,-0.011369171919338728,0.978494623655914,0.9032258064516129,-0.07526881720430112
550,412,6528,127,0.9036075810005081,0.9060788976131928,0.0024713166126847375,0.1618821819031816,0.15899990692969776,-0.0028822749734838393,1.0,0.937007874015748,-0.06299212598425197
551,412,6561,103,0.9098371253235995,0.9076888152573613,-0.0021483100662381682,0.15430401931904375,0.14392786314580283,-0.010376156173240919,0.970873786407767,0.8932038834951457,-0.07766990291262132
552,412,6545,137,0.8756561141638646,0.881877807849677,0.0062216936858123795,0.2069377938814207,0.18270473091083872,-0.024233062970581976,0.9635036496350365,0.8686131386861314,-0.0948905109489051
553,412,6047,102,0.9016853839937994,0.8952011081976945,-0.006484275796104888,0.19012441176711986,0.18685627713883707,-0.0032681346282827928,0.9705882352941176,0.9313725490196079,-0.039215686274509776
554,412,6358,98,0.9085609962834974,0.9176745778183477,0.009113581534850312,0.22347709282831654,0.19808569512901272,-0.02539139769930382,0.9795918367346939,0.9285714285714286,-0.05102040816326525
555,412,6541,112,0.9141932204519698,0.9078603093127124,-0.00633291113925738,0.2328658940801984,0.2301266007910043,-0.002739293289194089,0.9732142857142857,0.9107142857142857,-0.0625
556,412,6288,107,0.9037977401352049,0.898023336513615,-0.005774403621589874,0.18416155439981285,0.1693488926246333,-0.014812661775179564,0.9626168224299065,0.897196261682243,-0.06542056074766356
557,412,6705,139,0.90333678838227,0.9166378137210001,0.01330102533873001,0.17200715759182084,0.21116452021935644,0.03915736262753561,0.9784172661870504,0.9496402877697842,-0.02877697841726623
558,412,6445,119,0.9125285270605239,0.9018788672598346,-0.010649659800689326,0.20370056071206635,0.19707500597673783,-0.006625554735328526,0.9747899159663865,0.907563025210084,-0.0672268907563025
559,412,6834,116,0.9006105573292543,0.8947231318844894,-0.005887425444764949,0.22308320383706218,0.20458530935870695,-0.01849789447835523,0.9482758620689655,0.8793103448275862,-0.06896551724137934
560,412,6759,116,0.8934917232035796,0.8952150825084222,0.0017233593048425755,0.16904691277041864,0.1769356880719423,0.007888775301523654,0.9482758620689655,0.8879310344827587,-0.06034482758620685
561,412,6676,122,0.8954586612105234,0.8984764653796705,0.003017804169147098,0.13690416581114445,0.133684624861321,-0.003219540949823463,0.9836065573770492,0.9016393442622951,-0.08196721311475408
562,412,6975,90,0.8866828048091664,0.869991124021625,-0.016691680787541352,0.11026933471848499,0.08161270845820856,-0.02865662626027643,0.9222222222222223,0.8222222222222222,-0.10000000000000009
563,412,6658,133,0.901775127473857,0.8918894938495665,-0.009885633624290513,0.17797029524672564,0.1626906092475498,-0.01527968599917584,0.9924812030075187,0.924812030075188,-0.06766917293233077
564,412,6254,110,0.8873416785037879,0.8935413707386364,0.006199692234848508,0.12721752309239315,0.12375516756636123,-0.0034623555260319128,0.9818181818181818,0.9272727272727272,-0.054545454545454564
565,412,6601,106,0.9008831176376604,0.8887170101819979,-0.01216610745566249,0.2032887657875328,0.1831352262281179,-0.0201535395594149,0.9622641509433962,0.8584905660377359,-0.10377358490566035
566,412,6438,112,0.8886666704304231,0.8900653764509281,0.0013987060205049584,0.16227777727742995,0.15970113893543414,-0.0025766383419958128,0.9642857142857143,0.8928571428571429,-0.0714285714285714
567,412,6500,112,0.8935042825834154,0.8956120292512747,0.0021077466678592893,0.16205504907971052,0.1456874203929672,-0.016367628686743324,0.9732142857142857,0.9375,-0.0357142857142857
568,412,6462,115,0.9151259410471225,0.9246490981703098,0.009523157123187298,0.19888332719928725,0.2345658037274366,0.03568247652814935,0.991304347826087,0.9565217391304348,-0.034782608695652195
569,412,6625,110,0.9031479801855857,0.8868917881811206,-0.016256192004465153,0.19047010627764174,0.16517676727445701,-0.02529333900318473,0.990909090909091,0.8727272727272727,-0.11818181818181828
570,412,6930,103,0.904784116749457,0.8890683906419541,-0.015715726107502936,0.22008984757318015,0.1851436428145703,-0.03494620475860985,0.941747572815534,0.8543689320388349,-0.0873786407766991
571,412,6716,105,0.902070863135755,0.9035287507833265,0.0014578876475714875,0.14564014771538328,0.12585407564737072,-0.019786072068012556,0.9809523809523809,0.9238095238095239,-0.05714285714285705
572,412,7026,108,0.8978630625421606,0.9022223292966283,0.004359266754467628,0.14080564860405023,0.1412237757530186,0.0004181271489683558,0.9814814814814815,0.8981481481481481,-0.08333333333333337
573,412,6821,117,0.9227033739265244,0.9077849937784306,-0.014918380148093768,0.23651566189045095,0.18258078068662134,-0.05393488120382961,0.9658119658119658,0.9145299145299145,-0.05128205128205132
574,412,6362,126,0.8867902196157488,0.8776713807182055,-0.00911883889754328,0.20553037516324074,0.1676953209699434,-0.03783505419329733,0.9682539682539683,0.8650793650793651,-0.10317460317460314
575,412,6358,163,0.9037567402962017,0.9018325683189985,-0.0019241719772031818,0.25885751463197726,0.24727652584376159,-0.011580988788215674,0.9693251533742331,0.901840490797546,-0.06748466257668706
576,412,7025,148,0.9064095358991389,0.8934806189059497,-0.01292891699318921,0.22359602654924007,0.1965167881207112,-0.027079238428528885,0.9594594594594594,0.8783783783783784,-0.08108108108108103
577,412,6613,123,0.8871447004146467,0.8902413970210581,0.003096696606411431,0.16781000398302298,0.1328251784677608,-0.03498482551526219,0.959349593495935,0.8861788617886179,-0.07317073170731703
578,412,6801,136,0.908733065619346,0.9062089051674683,-0.002524160451877644,0.1885472007016607,0.1940129221978906,0.005465721496229897,0.9852941176470589,0.9191176470588235,-0.06617647058823539
579,412,6971,109,0.9012404439821488,0.8946638715008063,-0.006576572481342469,0.13513653130294442,0.1381986969398871,0.003062165636942671,0.981651376146789,0.908256880733945,-0.07339449541284404
580,412,6789,102,0.8904884220773699,0.8873098813325241,-0.0031785407448458036,0.1235365108488279,0.12187988265436286,-0.0016566281944650346,0.9705882352941176,0.8921568627450981,-0.07843137254901955
581,412,6885,133,0.9024983964650963,0.9062566813954317,0.003758284930335365,0.24379431422030143,0.20575874158468802,-0.03803557263561341,0.9924812030075187,0.924812030075188,-0.06766917293233077
582,412,6510,105,0.8866837664027359,0.8928872532619606,0.006203486859224672,0.17423113216999084,0.15640275237730367,-0.01782837979268717,0.9619047619047619,0.8761904761904762,-0.08571428571428574
583,412,6653,109,0.8881333976357642,0.8784459747426034,-0.009687422893160713,0.13854864217787097,0.12397557434446535,-0.014573067833405617,0.9908256880733946,0.8623853211009175,-0.12844036697247707
584,412,6724,113,0.8936834961307447,0.8901187749567294,-0.003564721174015295,0.19599741746282323,0.16968262410568324,-0.026314793357139987,0.9734513274336283,0.8849557522123894,-0.08849557522123885
585,412,6925,144,0.9038110980025889,0.8973653918628848,-0.006445706139704077,0.20034778864810573,0.17803739457728399,-0.02231039407082175,0.9652777777777778,0.875,-0.09027777777777779
586,412,6741,107,0.9122842113270915,0.9122504007956744,-3.381053141704449e-05,0.15537172476740568,0.16065215659446233,0.0052804318270566475,0.9906542056074766,0.9439252336448598,-0.04672897196261683
587,412,6890,177,0.8948225089862742,0.9021091549325408,0.007286645946266601,0.16939715058522414,0.1901843849390615,0.020787234353837364,0.9661016949152542,0.9096045197740112,-0.05649717514124297
588,412,6450,165,0.9009734577276345,0.9026561558303803,0.0016826981027457943,0.2208623914457066,0.2027409719883699,-0.018121419457336696,0.9696969696969697,0.9090909090909091,-0.06060606060606066
589,412,6651,113,0.8960359721383768,0.9053890529701107,0.009353080831733918,0.1566216285077958,0.1811257181674873,0.024504089659691503,0.9646017699115044,0.9203539823008849,-0.04424778761061943
590,412,5952,124,0.8770424203511413,0.8809971882126331,0.003954767861491737,0.12992087058692067,0.12769388569647472,-0.0022269848904459544,0.9919354838709677,0.9032258064516129,-0.08870967741935487
591,412,6478,93,0.8989685166005675,0.9079327388620844,0.00896422226151683,0.1900660844394785,0.2152306312275968,0.025164546788118303,0.978494623655914,0.9032258064516129,-0.07526881720430112
592,412,6832,119,0.8976650096952231,0.8971242302969155,-0.0005407793983076559,0.1508377722579209,0.1571995031165164,0.00636173085859551,0.9747899159663865,0.8991596638655462,-0.07563025210084029
593,412,6821,108,0.9121080711278834,0.911612901446061,-0.0004951696818223938,0.16507587256021486,0.13684067740295708,-0.02823519515725778,0.9814814814814815,0.9444444444444444,-0.03703703703703709
594,412,6309,101,0.9046056828621006,0.9014510181688271,-0.0031546646932735234,0.1577159884326644,0.14980733612619726,-0.007908652306467145,0.9900990099009901,0.900990099009901,-0.08910891089108908
595,412,6374,117,0.8808732510186881,0.879421202099802,-0.001452048918886062,0.1586115570505487,0.17660889812100594,0.01799734107045725,0.9487179487179487,0.8632478632478633,-0.08547008547008539
596,412,6946,146,0.9134206285253827,0.8982060838033844,-0.015214544721998347,0.21938291309711613,0.1855607174027653,-0.033822195694350826,0.9863013698630136,0.9246575342465754,-0.06164383561643827
597,412,6904,127,0.902081960870429,0.8935468391816228,-0.008535121688806213,0.18502649020470255,0.1890411580528259,0.004014667848123349,0.9606299212598425,0.889763779527559,-0.07086614173228345
598,412,6311,107,0.9177392336569111,0.9340318576498732,0.016292623992962052,0.3014445755900934,0.24837370321587185,-0.05307087237422156,0.9906542056074766,0.9626168224299065,-0.028037383177570097
599,412,6894,134,0.9005696370219906,0.8895235361653273,-0.011046100856663243,0.1681452992134653,0.14729821604475615,-0.020847083168709146,0.9552238805970149,0.8507462686567164,-0.10447761194029848
600,412,6613,100,0.9090112083525257,0.8993367111929986,-0.009674497159527062,0.15742615583102926,0.1611965761195761,0.0037704202885468496,0.99,0.91,-0.07999999999999996
601,412,6125,114,0.9046441173637804,0.9060319239289373,0.0013878065651569127,0.18756349490707214,0.1739176624746547,-0.013645832432417432,0.9824561403508771,0.9473684210526315,-0.03508771929824561
602,412,7132,115,0.9105142170257325,0.8991096157778316,-0.011404601247900992,0.2620275086833543,0.21977871055476736,-0.04224879812858692,0.9739130434782609,0.8608695652173913,-0.11304347826086958
603,412,6815,130,0.8933594154536564,0.9011483804153961,0.007788964961739753,0.14704564730405087,0.15252810851809587,0.005482461214044998,0.9769230769230769,0.9153846153846154,-0.06153846153846154
604,412,6611,106,0.8826722550142851,0.899678041564544,0.01700578655025886,0.17194492141906026,0.17410444536429084,0.0021595239452305848,0.9905660377358491,0.9056603773584906,-0.08490566037735847
605,412,6605,109,0.920920990192977,0.917744723640801,-0.003176266552176066,0.20338516543573057,0.1759974981021858,-0.02738766733354478,0.981651376146789,0.908256880733945,-0.07339449541284404
606,412,6536,131,0.9158946672149024,0.9017984518297371,-0.014096215385165367,0.21516034082308844,0.18760518389796385,-0.027555156925124585,0.9847328244274809,0.9083969465648855,-0.07633587786259544
607,412,6664,130,0.9105130559676013,0.9078830260648443,-0.0026300299027570695,0.22981186832120143,0.2144120796220729,-0.01539978869912853,0.9615384615384616,0.9230769230769231,-0.038461538461538436
608,412,6732,117,0.8854403679800505,0.8804013153219502,-0.00503905265810034,0.1345131894007125,0.11232861645464672,-0.02218457294606578,0.9743589743589743,0.8888888888888888,-0.0854700854700855
609,412,6301,115,0.9076245097625775,0.9026722332335286,-0.004952276529048838,0.17912471680844871,0.1783687279207937,-0.000755988887655018,0.9739130434782609,0.9130434782608695,-0.0608695652173914
610,412,6711,102,0.9109236068462792,0.9094505709682874,-0.0014730358779917463,0.1641799543934363,0.15974876807638602,-0.0044311863170502785,0.9803921568627451,0.9019607843137255,-0.07843137254901955
611,412,6397,94,0.9156683241009854,0.8978804419374766,-0.017787882163508795,0.15955484560710143,0.15262059964094882,-0.006934245966152608,1.0,0.9148936170212766,-0.08510638297872342
612,412,7378,105,0.9223573163625411,0.9040731210674838,-0.018284195295057315,0.16774084249817947,0.15875928762438205,-0.008981554873797426,0.9809523809523809,0.9142857142857143,-0.06666666666666665
613,412,6737,109,0.9025388537923626,0.8922059873873973,-0.010332866404965335,0.14228007498276238,0.14137681783476655,-0.0009032571479958285,0.963302752293578,0.8990825688073395,-0.06422018348623848
614,412,6863,116,0.9163319074122344,0.9118113797703193,-0.0045205276419150175,0.23563199569141247,0.19009537371470966,-0.0455366219767028,0.9827586206896551,0.9482758620689655,-0.03448275862068961
615,412,6777,108,0.9033643780232474,0.8937288615651189,-0.009635516458128546,0.14850153290708598,0.13779151214306162,-0.010710020764024358,0.9722222222222222,0.8888888888888888,-0.08333333333333337
616,412,6670,101,0.8718523397475993,0.8719744253311006,0.00012208558350124132,0.10647124317760365,0.10319728622787931,-0.0032739569497243354,0.9207920792079208,0.8316831683168316,-0.08910891089108919
617,412,6221,150,0.8893779168725635,0.8954807005984736,0.00610278372591011,0.18512442880637126,0.18187301431756947,-0.003251414488801785,0.9733333333333334,0.9133333333333333,-0.06000000000000005
618,412,6703,95,0.935865617433414,0.9410650567095705,0.0051994392761565145,0.2482493329573392,0.23913269414329255,-0.009116638814046646,1.0,0.9789473684210527,-0.021052631578947323
619,412,7033,129,0.9074662929927152,0.9026505250298669,-0.004815767962848327,0.15292424580013503,0.15063066371119346,-0.002293582088941565,0.9689922480620154,0.8837209302325582,-0.0852713178294573
620,412,6327,152,0.9082740251438313,0.9008331557639038,-0.007440869379927495,0.24562690966703218,0.20397109473336605,-0.04165581493366613,0.9868421052631579,0.9144736842105263,-0.07236842105263153
621,412,6454,84,0.8898202137998056,0.8745916498467519,-0.01522856395305372,0.10931228435959633,0.10520840832152009,-0.004103876038076243,0.9642857142857143,0.8690476190476191,-0.09523809523809523
622,412,6770,128,0.8915048178259559,0.892723389039446,0.001218571213490116,0.1651651239545286,0.17616210873840207,0.010996984783873481,0.9609375,0.8828125,-0.078125
623,412,6318,124,0.903367723186851,0.9085489860114366,0.005181262824585642,0.1719151119587027,0.14940904707934127,-0.022506064879361437,0.9758064516129032,0.9193548387096774,-0.05645161290322587
624,412,6905,116,0.8949822481600561,0.8903881024578298,-0.004594145702226271,0.18595297698739544,0.17706516095908736,-0.008887816028308071,0.9482758620689655,0.8448275862068966,-0.10344827586206895
625,412,6160,95,0.8999071462663253,0.9229175163795722,0.023010370113246914,0.16643286872830218,0.17485505941372342,0.008422190685421244,0.9894736842105263,0.9578947368421052,-0.03157894736842104
626,412,6370,107,0.9101323452825599,0.8915481965735569,-0.018584148709003045,0.1693572117949746,0.1411397818688087,-0.028217429926165882,0.9906542056074766,0.9065420560747663,-0.08411214953271029
627,412,6680,95,0.9183615074131799,0.9049226711425489,-0.013438836270631027,0.21632213857879962,0.165473250122496,-0.050848888456303615,0.9894736842105263,0.9052631578947369,-0.0842105263157894
628,412,6901,104,0.9185217460191714,0.9065736014757643,-0.011948144543407091,0.27100096458450107,0.1844016750579225,-0.08659928952657858,0.9615384615384616,0.8942307692307693,-0.06730769230769229
629,412,6555,114,0.8999610499622757,0.9003103746013069,0.00034932463903125655,0.14786197649979652,0.1531864148376187,0.005324438337822174,0.9824561403508771,0.8947368421052632,-0.08771929824561397
630,412,6832,104,0.8964631162535442,0.8872236005670905,-0.009239515686453759,0.1590283116538718,0.15743953441988728,-0.0015887772339845119,0.9711538461538461,0.8461538461538461,-0.125
631,412,6720,138,0.8895835810444823,0.8990791750888457,0.009495594044363398,0.16813700088399888,0.1683365764164375,0.00019957553243862836,0.9782608695652174,0.8985507246376812,-0.07971014492753625
632,412,6592,101,0.8642446281294283,0.8765892149221084,0.012344586792680134,0.10153271614444646,0.09339081819908139,-0.008141897945365073,0.9405940594059405,0.8811881188118812,-0.05940594059405935
633,412,7066,100,0.9054938271604939,0.8890037324145852,-0.01649009474590868,0.19576753620840717,0.15523061954047987,-0.0405369166679273,0.97,0.88,-0.08999999999999997
634,412,6633,91,0.9118846607382224,0.9029701573266232,-0.008914503411599162,0.1632290933517773,0.15219101028588117,-0.011038083065896126,0.967032967032967,0.9010989010989011,-0.06593406593406592
635,412,6380,122,0.8927562883443618,0.8863015995263768,-0.006454688817985055,0.2400117682881782,0.2220617772045901,-0.01794999108358808,0.9754098360655737,0.8524590163934426,-0.12295081967213117
636,412,6732,132,0.8979361799816344,0.9063969237832874,0.008460743801652959,0.18387829844733417,0.1591146352150311,-0.024763663232303057,0.9848484848484849,0.9393939393939394,-0.045454545454545414
637,412,6756,146,0.9008486518972914,0.9047313120427746,0.003882660145483219,0.1373826388489809,0.17260190657193134,0.03521926772295045,0.9794520547945206,0.8972602739726028,-0.0821917808219178
638,412,6044,131,0.8932601603660197,0.897052425565096,0.0037922651990762724,0.20179568966847325,0.19757764009596807,-0.004218049572505184,0.9694656488549618,0.9083969465648855,-0.06106870229007633
639,412,6952,96,0.917082968689226,0.9150743873978996,-0.0020085812913264167,0.15646517017575493,0.15225215704637463,-0.0042130131293803,0.9791666666666666,0.9166666666666666,-0.0625
640,412,6528,105,0.9035771742917936,0.8868945678847594,-0.01668260640703423,0.19931263208953487,0.17949195880032082,-0.019820673289214052,0.9809523809523809,0.8857142857142857,-0.09523809523809523
641,412,6832,136,0.9314461223557523,0.9296693811933376,-0.0017767411624146634,0.31464405491626557,0.25469874090404404,-0.05994531401222153,0.9779411764705882,0.9485294117647058,-0.02941176470588236
642,412,6526,119,0.8949271608128189,0.8920429729563122,-0.0028841878565066814,0.13129870002639404,0.12568136410028297,-0.005617335926111078,0.9747899159663865,0.8823529411764706,-0.09243697478991597
643,412,6791,100,0.9066178448662382,0.9119862501868181,0.0053684053205799165,0.16293261301064763,0.15732587656021618,-0.005606736450431443,0.99,0.91,-0.07999999999999996
644,412,6293,106,0.8939742796063566,0.8856801083220752,-0.008294171284281338,0.16473382344134088,0.1791100380209984,0.014376214579657515,0.9716981132075472,0.8773584905660378,-0.09433962264150941
645,412,6731,110,0.9004997871785366,0.905742060386374,0.005242273207837322,0.16406612617453845,0.1375304719541994,-0.026535654220339044,0.9818181818181818,0.9181818181818182,-0.0636363636363636
646,412,6108,112,0.900521478604784,0.9024126203183074,0.0018911417135233366,0.19862237476044994,0.2116919847301612,0.013069609969711266,0.9821428571428571,0.9107142857142857,-0.0714285714285714
647,412,7188,109,0.8990203612960417,0.8968106986551513,-0.0022096626408903974,0.1427576249851437,0.13806591606404237,-0.004691708921101323,0.9724770642201835,0.8807339449541285,-0.09174311926605505
648,412,5845,111,0.9015340768043941,0.8803658908297903,-0.021168185974603793,0.19603775419071565,0.18336487998769704,-0.012672874203018603,0.990990990990991,0.9009009009009009,-0.09009009009009006
649,412,6760,99,0.8892816469756869,0.8756549127364319,-0.013626734239254978,0.16486487601598093,0.16002953825165525,-0.004835337764325681,0.9696969696969697,0.8585858585858586,-0.11111111111111116
650,412,6691,111,0.8773337166954188,0.8719488485445932,-0.005384868150825617,0.13416288500623066,0.135655607476786,0.0014927224705553466,0.963963963963964,0.8738738738738738,-0.09009009009009017
651,412,6222,120,0.8896891729487599,0.891741778651808,0.002052605703048105,0.15310051778839268,0.14748396969029395,-0.005616548098098723,0.975,0.9,-0.07499999999999996
652,412,6514,121,0.922784864126957,0.916190616544697,-0.0065942475822600155,0.23778698341204502,0.2181235846457951,-0.019663398766249923,0.9752066115702479,0.9256198347107438,-0.04958677685950408
653,412,5953,123,0.888633225954901,0.8995593300701445,0.010926104115243529,0.12051537910681537,0.13223862916204096,0.011723250055225592,0.983739837398374,0.9186991869918699,-0.06504065040650409
654,412,6427,97,0.8662839367437012,0.8650478005244214,-0.0012361362192797598,0.09578157290690358,0.10504867255611679,0.009267099649213212,0.9587628865979382,0.845360824742268,-0.11340206185567014
655,412,6662,134,0.9195200468247,0.9106661087942639,-0.008853938030436104,0.27185071859690024,0.2254191913973385,-0.046431527199561756,0.9850746268656716,0.917910447761194,-0.06716417910447758
656,412,6357,115,0.9112463953860943,0.8957232213755345,-0.015523174010559804,0.2544967204088893,0.2306997990523052,-0.023796921356584122,0.991304347826087,0.8956521739130435,-0.09565217391304348
657,412,7303,119,0.9096977878010892,0.9130911830210926,0.00339339522000337,0.16703586361003747,0.18976430480410952,0.022728441194072052,0.9747899159663865,0.9327731092436975,-0.04201680672268904
658,412,6479,121,0.8829170772034451,0.8707660551293483,-0.012151022074096796,0.17604347329120892,0.17977881203386173,0.003735338742652805,0.9752066115702479,0.8677685950413223,-0.1074380165289256
659,412,6951,132,0.899980891181947,0.8956269692081394,-0.004353921973807573,0.19817730453083046,0.1927652296201658,-0.0054120749106646715,0.9848484848484849,0.8939393939393939,-0.09090909090909094
660,412,6243,111,0.8961260673589441,0.8771325141188155,-0.018993553240128525,0.19257729935515686,0.19627053025776783,0.0036932309026109778,0.972972972972973,0.8648648648648649,-0.10810810810810811
661,412,6691,107,0.9088188869079388,0.9014433177002306,-0.00737556920770821,0.19693943965974015,0.1617456378810439,-0.03519380177869624,0.9906542056074766,0.8785046728971962,-0.11214953271028039
662,412,6877,139,0.8809874629236949,0.8761795550202758,-0.0048079079034191174,0.12803443094790895,0.1185987622134245,-0.009435668734484454,0.9280575539568345,0.8489208633093526,-0.07913669064748197
663,412,6239,111,0.9101098487521464,0.8853541857784677,-0.024755662973678705,0.19523148161973158,0.1653393620860333,-0.029892119533698275,0.963963963963964,0.8378378378378378,-0.12612612612612617
664,412,6575,100,0.8997328185328185,0.893254054054054,-0.006478764478764498,0.1509172498611639,0.13397986693837016,-0.01693738292279373,0.98,0.88,-0.09999999999999998
665,412,6313,148,0.924495298217926,0.9216501172705551,-0.002845180947370851,0.32194458926962827,0.28218582604204,-0.039758763227588256,0.9864864864864865,0.9391891891891891,-0.04729729729729737
666,412,6378,123,0.9184236350756794,0.904057242011269,-0.014366393064410343,0.213055906816342,0.1811086320226963,-0.0319472747936457,1.0,0.9105691056910569,-0.08943089430894313
667,412,6601,94,0.9108014609471305,0.9058150142726819,-0.004986446674448697,0.17511257497978994,0.1802049282356841,0.005092353255894161,0.9787234042553191,0.925531914893617,-0.05319148936170215
668,412,6441,134,0.9244845220543864,0.9182500372720195,-0.006234484782366878,0.24390530824448425,0.21036292143650875,-0.0335423868079755,0.9850746268656716,0.9253731343283582,-0.05970149253731338
669,412,6889,119,0.9046038504027903,0.9121085361766568,0.007504685773866426,0.20090070869155827,0.16447914835420469,-0.03642156033735358,0.9747899159663865,0.9243697478991597,-0.05042016806722682
670,412,6853,108,0.9167613870356642,0.9072021799412457,-0.009559207094418487,0.1615383273141595,0.1763760117659158,0.014837684451756289,0.9722222222222222,0.9259259259259259,-0.04629629629629628
671,412,6601,118,0.9067391378233032,0.8987560686750484,-0.007983069148254751,0.15017323532184726,0.14096040086728776,-0.009212834454559504,0.9830508474576272,0.940677966101695,-0.0423728813559322
672,412,6740,126,0.894648676928689,0.88410466494833,-0.010544011980359036,0.19127919811396,0.15851347867028914,-0.03276571944367085,0.9682539682539683,0.8650793650793651,-0.10317460317460314
673,412,7302,115,0.9168716462695325,0.9085081154983939,-0.008363530771138605,0.1847492163895141,0.16923539651770156,-0.01551381987181255,0.9652173913043478,0.8956521739130435,-0.06956521739130428
674,412,6423,100,0.9046417839633085,0.8945010279930413,-0.010140755970267201,0.16693940977283517,0.1461181147009835,-0.02082129507185168,0.99,0.9,-0.08999999999999997
675,412,6663,126,0.9270659566666909,0.936490939244496,0.009424982577805108,0.23452943307811344,0.2398111264334564,0.0052816933553429535,1.0,0.9682539682539683,-0.031746031746031744
676,412,6919,123,0.9085150518956632,0.90222129708054,-0.006293754815123176,0.20156567363898958,0.18872146777449303,-0.012844205864496555,0.9512195121951219,0.8699186991869918,-0.08130081300813008
677,412,6376,100,0.8894375398342893,0.8952302421924792,0.00579270235818985,0.11977970188694888,0.1280017221280864,0.00822202024113751,0.97,0.89,-0.07999999999999996
678,412,7249,111,0.9218419876867622,0.9015925423882835,-0.02024944529847872,0.2253050903359881,0.2108658940218223,-0.01443919631416582,0.954954954954955,0.8828828828828829,-0.07207207207207211
679,412,6761,105,0.8752317994505494,0.885402358058608,0.0101705586080586,0.12949520842676163,0.11386432258560458,-0.015630885841157044,0.9619047619047619,0.9047619047619048,-0.05714285714285716
680,412,6341,94,0.9195596865218709,0.9151379896392822,-0.004421696882588755,0.1848352040352048,0.17590317423227816,-0.008932029802926622,1.0,0.9361702127659575,-0.06382978723404253
681,412,6379,103,0.8864838775548088,0.877741991374136,-0.008741886180672842,0.18459127229145156,0.16814952880448888,-0.016441743486962673,0.9514563106796117,0.8543689320388349,-0.09708737864077677
682,412,6504,125,0.9223564822072425,0.9199071954851858,-0.002449286722056687,0.2509756198519268,0.23596263628241154,-0.015012983569515248,0.984,0.944,-0.040000000000000036
683,412,6440,97,0.8570564840533683,0.8518555238260863,-0.005200960227282003,0.10296570271308947,0.10507463741634075,0.0021089347032512834,0.9587628865979382,0.8144329896907216,-0.14432989690721654
684,412,7331,139,0.9166890069701746,0.9204856915357592,0.003796684565584574,0.21508169152090748,0.21556363072036197,0.00048193919945449526,0.9784172661870504,0.9280575539568345,-0.05035971223021585
685,412,6504,129,0.8917647058823529,0.8982447180422557,0.006480012159902793,0.19513211696815458,0.21631596979100354,0.02118385282284896,0.9767441860465116,0.9224806201550387,-0.054263565891472854
686,412,6950,130,0.9047450936160614,0.8923663433340854,-0.012378750281975992,0.2192867095131958,0.17397874547184244,-0.045307964041353344,0.9692307692307692,0.8769230769230769,-0.09230769230769231
687,412,6059,86,0.9305849189570121,0.929648534685153,-0.0009363842718591586,0.188078238284203,0.1977613230035398,0.009683084719336793,0.9883720930232558,0.9418604651162791,-0.046511627906976716
688,412,6353,155,0.9152109421353402,0.9132571380986583,-0.001953804036681883,0.24948783526768867,0.24326310756634487,-0.006224727701343802,0.9870967741935484,0.9225806451612903,-0.06451612903225801
689,412,7248,138,0.9060529158768015,0.901035487881938,-0.005017427994863488,0.17331675219184906,0.1726585358989645,-0.000658216292884567,0.9637681159420289,0.8985507246376812,-0.06521739130434778
690,412,6508,124,0.9032965478211658,0.8947974775648799,-0.008499070256285823,0.18598953717547406,0.18314716345633714,-0.002842373719136926,0.9919354838709677,0.8870967741935484,-0.10483870967741937
691,412,6661,111,0.930726910116223,0.9358627329619695,0.0051358228457465405,0.23378052497919424,0.2232719219058931,-0.010508603073301148,0.990990990990991,0.954954954954955,-0.036036036036036
692,412,7275,127,0.9169659262653724,0.904727493842229,-0.012238432423143486,0.2153785409220256,0.17132306006185502,-0.04405548086017058,0.9606299212598425,0.8818897637795275,-0.07874015748031493
693,412,6224,118,0.8824954060190866,0.880917352756666,-0.0015780532624205534,0.13196567806835055,0.11797578539569016,-0.01398989267266039,0.9830508474576272,0.9067796610169492,-0.07627118644067798
694,412,6811,112,0.9020402831979186,0.8962991544580214,-0.005741128739897183,0.2224187462136508,0.19794588474761807,-0.024472861466032725,0.9732142857142857,0.8571428571428571,-0.1160714285714286
695,412,6982,115,0.9019228699324431,0.9057014961283012,0.0037786261958581147,0.13766203032512653,0.1444442618507531,0.00678223152562657,0.9826086956521739,0.9217391304347826,-0.060869565217391286
696,412,7021,118,0.8972235112711988,0.8903737505432421,-0.006849760727956733,0.15382471012222404,0.128546482027174,-0.025278228095050037,0.9491525423728814,0.8728813559322034,-0.07627118644067798
697,412,6537,100,0.8978716793537361,0.8792869349075656,-0.01858474444617053,0.17516546437998815,0.13595327737247428,-0.03921218700751386,0.97,0.83,-0.14
698,412,7080,125,0.9205061107117183,0.9277170381020848,0.0072109273903665505,0.230235543504554,0.24563444552359198,0.015398902019037986,0.968,0.936,-0.03199999999999992
699,412,6075,100,0.9329723849372386,0.9207347280334728,-0.01223765690376577,0.239581992280422,0.20695684387358598,-0.03262514840683603,1.0,0.98,-0.020000000000000018
700,412,7176,95,0.9095503905930623,0.9021116553564394,-0.007438735236622862,0.17172553570068919,0.1447285115545872,-0.026997024146101972,1.0,0.8947368421052632,-0.10526315789473684
701,412,6408,131,0.8912095168718465,0.9019879920271145,0.010778475155268086,0.18491269635178756,0.18696018171810508,0.0020474853663175197,0.9618320610687023,0.8931297709923665,-0.06870229007633588
702,412,7163,101,0.9099811850343912,0.8967700508368595,-0.013211134197531726,0.14618969167280957,0.1419646728358238,-0.0042250188369857555,0.9702970297029703,0.900990099009901,-0.06930693069306926
703,412,6858,114,0.9226381865101663,0.9221413185989885,-0.0004968679111777563,0.19712267140931938,0.19450730588777485,-0.002615365521544538,0.9824561403508771,0.9298245614035088,-0.05263157894736836
704,412,6334,149,0.9132562543065329,0.9014719526023666,-0.011784301704166333,0.2566012449270782,0.23265434572205693,-0.02394689920502127,0.9664429530201343,0.9060402684563759,-0.06040268456375841
705,412,7449,117,0.9219788213241569,0.9133391385846378,-0.008639682739519094,0.17567546037262005,0.1973303143343236,0.021654853961703552,0.9743589743589743,0.9316239316239316,-0.042735042735042694
706,412,6545,110,0.9041449459631277,0.8921141484777848,-0.012030797485342859,0.19321126487413026,0.17616985345485764,-0.017041411419272623,0.9727272727272728,0.8636363636363636,-0.10909090909090913
707,412,6393,122,0.9009439757823549,0.8877574627938651,-0.013186512988489718,0.20147756840652806,0.17699077612151173,-0.024486792285016323,0.9836065573770492,0.8852459016393442,-0.09836065573770492
708,412,6697,114,0.8924595782331417,0.8880489618395069,-0.004410616393634825,0.16566881433160557,0.1593109854856363,-0.006357828845969277,0.9473684210526315,0.8421052631578947,-0.10526315789473684
709,412,6698,91,0.8556642388941466,0.8596152598725627,0.003951020978416153,0.08600890965484825,0.08724687202150797,0.0012379623666597117,0.978021978021978,0.8681318681318682,-0.10989010989010983
710,412,6532,94,0.8945754264903201,0.8919298976158844,-0.0026455288744356986,0.19457675092515872,0.17532148759173763,-0.01925526333342109,0.9361702127659575,0.8723404255319149,-0.06382978723404253
711,412,6821,130,0.8855649954588828,0.8914569513583114,0.0058919558994285914,0.1181938967793263,0.1426222320353775,0.02442833525605119,0.9846153846153847,0.9230769230769231,-0.06153846153846154
712,412,6316,111,0.8899797460635493,0.9036740205152776,0.013694274451728217,0.1657915876700993,0.16042614160291988,-0.005365446067179425,0.963963963963964,0.9279279279279279,-0.03603603603603611
713,412,6720,127,0.8703134199837337,0.8780889060337198,0.0077754860499861245,0.12751614820642979,0.12022270762815641,-0.007293440578273372,0.984251968503937,0.8818897637795275,-0.10236220472440949
714,412,6959,125,0.9079742464149839,0.9001720807726076,-0.007802165642376346,0.21238856410211043,0.21389497639276142,0.001506412290650988,0.984,0.872,-0.11199999999999999
715,412,6225,134,0.8969031872324472,0.8783340725366763,-0.01856911469577094,0.1642850514902282,0.14906914227944937,-0.015215909210778839,0.9850746268656716,0.8731343283582089,-0.11194029850746268
716,412,6170,100,0.8999192751235585,0.9111037891268534,0.011184514003294899,0.16923760440592686,0.16995675924889822,0.000719154842971359,0.97,0.92,-0.04999999999999993
717,412,7088,131,0.9091672180362027,0.9017530808115721,-0.007414137224630579,0.2065618582888231,0.18752010757666704,-0.019041750712156053,0.9847328244274809,0.8702290076335878,-0.1145038167938931
718,412,6629,132,0.8996284998670715,0.9068614418776032,0.007232942010531707,0.20273346509441625,0.19885973816138305,-0.0038737269330332003,0.9772727272727273,0.9393939393939394,-0.037878787878787845
719,412,6669,131,0.8947888912499795,0.8927905912352682,-0.0019983000147113517,0.18912875997300455,0.1898928671468521,0.0007641071738475613,0.9847328244274809,0.916030534351145,-0.06870229007633588
720,412,7005,130,0.9062388811188811,0.9018774825174825,-0.004361398601398614,0.21685524414144608,0.17797958275954473,-0.03887566138190135,0.9692307692307692,0.9,-0.0692307692307692
721,412,6648,104,0.8815576805529434,0.8741301485800262,-0.007427531972917123,0.15665862672335468,0.14380715274835337,-0.012851473975001304,0.9615384615384616,0.8173076923076923,-0.14423076923076927
722,412,6777,112,0.9076036866359447,0.9036799378416033,-0.003923748794341431,0.20475208593880542,0.16420783976890618,-0.04054424616989924,0.9732142857142857,0.9017857142857143,-0.0714285714285714
723,412,6618,131,0.8964705688535026,0.9096901965998938,0.013219627746391183,0.15829994808599226,0.17623893620616435,0.017938988120172084,1.0,0.9465648854961832,-0.05343511450381677
724,412,6932,134,0.8946068422231297,0.8962414318522128,0.0016345896290831385,0.15401537339043475,0.1435808899666827,-0.010434483423752056,0.9925373134328358,0.9328358208955224,-0.05970149253731338
725,412,7101,112,0.9135810355047729,0.9126803855037509,-0.0009006500010220186,0.1843054031412822,0.18160873988566903,-0.0026966632556131576,0.9642857142857143,0.9196428571428571,-0.044642857142857206
726,412,7083,118,0.9130592429459647,0.9156886125542969,0.002629369608332155,0.18360901753093886,0.17746847486982242,-0.006140542661116438,0.9830508474576272,0.923728813559322,-0.05932203389830515
727,412,5991,129,0.8946281264959706,0.8963558486004989,0.0017277221045283175,0.20420899353875133,0.18742921940103688,-0.016779774137714448,0.9767441860465116,0.9069767441860465,-0.06976744186046513
728,412,6582,117,0.891357143329301,0.88567500214832,-0.005682141180981093,0.17270322366198523,0.18439776451839537,0.01169454085641014,0.9658119658119658,0.8547008547008547,-0.11111111111111116
729,412,6300,92,0.888194755714926,0.8744974927162708,-0.013697262998655257,0.11199536419866249,0.11582590390325742,0.003830539704594932,1.0,0.8586956521739131,-0.14130434782608692
730,412,6561,92,0.9013018610496885,0.8849546667383575,-0.016347194311330915,0.21391587962174835,0.18046276726091676,-0.033453112360831594,0.9891304347826086,0.8695652173913043,-0.11956521739130432
731,412,6765,112,0.8820376414506882,0.8690708810203776,-0.012966760430310642,0.15712792929426972,0.13446309706673737,-0.02266483222753235,0.9464285714285714,0.8392857142857143,-0.1071428571428571
732,412,6158,118,0.9030516893029521,0.8995257604669435,-0.0035259288360085517,0.20855585911712085,0.17941662677165823,-0.029139232345462618,0.9915254237288136,0.9152542372881356,-0.07627118644067798
733,412,6797,116,0.9113208326236523,0.911515672338954,0.00019483971530176447,0.18017917173898165,0.15459967776039807,-0.025579493978583584,0.9913793103448276,0.9396551724137931,-0.051724137931034475
734,412,6525,103,0.8994838736987237,0.9039784357775003,0.004494562078776521,0.16336647367895857,0.17479969006138082,0.011433216382422257,0.9805825242718447,0.941747572815534,-0.03883495145631066
735,412,6405,115,0.895813921338218,0.898767539918435,0.0029536185802170323,0.19784371759241703,0.16357088041911255,-0.03427283717330448,0.9739130434782609,0.9217391304347826,-0.05217391304347829
736,412,6860,115,0.906879814355239,0.8990363232023721,-0.007843491152866866,0.2025704833817984,0.1843657217582141,-0.01820476162358428,0.9565217391304348,0.8956521739130435,-0.060869565217391286
737,412,6377,121,0.9100711251083258,0.9020325611380018,-0.008038563970323986,0.24277867195185066,0.1860983954553859,-0.05668027649646476,0.9669421487603306,0.8925619834710744,-0.07438016528925617
738,412,6182,131,0.9066295268840807,0.9079598224254146,0.0013302955413339035,0.1897339855879825,0.17146977168759014,-0.018264213900392345,0.9923664122137404,0.9389312977099237,-0.05343511450381677
739,412,5890,124,0.8674236066821075,0.8812742662772873,0.013850659595179837,0.11381701007175204,0.13951865704734412,0.025701646975592074,0.9919354838709677,0.9193548387096774,-0.07258064516129037
740,412,7123,118,0.9180536904632284,0.9222395625400743,0.004185872076845953,0.20360489026412107,0.2054685884265692,0.0018636981624481352,0.9830508474576272,0.9152542372881356,-0.06779661016949157
741,412,6708,127,0.9003573877076336,0.8986942845485751,-0.0016631031590584877,0.1757972262290919,0.1449899254511284,-0.03080730077796351,0.984251968503937,0.889763779527559,-0.09448818897637801
742,412,6910,151,0.9121348136259821,0.9184085188353228,0.006273705209340674,0.19378896724152808,0.19397933884356838,0.00019037160204030124,0.9801324503311258,0.9271523178807947,-0.052980132450331174
743,412,6588,101,0.8853335002068112,0.8578527962245893,-0.02748070398222191,0.1305187464166811,0.14515306082764953,0.014634314410968435,0.9603960396039604,0.7920792079207921,-0.16831683168316824
744,412,6871,106,0.9133246872777475,0.9149451254375323,0.0016204381597847428,0.16543693997113149,0.16688378272757698,0.0014468427564454933,0.9905660377358491,0.9150943396226415,-0.07547169811320753
745,412,6144,108,0.9063934295461797,0.9057629531453256,-0.0006304764008541186,0.19810298191652076,0.18701770391815203,-0.011085277998368726,0.9722222222222222,0.9259259259259259,-0.04629629629629628
746,412,6192,101,0.9186951694676937,0.9182700982296554,-0.00042507123803825486,0.23357726554273972,0.18216766659144962,-0.0514095989512901,0.9900990099009901,0.9306930693069307,-0.05940594059405935
747,412,6623,128,0.8739005966127791,0.8735668061970746,-0.0003337904157044713,0.16151784253801682,0.16001523526898886,-0.0015026072690279557,0.984375,0.8984375,-0.0859375
748,412,6643,101,0.9054653707498539,0.9188336748685568,0.013368304118702934,0.1488665154159771,0.17005315998105522,0.021186644565078128,0.9801980198019802,0.9504950495049505,-0.02970297029702973
749,412,6897,147,0.8940982615268329,0.901259763164525,0.007161501637692136,0.20421384479114038,0.20314760715279534,-0.0010662376383450411,0.9931972789115646,0.9115646258503401,-0.08163265306122447
750,412,6786,126,0.8955741455741455,0.9039444206110874,0.008370275036941877,0.17156785049485257,0.16502551442278726,-0.006542336072065308,0.9920634920634921,0.9365079365079365,-0.05555555555555558
751,412,6799,148,0.9071456436138439,0.9012524026055825,-0.005893241008261385,0.21145617475775322,0.17912798530046525,-0.032328189457287965,0.9797297297297297,0.918918918918919,-0.060810810810810745
752,412,7040,94,0.900418731736006,0.8963952925608494,-0.0040234391751565735,0.12329917424308229,0.11596855139064577,-0.007330622852436519,0.9468085106382979,0.8829787234042553,-0.06382978723404253
753,412,6465,138,0.8898314790763304,0.8838541058220691,-0.005977373254261287,0.142468334637864,0.1458652237887397,0.003396889150875687,0.9782608695652174,0.9130434782608695,-0.0652173913043479
754,412,7282,151,0.8938660693307181,0.8930228152242656,-0.0008432541064524735,0.18413066904586245,0.16224083123119432,-0.021889837814668134,0.9602649006622517,0.9006622516556292,-0.05960264900662249
755,412,7075,113,0.8921083606836607,0.88045597720114,-0.011652383482520734,0.1465722478877207,0.12694169521248996,-0.019630552675230728,0.9557522123893806,0.8407079646017699,-0.11504424778761069
756,412,6527,103,0.8960345911569478,0.900502061444341,0.004467470287393138,0.12134818257791886,0.14032149100380406,0.018973308425885196,0.970873786407767,0.9320388349514563,-0.03883495145631066
757,412,6790,113,0.9071240462239281,0.9085422020646758,0.0014181558407477812,0.1645163027752758,0.15850069478676426,-0.006015607988511529,0.9646017699115044,0.911504424778761,-0.053097345132743334
758,412,6246,116,0.9090060190133318,0.8968962704618327,-0.012109748551499044,0.20758705650935774,0.17486659427478696,-0.032720462234570785,0.9827586206896551,0.8620689655172413,-0.12068965517241381
759,412,6321,117,0.9140325789261959,0.8994142185631547,-0.014618360363041205,0.20939950605626184,0.19417236621963724,-0.015227139836624604,0.9572649572649573,0.905982905982906,-0.05128205128205132
760,412,6448,123,0.8959645232815965,0.8976959413862913,0.001731418104694793,0.13581301107367647,0.14301056506333326,0.007197553989656796,0.967479674796748,0.9105691056910569,-0.056910569105691144
761,412,6219,141,0.898100112252304,0.9013241571158859,0.003224044863581854,0.15848127895431852,0.16499793617058692,0.006516657216268401,0.9716312056737588,0.9078014184397163,-0.06382978723404253
762,412,6163,128,0.9080493993371996,0.908914793910522,0.0008653945733223534,0.2224771280471029,0.2184372087876756,-0.004039919259427288,0.9765625,0.9296875,-0.046875
763,412,6520,114,0.8905124581669598,0.8777331832547338,-0.012779274912225969,0.14186284822101122,0.1587236724104045,0.016860824189393275,0.9649122807017544,0.8421052631578947,-0.1228070175438597
764,412,7117,134,0.9324767398864193,0.9253987829718656,-0.007077956914553707,0.23276759232598043,0.21373166692671386,-0.019035925399266573,0.9701492537313433,0.9328358208955224,-0.03731343283582089
765,412,7010,105,0.917035964277094,0.9065839108996241,-0.010452053377469905,0.1832194765847892,0.1718309397888168,-0.011388536795972404,0.9619047619047619,0.9047619047619048,-0.05714285714285716
766,412,6776,93,0.8932711630698337,0.8868401448708728,-0.006431018198960858,0.12747716494898556,0.1228531559996067,-0.004624008949378866,0.946236559139785,0.8924731182795699,-0.05376344086021512
767,412,6371,117,0.885287774798488,0.8774240896082917,-0.007863685190196312,0.13778789804099784,0.1401162726922758,0.00232837465127797,0.9487179487179487,0.8547008547008547,-0.09401709401709402
768,412,6572,106,0.8989897810900559,0.886438642770019,-0.012551138320036848,0.17303459753529304,0.1442138305689138,-0.028820766966379252,0.9622641509433962,0.8867924528301887,-0.07547169811320753
769,412,6562,96,0.902857253325085,0.8976827507990515,-0.005174502526033575,0.1591194469693961,0.15331315736029982,-0.005806289609096266,0.9791666666666666,0.9270833333333334,-0.05208333333333326
770,412,6888,124,0.9097666011712863,0.8936566452375958,-0.016109955933690467,0.20349583666355023,0.19897340898793364,-0.004522427675616586,0.9758064516129032,0.8709677419354839,-0.10483870967741937
771,412,6276,107,0.9143865241189366,0.9102628002842067,-0.00412372383472992,0.1753452525367535,0.16337935405799855,-0.011965898478754955,0.9906542056074766,0.9252336448598131,-0.06542056074766356
772,412,6457,109,0.8938754097223426,0.897959626090425,0.004084216368082427,0.156129849383011,0.16760839584740517,0.011478546464394168,0.963302752293578,0.8807339449541285,-0.08256880733944949
773,412,6953,102,0.892052398247286,0.8979868403353166,0.0059344420880306226,0.19051541605453315,0.1958203561564871,0.005304940101953953,0.9705882352941176,0.8529411764705882,-0.11764705882352944
774,412,6078,99,0.8709439266388589,0.8641693739536189,-0.006774552685239965,0.14424828579976862,0.12922289557615663,-0.01502539022361199,0.9494949494949495,0.8585858585858586,-0.09090909090909094
775,412,6490,100,0.8976588419405321,0.8996103286384977,0.001951486697965521,0.14893219919730083,0.12175035511378147,-0.027181844083519355,0.97,0.91,-0.05999999999999994
776,412,6490,108,0.9001488561579443,0.8869991701196653,-0.01314968603827893,0.1828503371398299,0.16066061760928568,-0.022189719530544216,0.9814814814814815,0.8981481481481481,-0.08333333333333337
777,412,7224,130,0.9173743792153717,0.9132842488777081,-0.004090130337663589,0.18939196374442419,0.17490569449127805,-0.014486269253146139,0.9846153846153847,0.9076923076923077,-0.07692307692307698
778,412,6533,120,0.9143328655335516,0.9170227142782889,0.002689848744737211,0.20940310594981537,0.2009553777112734,-0.00844772823854198,0.975,0.9083333333333333,-0.06666666666666665
779,412,6629,130,0.9036609182477777,0.9016233266656408,-0.0020375915821368995,0.18019177473206482,0.18720428290199514,0.0070125081699303204,0.9769230769230769,0.9,-0.07692307692307687
780,412,6596,141,0.8897814108585901,0.8811554075954096,-0.008626003263180526,0.17570432133405878,0.1680870393155815,-0.007617282018477278,0.9787234042553191,0.8794326241134752,-0.09929078014184389
781,412,6749,112,0.9071560408101766,0.9057636841085688,-0.0013923567016078664,0.18798763492149936,0.1560541496983201,-0.031933485223179264,0.9821428571428571,0.9107142857142857,-0.0714285714285714
782,412,6116,125,0.905494241362043,0.8975469871473877,-0.007947254214655364,0.21393296951699622,0.19452986491100757,-0.019403104605988652,0.984,0.888,-0.09599999999999997
783,412,7028,93,0.9113643587537115,0.9097805273236117,-0.0015838314300997691,0.18618829612477825,0.19156935642998066,0.005381060305202412,0.967741935483871,0.9032258064516129,-0.06451612903225812
784,412,6705,98,0.9125062163506238,0.9201511692916913,0.007644952941067484,0.176641594985159,0.16720423442759272,-0.009437360557566277,0.9693877551020408,0.9489795918367347,-0.020408163265306034
785,412,6468,121,0.9058590835521956,0.9110792239972813,0.005220140445085675,0.21336194676905018,0.20028424069468037,-0.01307770607436981,0.9917355371900827,0.9338842975206612,-0.05785123966942152
786,412,7318,134,0.91367113486022,0.9140876907223349,0.0004165558621148646,0.18554423426395594,0.18385769848927092,-0.0016865357746850274,0.9776119402985075,0.8955223880597015,-0.08208955223880599
787,412,6504,119,0.9187328494436146,0.9049367280193206,-0.013796121424293983,0.19733364799127476,0.2063846570261056,0.009051009034830831,1.0,0.9159663865546218,-0.08403361344537819
788,412,6934,118,0.9108180154372563,0.9070022181109254,-0.003815797326330861,0.15865774715770903,0.1478739678932759,-0.010783779264433135,0.9830508474576272,0.9322033898305084,-0.05084745762711873
789,412,6459,125,0.9090066308809599,0.9009668455952006,-0.008039785285759327,0.20078275684239655,0.19109467148073467,-0.00968808536166188,0.984,0.928,-0.05599999999999994
790,412,7143,164,0.9034979502968836,0.9040964356484085,0.0005984853515248467,0.17028139082751267,0.15762641277991107,-0.0126549780476016,0.9634146341463414,0.9085365853658537,-0.05487804878048774
791,412,6492,117,0.9209840791017261,0.9249787162728339,0.003994637171107818,0.25566493000140866,0.24584256122882817,-0.009822368772580498,0.9743589743589743,0.9401709401709402,-0.03418803418803418
792,412,6388,118,0.9249790500905577,0.9252534263238991,0.00027437623334136685,0.23750852293340488,0.21850500294232178,-0.0190035199910831,0.9830508474576272,0.9491525423728814,-0.03389830508474578
793,412,6161,90,0.9207836893061732,0.9183660023060451,-0.0024176870001280104,0.23307675300624445,0.18503144131807148,-0.04804531168817297,1.0,0.9333333333333333,-0.06666666666666665
794,412,7089,87,0.8966535012984795,0.9014846332903244,0.004831131991844817,0.14674393418947956,0.1284450285892362,-0.01829890560024336,0.9655172413793104,0.896551724137931,-0.06896551724137934
795,412,6577,141,0.9015951937020924,0.897675530812936,-0.00391966288915635,0.23153923331978352,0.22221855261939977,-0.009320680700383749,0.9574468085106383,0.8936170212765957,-0.06382978723404265
796,412,6775,99,0.8880642857575153,0.8735089057138189,-0.014555380043696386,0.14395061260800163,0.12386707715661482,-0.020083535451386803,0.9494949494949495,0.8181818181818182,-0.13131313131313127
797,412,6666,132,0.899086132212854,0.9025215423287049,0.003435410115850801,0.20404297191063822,0.2070073883488345,0.0029644164381962823,0.9848484848484849,0.8939393939393939,-0.09090909090909094
798,412,6633,104,0.882768594554473,0.8771148249820329,-0.005653769572440126,0.15315119580533096,0.15748094722582276,0.004329751420491801,0.9615384615384616,0.8653846153846154,-0.09615384615384615
799,412,7634,123,0.9154161971655664,0.9021824900714723,-0.013233707094094105,0.18792446337814878,0.16766861268694622,-0.02025585069120256,0.975609756097561,0.8780487804878049,-0.09756097560975607
800,412,6682,133,0.8997975929287259,0.9052222861321881,0.005424693203462283,0.16193633208869776,0.18426358661274206,0.0223272545240443,0.9849624060150376,0.924812030075188,-0.06015037593984962
801,412,6840,145,0.8888300584584481,0.8878293116324586,-0.0010007468259894958,0.1714059495512963,0.17407957852462355,0.0026736289733272633,0.9793103448275862,0.896551724137931,-0.08275862068965512
802,412,6707,111,0.9098061068952518,0.9085700315233366,-0.0012360753719151685,0.1920547548416865,0.15813201440267394,-0.033922740439012555,0.990990990990991,0.9099099099099099,-0.08108108108108103
803,412,7640,131,0.9063607132001394,0.890868870840996,-0.01549184235914347,0.14695127956842216,0.14423857097780712,-0.0027127085906150372,0.9541984732824428,0.8396946564885496,-0.11450381679389321
804,412,7454,122,0.8758049153497358,0.86207104719487,-0.01373386815486577,0.12269856713181376,0.13588978107483085,0.013191213943017088,0.9590163934426229,0.8442622950819673,-0.11475409836065564
805,412,6931,139,0.9067480997534128,0.8831793222665685,-0.023568777486844272,0.19047809785136743,0.1543237625737668,-0.03615433527760065,0.9856115107913669,0.8776978417266187,-0.1079136690647482
806,412,6612,132,0.9055765993265993,0.9021558174335951,-0.00342078189300421,0.18907427790188866,0.19645612528007014,0.007381847378181483,0.9848484848484849,0.8863636363636364,-0.09848484848484851
807,412,6295,119,0.8832373623024339,0.875193892323769,-0.008043469978664897,0.14675760676905186,0.1374106109466588,-0.009346995822393067,0.9663865546218487,0.865546218487395,-0.10084033613445376
808,412,6912,115,0.8789389180648751,0.8721622710786728,-0.006776646986202284,0.1501792149242495,0.14273648948451467,-0.007442725439734815,0.9391304347826087,0.8434782608695652,-0.09565217391304348
809,412,7549,75,0.9056230487913657,0.8905128891267504,-0.015110159664615264,0.10638936881252761,0.1085277039401943,0.002138335127666688,0.9733333333333334,0.9066666666666666,-0.06666666666666676
810,412,6673,127,0.8899911227870118,0.8900945699844347,0.00010344719742294561,0.14619569769432952,0.15282610080023545,0.00663040310590593,0.9763779527559056,0.8976377952755905,-0.07874015748031504
811,412,6868,81,0.9096911852179275,0.8990153652498332,-0.010675819968094302,0.14952995921254794,0.1535921024857789,0.004062143273230956,0.9753086419753086,0.9135802469135802,-0.06172839506172845
812,412,6367,133,0.9030383948321237,0.9010941694949597,-0.001944225337163985,0.2151835881549476,0.2193278859710647,0.00414429781611711,0.9548872180451128,0.8947368421052632,-0.06015037593984962
813,412,6772,93,0.8822484854631836,0.8803069160762268,-0.0019415693869567763,0.13491551826759235,0.14482780204549986,0.00991228377790751,0.989247311827957,0.8279569892473119,-0.16129032258064513
814,412,6011,108,0.9223652756602103,0.9195653810680068,-0.0027998945922035334,0.3032855160801741,0.2824620400440678,-0.020823476036106348,0.9814814814814815,0.9166666666666666,-0.06481481481481488
815,412,6561,140,0.9011613678332258,0.8990422052639775,-0.0021191625692482674,0.20819954885065345,0.19228268440066446,-0.015916864449988993,0.9785714285714285,0.9142857142857143,-0.06428571428571428
816,412,6499,106,0.8979426200236698,0.889386681777534,-0.008555938246135764,0.166784317863287,0.1548695334601873,-0.011914784403099704,0.9905660377358491,0.8867924528301887,-0.10377358490566035
817,412,6953,108,0.9021345669994318,0.8768592917241566,-0.02527527527527529,0.1570813359301569,0.14645455256462062,-0.010626783365536296,0.9629629629629629,0.8148148148148148,-0.14814814814814814
818,412,6602,98,0.8896518939679193,0.8921668298315635,0.002514935863644152,0.14451779283671695,0.15610468752678094,0.011586894690063992,0.9693877551020408,0.8775510204081632,-0.09183673469387754
819,412,6989,137,0.904335033513578,0.8987657714088486,-0.005569262104729411,0.2067438381863734,0.180492260015716,-0.026251578170657403,0.948905109489051,0.8832116788321168,-0.06569343065693423
820,412,6741,122,0.8820472113315121,0.8850663390785096,0.0030191277469975297,0.1498671477784921,0.17153733268355054,0.021670184905058426,0.9508196721311475,0.860655737704918,-0.0901639344262295
821,412,7081,95,0.9121295222022993,0.8895023128964696,-0.02262720930582962,0.16650464296094802,0.14623481360537866,-0.02026982935556937,0.968421052631579,0.8842105263157894,-0.08421052631578951
822,412,6172,95,0.903461715008271,0.9053514978824386,0.0018897828741676337,0.1256059881077503,0.13014095960306957,0.004534971495319257,0.9894736842105263,0.9052631578947369,-0.0842105263157894
823,412,6403,143,0.8884447820550058,0.8892624946938046,0.0008177126387988176,0.18847153808321404,0.1796407570839916,-0.008830780999222437,0.972027972027972,0.8881118881118881,-0.08391608391608385
824,412,6566,115,0.9104944969772129,0.9050743733698179,-0.005420123607394967,0.18539127565845306,0.1735716214204881,-0.011819654237964966,0.9826086956521739,0.8869565217391304,-0.09565217391304348
825,412,6956,151,0.8867126333870207,0.8974283614988978,0.010715728111877154,0.14599928621265287,0.19586066365318558,0.049861377440532706,0.9867549668874173,0.9139072847682119,-0.07284768211920534
826,412,6302,138,0.8945066726857207,0.8975984914745742,0.003091818788853451,0.2397328839611676,0.19213166996333367,-0.04760121399783393,0.9782608695652174,0.9130434782608695,-0.0652173913043479
827,412,7136,151,0.9210872873280966,0.9149919174010532,-0.006095369927043404,0.23305123049102736,0.2266298341058297,-0.0064213963851976474,0.9668874172185431,0.8940397350993378,-0.07284768211920534
828,412,6278,107,0.9097194141424239,0.8997663172784369,-0.009953096863986932,0.21480705602644284,0.19371610354819915,-0.02109095247824369,0.9719626168224299,0.9158878504672897,-0.05607476635514019
829,412,7060,105,0.9111581253637329,0.8954530827428024,-0.01570504262093042,0.17834718000891392,0.1858589612547449,0.00751178124583099,0.9714285714285714,0.8952380952380953,-0.07619047619047614
830,412,6695,122,0.9057570338668123,0.9013500335450788,-0.0044070003217334675,0.2006291439522085,0.16453272561413826,-0.03609641833807023,0.9836065573770492,0.9262295081967213,-0.05737704918032782
831,412,6197,116,0.8865275674940034,0.8998321510187186,0.013304583524715197,0.17212655154465928,0.17468876048695708,0.0025622089422978056,0.9741379310344828,0.9137931034482759,-0.06034482758620685
832,412,6889,134,0.8945269949291292,0.8980081089740048,0.0034811140448756106,0.22443615868560504,0.20377683043076147,-0.020659328254843567,0.9776119402985075,0.9104477611940298,-0.0671641791044777
833,412,6904,141,0.9025223813763459,0.8923229545828733,-0.010199426793472632,0.21659754426581646,0.2082572201733727,-0.008340324092443757,0.9858156028368794,0.900709219858156,-0.08510638297872342
834,412,6182,103,0.8795519191486847,0.8883199683136438,0.008768049164959102,0.15872484648051519,0.14287721413692706,-0.01584763234358813,0.970873786407767,0.9029126213592233,-0.06796116504854366
835,412,6830,109,0.8902727177175742,0.8940647484469464,0.0037920307293721756,0.1608282188680146,0.17949209070131933,0.01866387183330473,0.963302752293578,0.8807339449541285,-0.08256880733944949
836,412,6697,116,0.8790509774743384,0.8794884961409282,0.000437518666589809,0.10755035705997121,0.11952231139064141,0.011971954330670206,0.9655172413793104,0.896551724137931,-0.06896551724137934
837,412,6639,89,0.8931589330131229,0.885967921777168,-0.007191011235954892,0.10142041000482337,0.07992666187458035,-0.021493748130243018,0.9662921348314607,0.898876404494382,-0.0674157303370787
838,412,6792,105,0.9079835074451494,0.9026547601244775,-0.0053287473206719005,0.16204400178256476,0.16417758987906397,0.002133588096499217,0.9904761904761905,0.8952380952380953,-0.09523809523809523
839,412,6519,128,0.8933668928962604,0.8860898138006572,-0.007277079095603156,0.17761239844477822,0.1762718515985463,-0.0013405468462319159,0.9765625,0.8671875,-0.109375
840,412,5975,113,0.9256392605139446,0.9210816327146795,-0.004557627799265163,0.2841424778653602,0.275161218917526,-0.008981258947834192,0.9823008849557522,0.9469026548672567,-0.03539823008849552
841,412,6372,124,0.8984268514311676,0.9118221056544547,0.013395254223287023,0.1656875801729663,0.1987865678591629,0.033098987686196596,0.9758064516129032,0.9596774193548387,-0.016129032258064502
842,412,6942,115,0.9164557606944294,0.9069856898121907,-0.009470070882238613,0.2128970798175922,0.20803393120260488,-0.004863148614987323,0.9826086956521739,0.8956521739130435,-0.08695652173913038
843,412,6506,108,0.8976459657531867,0.8967805332684983,-0.0008654324846883998,0.1497232087487555,0.14213997027325573,-0.007583238475499771,0.9814814814814815,0.9074074074074074,-0.07407407407407407
844,412,6797,117,0.9022519064435233,0.8988746865243872,-0.0033772199191360874,0.1331495581560488,0.13795455201213716,0.004804993856088374,0.9829059829059829,0.9145299145299145,-0.06837606837606836
845,412,6393,127,0.9060534166392303,0.90779007316074,0.0017366565215096719,0.19740450232437803,0.2099087615941436,0.01250425926976556,1.0,0.8976377952755905,-0.10236220472440949
846,412,6885,112,0.8998926936786822,0.8988776338824322,-0.0010150597962499397,0.1490037428364309,0.1518259869964867,0.0028222441600558035,0.9821428571428571,0.9375,-0.044642857142857095
847,412,6597,96,0.903264882325796,0.9144795031533611,0.01121462082756508,0.16103604837985558,0.16065694249045864,-0.0003791058893969357,0.96875,0.9375,-0.03125
848,412,6573,103,0.891322159031227,0.891587761288096,0.00026560225686900196,0.16741391408041023,0.16053955405054485,-0.006874360029865384,0.9611650485436893,0.8932038834951457,-0.06796116504854366
849,412,7030,112,0.9104535786560939,0.9056730888365754,-0.0047804898195185075,0.14648740707327282,0.1503983872341428,0.003910980160869992,0.9910714285714286,0.9017857142857143,-0.0892857142857143
850,412,6982,142,0.8836473519479451,0.8592218515773001,-0.024425500370644948,0.170026121283322,0.1675016237510753,-0.0025244975322467056,0.9647887323943662,0.8028169014084507,-0.1619718309859155
851,412,6186,128,0.8944603210630572,0.8714342088973258,-0.02302611216573136,0.20296070739588495,0.16230911333237266,-0.04065159406351229,0.953125,0.8203125,-0.1328125
852,412,6842,123,0.9075573818693985,0.8896733810320689,-0.01788400083732955,0.22658516525845446,0.20659760161306223,-0.019987563645392226,0.975609756097561,0.8536585365853658,-0.12195121951219512
853,412,6713,120,0.8795995753071439,0.8905606956873452,0.01096112038020125,0.15671571972262405,0.17234417367376292,0.015628453951138876,0.9583333333333334,0.9,-0.05833333333333335
854,412,6325,126,0.9087167157017133,0.9027454504950875,-0.005971265206625831,0.24415250313190173,0.21395932265412718,-0.030193180477774556,0.9920634920634921,0.9206349206349206,-0.07142857142857151
855,412,6257,92,0.9196480835008287,0.9133167601114285,-0.006331323389400234,0.1813234463661346,0.203420397118058,0.022096950751923417,0.967391304347826,0.8913043478260869,-0.07608695652173914
856,412,6780,98,0.9183688740386906,0.9033933687213287,-0.014975505317361915,0.1715199303191394,0.12962174109799096,-0.041898189221148435,0.9897959183673469,0.8979591836734694,-0.09183673469387754
857,412,6899,108,0.9200466848824971,0.909145137627688,-0.010901547254809074,0.22745902642953153,0.20948550381440967,-0.017973522615121862,0.9814814814814815,0.8981481481481481,-0.08333333333333337
858,412,7282,125,0.8999010758697779,0.8959485818080202,-0.003952494061757683,0.14089987091945116,0.13835792170512734,-0.0025419492143238243,0.976,0.864,-0.11199999999999999
859,412,6751,101,0.9062547457753294,0.9076006848805181,0.0013459391051887648,0.1353766137897819,0.1421085485751542,0.00673193478537229,0.9702970297029703,0.9306930693069307,-0.03960396039603953
860,412,6929,106,0.9006495787002342,0.8996443770930178,-0.0010052016072163994,0.12367214885776578,0.11621954011554028,-0.007452608742225503,0.9811320754716981,0.9150943396226415,-0.06603773584905659
861,412,6466,100,0.9002906063462144,0.9006126295947221,0.000322023248507719,0.14067021813420705,0.12390699534116707,-0.016763222793039975,0.99,0.93,-0.05999999999999994
862,412,6360,99,0.9138534361342219,0.9064499007000204,-0.007403535434201469,0.20980820187246157,0.1961281392668327,-0.013680062605628873,0.9797979797979798,0.8888888888888888,-0.09090909090909094
863,412,6396,134,0.8883826634950447,0.8873386977600023,-0.0010439657350423959,0.14451274070544678,0.14092502598812992,-0.0035877147173168644,0.9626865671641791,0.8955223880597015,-0.06716417910447758
864,412,6334,104,0.8897796024200518,0.8921857636745277,0.0024061612544759026,0.13943393646890298,0.12436084832352641,-0.01507308814537657,0.9903846153846154,0.8846153846153846,-0.10576923076923084
865,412,6744,112,0.8912025568671377,0.8821272402205756,-0.009075316646562026,0.16276251006938114,0.1565474365635355,-0.006215073505845631,0.9642857142857143,0.8928571428571429,-0.0714285714285714
866,412,6928,123,0.9077830146413146,0.9133086025937408,0.005525587952426192,0.19198916407168143,0.22814745819081644,0.036158294119135015,0.967479674796748,0.9349593495934959,-0.0325203252032521
867,412,6740,109,0.8910054110592588,0.886561452394162,-0.004443958665096837,0.16412558987639164,0.1368829703426689,-0.02724261953372273,0.9357798165137615,0.8623853211009175,-0.07339449541284404
868,412,6373,104,0.8983904315496276,0.8995561186301336,0.001165687080506017,0.21571928328120715,0.2055649449303655,-0.010154338350841646,0.9903846153846154,0.9038461538461539,-0.08653846153846156
869,412,6781,164,0.8997021714209887,0.8962576069768555,-0.0034445644441332135,0.18811915859558184,0.19135913496280502,0.003239976367223174,0.975609756097561,0.8963414634146342,-0.07926829268292679
870,412,6850,92,0.8826688498012017,0.8756369262838247,-0.007031923517377026,0.15364158965883695,0.1459494080162382,-0.007692181642598744,0.9456521739130435,0.8478260869565217,-0.09782608695652173
871,412,6678,130,0.9208507588929091,0.9079765988440394,-0.012874160048869765,0.21368353163200315,0.19136728734961486,-0.022316244282388292,0.9923076923076923,0.9230769230769231,-0.0692307692307692
872,412,6762,148,0.9204380143675578,0.9139351212415923,-0.006502893125965525,0.2550370288108993,0.2291289208648566,-0.025908107946042702,0.9864864864864865,0.9121621621621622,-0.07432432432432434
873,412,7210,118,0.9232149856128176,0.9154543911975298,-0.007760594415287758,0.17122746294063076,0.17901315909054208,0.007785696149911314,0.9830508474576272,0.8983050847457628,-0.0847457627118644
874,412,6363,113,0.8959575221238937,0.8857500884955752,-0.01020743362831844,0.19452979197739192,0.20912020312585378,0.014590411148461851,0.9734513274336283,0.9026548672566371,-0.07079646017699115
875,412,6580,121,0.9111227974547655,0.9133504534002782,0.002227655945512663,0.18692158733809497,0.16853167144318942,-0.018389915894905545,0.9752066115702479,0.9338842975206612,-0.04132231404958675
876,412,6963,114,0.8992464004221388,0.8968545798720776,-0.0023918205500611522,0.1124710751364825,0.12590524525322436,0.013434170116741861,0.9736842105263158,0.8771929824561403,-0.09649122807017552
877,412,6918,126,0.8897407313926748,0.8817592358890946,-0.007981495503580294,0.1485926020226646,0.17170654346006564,0.02311394143740103,0.9523809523809523,0.8571428571428571,-0.09523809523809523
878,412,6892,86,0.9002812156168634,0.891557722666047,-0.008723492950816314,0.14281992848767355,0.12881590973855533,-0.014004018749118219,0.9883720930232558,0.9069767441860465,-0.08139534883720934
879,412,6679,117,0.8685516454489329,0.8576288759159835,-0.010922769532949461,0.14720335411355884,0.13776235972500422,-0.009440994388554613,0.9572649572649573,0.8461538461538461,-0.11111111111111116
880,412,6328,135,0.9060097720843725,0.9130786850147419,0.007068912930369375,0.21405684631905475,0.19389315785404113,-0.020163688465013624,1.0,0.9407407407407408,-0.059259259259259234
881,412,6331,139,0.9134866525384344,0.9069569925454986,-0.006529659992935866,0.21850248749830703,0.18872353679501017,-0.029778950703296864,0.9856115107913669,0.9136690647482014,-0.07194244604316546
882,412,6779,114,0.8936971084876482,0.8841420881536173,-0.009555020334030884,0.1367902431038906,0.10510649275405484,-0.031683750349835754,0.9736842105263158,0.8859649122807017,-0.08771929824561409
883,412,6920,114,0.9192662820730935,0.9175250424032457,-0.0017412396698477384,0.18200802610938047,0.18403096610906639,0.0020229399996859188,0.9736842105263158,0.9385964912280702,-0.03508771929824561
884,412,6278,104,0.9037091026886945,0.9001122885051457,-0.0035968141835488465,0.2207993129985069,0.20718924419585774,-0.013610068802649172,0.9711538461538461,0.9230769230769231,-0.04807692307692302
885,412,6586,123,0.9216993794570468,0.9165782962177448,-0.005121083239302049,0.19468138064882878,0.1696722131177227,-0.025009167531106075,0.991869918699187,0.9349593495934959,-0.05691056910569103
886,412,6693,128,0.8971498952779893,0.8856269040365576,-0.011522991241431635,0.1652512053587281,0.1742762953741752,0.009025090015447101,0.9609375,0.875,-0.0859375
887,412,6664,107,0.8630357226848955,0.8641517448000923,0.0011160221151967908,0.12180977856440066,0.12925747130787532,0.007447692743474663,0.9532710280373832,0.8037383177570093,-0.14953271028037385
888,412,7070,154,0.9074168312890117,0.904581790390061,-0.0028350408989507025,0.16677311635243575,0.16565626608379014,-0.0011168502686456083,0.9805194805194806,0.9155844155844156,-0.06493506493506496
889,412,6751,123,0.8840371716933826,0.8800800741863786,-0.003957097507004015,0.18370155773981592,0.19395686370343113,0.010255305963615208,0.9512195121951219,0.8699186991869918,-0.08130081300813008
890,412,6890,123,0.9202370182413218,0.918413246493925,-0.0018237717473967852,0.14195716804209318,0.1747092584177357,0.03275209037564253,0.991869918699187,0.9349593495934959,-0.05691056910569103
891,412,6659,115,0.8860423089188902,0.8876514829382375,0.001609174019347237,0.13690490235953237,0.14020977252800923,0.003304870168476859,0.9565217391304348,0.8608695652173913,-0.09565217391304348
892,412,7222,111,0.9028050691670435,0.8931588035792789,-0.009646265587764602,0.1541007875725675,0.132672729911136,-0.02142805766143152,0.954954954954955,0.8378378378378378,-0.11711711711711714
893,412,7333,100,0.8880519839623946,0.8711903774367482,-0.01686160652564639,0.11248598372229186,0.10254722124519094,-0.009938762477100918,0.96,0.82,-0.14
894,412,7107,110,0.8991307963153039,0.9027433835280054,0.0036125872127015235,0.12530964986465976,0.12491269975484075,-0.00039695010981900813,0.9818181818181818,0.9272727272727272,-0.054545454545454564
895,412,6499,127,0.8992590615438607,0.8966034965968237,-0.0026555649470370035,0.18811492922804848,0.17922079522530682,-0.008894134002741666,0.9763779527559056,0.8818897637795275,-0.09448818897637801
896,412,7077,111,0.9316176641758038,0.9340936543778922,0.0024759902020883295,0.18096298443399392,0.18253169854631923,0.0015687141123253145,0.9819819819819819,0.963963963963964,-0.018018018018017945
897,412,6827,121,0.9040972312940428,0.9000611269542756,-0.004036104339767199,0.15670139362845117,0.1530409992408589,-0.003660394387592275,0.9669421487603306,0.9008264462809917,-0.06611570247933884
898,412,7021,90,0.9025425223232177,0.8999647317206111,-0.0025777906026066555,0.1132325170921263,0.12711695179510865,0.013884434702982354,0.9666666666666667,0.8888888888888888,-0.07777777777777783
899,412,6800,123,0.9193847097973751,0.9174401628695035,-0.0019445469278716043,0.20102229651105918,0.1890181675749663,-0.012004128936092873,0.983739837398374,0.926829268292683,-0.05691056910569103
900,412,7108,111,0.9292618329348357,0.9187116228705482,-0.010550210064287469,0.2383799800667066,0.22482437141083125,-0.01355560865587535,0.9819819819819819,0.9009009009009009,-0.08108108108108103
901,412,7016,132,0.9124903157079217,0.9027487982673921,-0.009741517440529646,0.1487100490248667,0.1330628387316695,-0.01564721029319721,0.9848484848484849,0.9166666666666666,-0.06818181818181823
902,412,6678,113,0.9055153030619605,0.898656727483504,-0.006858575578456483,0.2089048552147431,0.20849385664013736,-0.0004109985746057476,0.9557522123893806,0.8495575221238938,-0.10619469026548678
903,412,6889,127,0.8756157033165886,0.8614012534147517,-0.014214449901836845,0.10422340760241311,0.10692958354038054,0.002706175937967431,0.9448818897637795,0.84251968503937,-0.10236220472440949
904,412,6300,115,0.9089409862570735,0.9125640575023725,0.0036230712452989255,0.2063703962021042,0.17846665959074443,-0.02790373661135978,0.991304347826087,0.9391304347826087,-0.05217391304347829
905,412,6493,119,0.9126058330454869,0.9025380155199827,-0.01006781752550423,0.21660802357766698,0.2258079419203151,0.009199918342648106,0.9831932773109243,0.8823529411764706,-0.10084033613445376
906,412,6583,96,0.8996004830173168,0.8896366450850418,-0.009963837932274955,0.11902865205304593,0.10539281502458211,-0.013635837028463813,0.9895833333333334,0.90625,-0.08333333333333337
907,412,6171,126,0.9233841427389815,0.9297386007063426,0.006354457967361116,0.2185361383735287,0.20863513388868704,-0.009901004484841658,0.9841269841269841,0.9603174603174603,-0.023809523809523725
908,412,6384,116,0.8645019584974584,0.8524449585194639,-0.012056999977994476,0.11017914159072364,0.125182089465975,0.01500294787525136,0.9655172413793104,0.8620689655172413,-0.10344827586206906
909,412,6801,132,0.9120319251898199,0.9192674609341276,0.007235535744307686,0.20645318203689292,0.20686824103485876,0.0004150589979658448,1.0,0.9393939393939394,-0.06060606060606055
910,412,6980,109,0.9267991118101742,0.9181495422190592,-0.008649569591114958,0.26399666904638175,0.22988230672393467,-0.03411436232244708,0.981651376146789,0.926605504587156,-0.05504587155963303
911,412,6566,119,0.8984245163863591,0.9195039579349655,0.021079441548606415,0.13529329550705155,0.13826273791647178,0.0029694424094202365,0.9915966386554622,0.9495798319327731,-0.04201680672268915
912,412,6904,118,0.9181315470035517,0.9026235469835704,-0.015508000019981316,0.20635990989827538,0.18703313103277772,-0.019326778865497662,0.9915254237288136,0.9322033898305084,-0.05932203389830515
913,412,7136,97,0.9285380567471655,0.9230077491677444,-0.005530307579421079,0.1485804877136994,0.14217714835742942,-0.006403339356269966,0.979381443298969,0.9278350515463918,-0.05154639175257725
914,412,6499,135,0.8947773354750099,0.8933363596154293,-0.0014409758595805844,0.18198275422138235,0.1962319880403092,0.014249233818926843,0.9851851851851852,0.8814814814814815,-0.10370370370370363
915,412,6664,122,0.9102131999538918,0.9077674647047327,-0.002445735249159142,0.1987469454446429,0.21355736362194902,0.014810418177306134,0.9754098360655737,0.9098360655737705,-0.06557377049180324
916,412,6511,117,0.8865883881523543,0.8877981227058487,0.0012097345534943793,0.1751130283092328,0.21365948704127177,0.03854645873203896,0.9829059829059829,0.8717948717948718,-0.11111111111111105
917,412,6348,107,0.8952480356760464,0.8894662519635752,-0.005781783712471178,0.1177619678257125,0.1730223134454688,0.05526034561975632,0.9906542056074766,0.9065420560747663,-0.08411214953271029
918,412,7107,104,0.895850953986753,0.8754338799855006,-0.020417074001252367,0.13589250512531903,0.1173878311214232,-0.018504674003895827,0.9423076923076923,0.8365384615384616,-0.10576923076923073
919,412,5922,129,0.8791096444920827,0.8844448726543798,0.005335228162297034,0.1830949311482248,0.1689361304271272,-0.014158800721097597,0.9767441860465116,0.9147286821705426,-0.06201550387596899
920,412,6735,125,0.9124816944024206,0.9086922844175492,-0.003789409984871317,0.21852626887342835,0.19295304501510405,-0.025573223858324307,0.976,0.928,-0.04799999999999993
921,412,6197,104,0.8913728237952758,0.8900472168566703,-0.0013256069386055058,0.16190095456875458,0.1689165436320829,0.0070155890633283036,0.9519230769230769,0.8846153846153846,-0.06730769230769229
922,412,6899,107,0.8979324218706999,0.8949368691038384,-0.0029955527668614756,0.15376538600157966,0.16848064605206137,0.01471526005048171,0.9906542056074766,0.8785046728971962,-0.11214953271028039
923,412,6411,106,0.8965705564616282,0.8773046249607229,-0.019265931500905276,0.1916145315495163,0.1343399871584933,-0.057274544391023,0.9811320754716981,0.8679245283018868,-0.1132075471698113
924,412,6418,103,0.8914343257308457,0.8759695285535287,-0.015464797177316969,0.1812948240183876,0.14620118625367684,-0.03509363776471075,0.9611650485436893,0.8543689320388349,-0.10679611650485443
925,412,6414,136,0.8957786762363436,0.8928283642224013,-0.0029503120139422467,0.1902781804594721,0.19329041253671772,0.00301223207724563,0.9705882352941176,0.9117647058823529,-0.05882352941176472
926,412,6595,119,0.8910975755342285,0.8833709209440417,-0.007726654590186843,0.14590589535205378,0.14300434962126224,-0.0029015457307915438,0.9747899159663865,0.9159663865546218,-0.05882352941176472
927,412,6581,131,0.9039280430794723,0.8974738150186402,-0.006454228060832068,0.14282622813665402,0.13326007519230554,-0.009566152944348483,0.9923664122137404,0.9236641221374046,-0.06870229007633588
928,412,6550,121,0.8925067070827051,0.891387038843875,-0.0011196682388300294,0.1395336678015032,0.1316423553024391,-0.007891312499064107,0.9834710743801653,0.8925619834710744,-0.09090909090909094
929,412,6463,117,0.9006494433535088,0.8938560126710142,-0.006793430682494606,0.18511972997903153,0.1725461791031025,-0.01257355087592904,0.9743589743589743,0.8717948717948718,-0.10256410256410253
930,412,6492,102,0.8963423240970879,0.8804719383841173,-0.015870385712970614,0.19563302251394868,0.13774813502978964,-0.05788488748415904,0.9509803921568627,0.8725490196078431,-0.07843137254901955
931,412,6736,128,0.8995263790102905,0.8866076157687651,-0.01291876324152541,0.17844893181966018,0.18126782741752986,0.002818895597869686,0.9765625,0.8671875,-0.109375
932,412,6374,120,0.9007581814305512,0.896075844792666,-0.004682336637885198,0.16073472868814465,0.14324097878661066,-0.01749374990153399,0.9916666666666667,0.9166666666666666,-0.07500000000000007
933,412,6928,120,0.9062659126517822,0.8982973462593028,-0.007968566392479448,0.1565601958174979,0.13272641499986837,-0.02383378081762952,0.9833333333333333,0.8916666666666667,-0.09166666666666656
934,412,7403,118,0.9221641869176274,0.9134208903830718,-0.008743296534555522,0.22084966404544487,0.198644946788504,-0.02220471725694087,0.9661016949152542,0.9152542372881356,-0.05084745762711862
935,412,6382,100,0.9027602674307544,0.8822460999681631,-0.02051416746259138,0.1933279891125513,0.18268589252631331,-0.010642096586237992,0.98,0.84,-0.14
936,412,6886,126,0.9075173757866066,0.914049732318963,0.006532356532356398,0.18426562289410395,0.1863021321986605,0.0020365093045565386,1.0,0.9126984126984127,-0.08730158730158732
937,412,6466,120,0.8834213152642084,0.8795317260216409,-0.0038895892425675482,0.12902247465708125,0.115447289446127,-0.013575185210954244,0.9583333333333334,0.8666666666666667,-0.09166666666666667
938,412,6375,110,0.8935224551984329,0.9018602626423856,0.008337807443952738,0.22291485998731536,0.1919128275057171,-0.031002032481598274,0.990909090909091,0.9272727272727272,-0.06363636363636371
939,412,6437,131,0.9007754640558004,0.9164977980500819,0.015722333994281468,0.20275506350881753,0.19264457657967243,-0.010110486929145096,1.0,0.9465648854961832,-0.05343511450381677
940,412,6941,109,0.9021536536106396,0.8842340684957996,-0.017919585114840042,0.1427376023494163,0.13097753311352842,-0.011760069235887877,0.9908256880733946,0.8623853211009175,-0.12844036697247707
941,412,6748,117,0.906782053215472,0.905478283173955,-0.0013037700415170494,0.15573899508873784,0.1678020371278469,0.012063042039109045,0.9572649572649573,0.8974358974358975,-0.05982905982905984
942,412,6653,81,0.9148351029057054,0.9084875603946408,-0.006347542511064508,0.15381914677137262,0.1407156031166181,-0.013103543654754524,1.0,0.9012345679012346,-0.09876543209876543
943,412,6150,97,0.9003646483553355,0.8995675655421781,-0.0007970828131573793,0.16389453721058592,0.17434554823996057,0.010451011029374652,0.9896907216494846,0.9072164948453608,-0.08247422680412375
944,412,6648,98,0.9001339772550241,0.8926078828477956,-0.007526094407228512,0.21244063282397763,0.19502413709087493,-0.017416495733102694,0.9795918367346939,0.8571428571428571,-0.12244897959183676
945,412,6581,129,0.8892393200594011,0.8863407536633073,-0.00289856639609376,0.14569779559827148,0.16422658780561267,0.018528792207341188,0.9689922480620154,0.8837209302325582,-0.0852713178294573
946,412,6231,118,0.8924839256155956,0.892196957304106,-0.00028696831148966595,0.16260258217085127,0.14120687852324662,-0.021395703647604652,0.9661016949152542,0.8983050847457628,-0.06779661016949146
947,412,6541,143,0.8951398710698492,0.8937211584913992,-0.0014187125784499433,0.21216717431246834,0.1961312291679276,-0.016035945144540736,0.9790209790209791,0.8881118881118881,-0.09090909090909094
948,412,6967,107,0.8985804201520394,0.8796722160159124,-0.018908204136127038,0.13346479068504757,0.12233357542331175,-0.011131215261735827,0.9906542056074766,0.8317757009345794,-0.15887850467289721
949,412,7119,130,0.9170091462407961,0.9228887152338289,0.005879568993032769,0.19522354418186783,0.2166964870024291,0.02147294282056128,0.9692307692307692,0.9307692307692308,-0.038461538461538436
950,412,6060,99,0.9059289421644732,0.9026788604040743,-0.0032500817603988708,0.17947358294495552,0.19785605484192134,0.01838247189696582,0.9696969696969697,0.9191919191919192,-0.0505050505050505
951,412,7256,101,0.8999398053012848,0.8842940268869655,-0.015645778414319356,0.15045454400872504,0.13720010092465548,-0.013254443084069562,0.9108910891089109,0.8316831683168316,-0.07920792079207928
952,412,6686,89,0.9177511739248176,0.9066710609010223,-0.011080113023795302,0.15774544813036012,0.13721173448404883,-0.02053371364631129,1.0,0.9101123595505618,-0.0898876404494382
953,412,6848,105,0.9081389518583645,0.9064850320967777,-0.0016539197615867973,0.15383022507406552,0.1347941334799318,-0.01903609159413372,0.9809523809523809,0.9047619047619048,-0.07619047619047614
954,412,6651,103,0.906901091862334,0.898033046479767,-0.008868045382567025,0.2007801521223805,0.16469403254202802,-0.03608611958035249,0.9805825242718447,0.8737864077669902,-0.10679611650485443
955,412,6571,114,0.8751321155606997,0.8868642490537946,0.011732133493094876,0.1318633336365286,0.1506070221543097,0.018743688517781104,0.9824561403508771,0.9035087719298246,-0.07894736842105254
956,412,6296,136,0.8920752960275019,0.8831324006875478,-0.008942895339954071,0.16503535107024847,0.13497839431895003,-0.030056956751298436,0.9632352941176471,0.8897058823529411,-0.07352941176470595
957,412,6290,114,0.8703228683756022,0.8628512464775929,-0.007471621898009317,0.1528987484197604,0.16739286369930156,0.01449411527954117,0.9385964912280702,0.8245614035087719,-0.11403508771929827
958,412,6651,111,0.8877427886602198,0.8926068270104968,0.0048640383502769335,0.12247012034682958,0.1403942400441344,0.017924119697304813,0.963963963963964,0.8918918918918919,-0.07207207207207211
959,412,6564,145,0.8916052022282985,0.8939011877454325,0.002295985517133947,0.23724409135707372,0.22242673045185876,-0.01481736090521496,0.9586206896551724,0.8758620689655172,-0.08275862068965523
960,412,6507,142,0.9123894980250711,0.9055840146930286,-0.00680548333204245,0.25535908297259163,0.2476390050028136,-0.0077200779697780275,0.9577464788732394,0.9084507042253521,-0.04929577464788726
961,412,6668,137,0.8927886877519567,0.8781309129843408,-0.014657774767615983,0.18443238774307866,0.19695137762308298,0.012518989880004328,0.9854014598540146,0.8759124087591241,-0.10948905109489049
962,412,6368,113,0.9074326379604281,0.9051293478491543,-0.002303290111273726,0.23130551293390847,0.20829652781591892,-0.023008985117989544,0.9646017699115044,0.911504424778761,-0.053097345132743334
963,412,7042,140,0.8969160077824233,0.883572049509459,-0.013343958272964307,0.20968196030898104,0.19977201323071275,-0.009909947078268283,0.9642857142857143,0.8642857142857143,-0.09999999999999998
964,412,6254,129,0.868047460844803,0.8615997468754943,-0.006447713969308655,0.1343483406208678,0.1374527458853219,0.0031044052644540743,0.9689922480620154,0.8837209302325582,-0.0852713178294573
965,412,7212,99,0.9172364726983031,0.9102369115022004,-0.006999561196102677,0.235262212182878,0.209894105589908,-0.02536810659296998,0.9696969696969697,0.898989898989899,-0.07070707070707072
966,412,6554,102,0.9043494645223248,0.8979644554660053,-0.006385009056319446,0.19902194263522877,0.17421852922702924,-0.024803413408199526,0.9901960784313726,0.9019607843137255,-0.08823529411764708
967,412,6696,98,0.913603998738022,0.9075616606145337,-0.006042338123488311,0.19460543707974223,0.1813587203617243,-0.013246716718017942,0.9795918367346939,0.8877551020408163,-0.09183673469387754
968,412,6508,104,0.8986495819920243,0.9033281482727141,0.004678566280689855,0.17978534872128737,0.17756660060828863,-0.002218748112998742,0.9807692307692307,0.9134615384615384,-0.06730769230769229
969,412,6786,109,0.9105720994843314,0.9127361763578381,0.002164076873506726,0.14938502989019375,0.15871710732486904,0.00933207743467529,0.981651376146789,0.9541284403669725,-0.02752293577981646
970,412,6742,102,0.9138066973777463,0.9022435329553509,-0.011563164422395467,0.1785352011422453,0.17725393319397748,-0.001281267948267828,0.9803921568627451,0.9313725490196079,-0.04901960784313719
971,412,6507,142,0.9087107088722437,0.9117300819844439,0.003019373112200241,0.25639616482601324,0.24762645866620642,-0.008769706159806823,1.0,0.9436619718309859,-0.05633802816901412
972,412,7001,129,0.8793790778893793,0.8782047811137883,-0.0011742967755909994,0.1600892089343017,0.16097539089752497,0.0008861819632232648,0.9612403100775194,0.8372093023255814,-0.12403100775193798
973,412,7000,124,0.9151982585524217,0.9119699891159526,-0.0032282694364690334,0.22032039701319114,0.20862866850600267,-0.01169172850718847,0.9758064516129032,0.9032258064516129,-0.07258064516129037
974,412,6112,96,0.9101787594193262,0.9197002437943262,0.009521484375,0.14419536777511163,0.15803566471466773,0.013840296939556102,0.9895833333333334,0.9583333333333334,-0.03125
975,412,5962,127,0.8917663569688751,0.8818728957080879,-0.009893461260787162,0.2565895178647042,0.19022892252977172,-0.06636059533493247,0.9763779527559056,0.8582677165354331,-0.11811023622047245
976,412,6549,124,0.9028718463662608,0.8827639010920045,-0.0201079452742563,0.2350996635375848,0.1858398357435233,-0.04925982779406149,0.9596774193548387,0.8951612903225806,-0.06451612903225812
977,412,6617,121,0.9182103163294386,0.9091672434148923,-0.009043072914546313,0.22271462171751047,0.18254282470790892,-0.04017179700960155,0.9834710743801653,0.9421487603305785,-0.04132231404958686
978,412,7018,107,0.9134509930667214,0.9035385819978172,-0.00991241106890417,0.21034615298021714,0.1583789241711387,-0.05196722880907845,0.9719626168224299,0.9158878504672897,-0.05607476635514019
979,412,6592,111,0.87506654934521,0.8706808953684436,-0.004385653976766379,0.1006699613532194,0.12513638763227164,0.02446642627905224,0.963963963963964,0.8558558558558559,-0.10810810810810811
980,412,6636,126,0.8986162923950942,0.9031855753053909,0.004569282910296679,0.20128165073635731,0.1818951207754879,-0.019386529960869425,0.9841269841269841,0.9285714285714286,-0.05555555555555547
981,412,6874,129,0.8913326552542509,0.8755632940851966,-0.015769361169054252,0.1472527534030068,0.14903990912277945,0.0017871557197726429,0.9922480620155039,0.875968992248062,-0.11627906976744184
982,412,6454,116,0.8781025233675368,0.8713275698849849,-0.00677495348255186,0.18078805226574643,0.22070287632622893,0.039914824060482496,0.9396551724137931,0.8103448275862069,-0.1293103448275863
983,412,6641,90,0.8871690496785902,0.8940848725385437,0.006915822859953513,0.12587669297651294,0.1423254672558559,0.016448774279342965,0.9555555555555556,0.8777777777777778,-0.07777777777777783
984,412,6172,120,0.8884377065432915,0.8882614562679004,-0.00017625027539103222,0.19727144649566342,0.19740168519813345,0.00013023870247003133,0.9583333333333334,0.85,-0.10833333333333339
985,412,6651,129,0.9100955858406491,0.9173501018615586,0.0072545160209095405,0.2234564690369556,0.20233075492957414,-0.021125714107381455,0.9922480620155039,0.9302325581395349,-0.06201550387596899
986,412,6014,121,0.8825935800003646,0.8806568375702788,-0.0019367424300857916,0.1748142263590411,0.1816586003033734,0.0068443739443323215,0.9504132231404959,0.8842975206611571,-0.06611570247933884
987,412,6062,154,0.8913129017225158,0.8885503037923486,-0.002762597930167199,0.2082643114509579,0.21838249110911814,0.010118179658160253,0.987012987012987,0.8831168831168831,-0.10389610389610393
988,412,6504,114,0.8953504653652911,0.8862964335721935,-0.009054031793097606,0.19151967625393446,0.16699416122088115,-0.024525515033053308,0.956140350877193,0.8596491228070176,-0.0964912280701754
989,412,6750,118,0.9153372963137126,0.9217909826010509,0.006453686287338223,0.22473196171250157,0.18147522587325457,-0.043256735839246996,0.9661016949152542,0.9491525423728814,-0.016949152542372836
990,412,6170,105,0.9031680602991403,0.9048121540454599,0.0016440937463195748,0.24370133118824142,0.23714254373648444,-0.0065587874517569755,0.9619047619047619,0.8857142857142857,-0.07619047619047625
991,412,6653,115,0.8917671937967999,0.8893904531368455,-0.0023767406599544127,0.19927116113875837,0.1892227483543795,-0.010048412784378874,0.9478260869565217,0.8782608695652174,-0.06956521739130428
992,412,6515,112,0.8894226478659557,0.8885385756676558,-0.00088407219829989,0.17701015441382567,0.17434023248326808,-0.002669921930557595,0.9821428571428571,0.8482142857142857,-0.1339285714285714
993,412,6628,102,0.902331849074291,0.9076619615054112,0.005330112431120249,0.16897874216015993,0.16164690562968304,-0.007331836530476893,0.9803921568627451,0.9607843137254902,-0.019607843137254832
994,412,6542,102,0.8948361953477043,0.8835350444525637,-0.01130115089514061,0.12190594837432864,0.12707205969751353,0.0051661113231848965,0.9607843137254902,0.8627450980392157,-0.0980392156862745
995,412,6644,112,0.8989917767474411,0.9037335425597061,0.004741765812264931,0.2014135304647846,0.18003712883342232,-0.021376401631362285,0.9821428571428571,0.9107142857142857,-0.0714285714285714
996,412,6638,89,0.8889803915513304,0.886141807394902,-0.0028385841564283476,0.13882735292865123,0.1450404444291991,0.006213091500547885,0.9662921348314607,0.8764044943820225,-0.0898876404494382
997,412,6222,118,0.902711753337628,0.8982939778305974,-0.004417775507030597,0.17554778941717733,0.15824407242473074,-0.017303716992446594,0.9745762711864406,0.9067796610169492,-0.06779661016949146
998,412,6546,117,0.9025848419222194,0.9054949992887463,0.0029101573665268887,0.23927122839654483,0.20886421596750535,-0.03040701242903948,0.9658119658119658,0.8974358974358975,-0.06837606837606836
999,412,6524,103,0.9041736535004226,0.9020673971782516,-0.002106256322170985,0.17699787200158543,0.17935764030589235,0.002359768304306925,0.9805825242718447,0.8932038834951457,-0.08737864077669899
1000,412,6494,107,0.8702021776125277,0.8778805956608706,0.007678418048342905,0.11191067971165133,0.12053773744886159,0.008627057737210259,0.9439252336448598,0.8504672897196262,-0.09345794392523366
